2026-05-27T01:52:56.702Z | REQUEST  | POST | http://127.0.0.1:5000/api/dashboard/query
2026-05-27T01:52:56.704Z | REQUEST  | POST | http://127.0.0.1:5000/api/dashboard/query
2026-05-27T01:52:56.705Z | REQUEST  | POST | http://127.0.0.1:5000/api/dashboard/query
2026-05-27T01:52:56.706Z | REQUEST  | POST | http://127.0.0.1:5000/api/dashboard/query
2026-05-27T01:52:56.707Z | REQUEST  | POST | http://127.0.0.1:5000/api/dashboard/query
2026-05-27T01:52:56.708Z | REQUEST  | POST | http://127.0.0.1:5000/api/dashboard/query
2026-05-27T01:52:56.710Z | REQUEST  | POST | http://127.0.0.1:5000/api/dashboard/query
2026-05-27T01:52:56.711Z | REQUEST  | POST | http://127.0.0.1:5000/api/dashboard/query
2026-05-27T01:52:56.712Z | REQUEST  | POST | http://127.0.0.1:5000/api/dashboard/query
2026-05-27T01:52:56.713Z | REQUEST  | POST | http://127.0.0.1:5000/api/dashboard/query
2026-05-27T01:52:56.714Z | REQUEST  | POST | http://127.0.0.1:5000/api/dashboard/query
2026-05-27T01:52:56.718Z | REQUEST  | POST | http://127.0.0.1:5000/api/dashboard/query
2026-05-27T01:52:56.719Z | REQUEST  | POST | http://127.0.0.1:5000/api/dashboard/query
2026-05-27T01:52:56.720Z | REQUEST  | POST | http://127.0.0.1:5000/api/dashboard/query
2026-05-27T01:52:56.721Z | REQUEST  | POST | http://127.0.0.1:5000/api/dashboard/query
2026-05-27T01:52:56.722Z | REQUEST  | POST | http://127.0.0.1:5000/api/dashboard/query
2026-05-27T01:52:56.724Z | REQUEST  | POST | http://127.0.0.1:5000/api/dashboard/query
2026-05-27T01:52:56.726Z | REQUEST  | POST | http://127.0.0.1:5000/api/dashboard/query
2026-05-27T01:52:56.727Z | REQUEST  | POST | http://127.0.0.1:5000/api/dashboard/query
2026-05-27T01:52:57.573Z | RESPONSE | POST | http://127.0.0.1:5000/api/dashboard/query | 200 | ok=true | duration_ms=868 | {
  "data": [
    {
      "nb_ventes_jour": 0
    }
  ],
  "name": "kpi_nb_ventes_jour",
  "success": true
}
2026-05-27T01:52:57.579Z | RESPONSE | POST | http://127.0.0.1:5000/api/dashboard/query | 200 | ok=true | duration_ms=870 | {
  "data": [
    {
      "valeur_stock": "620342.44"
    }
  ],
  "name": "kpi_valeur_stock",
  "success": true
}
2026-05-27T01:52:57.582Z | RESPONSE | POST | http://127.0.0.1:5000/api/dashboard/query | 200 | ok=true | duration_ms=878 | {
  "data": [
    {
      "ca_jour": "0.00"
    }
  ],
  "name": "kpi_ca_jour",
  "success": true
}
2026-05-27T01:52:57.589Z | RESPONSE | POST | http://127.0.0.1:5000/api/dashboard/query | 200 | ok=true | duration_ms=883 | {
  "data": [
    {
      "nb_alertes_stock": 2
    }
  ],
  "name": "kpi_nb_alertes_stock",
  "success": true
}
2026-05-27T01:52:57.598Z | RESPONSE | POST | http://127.0.0.1:5000/api/dashboard/query | 200 | ok=true | duration_ms=889 | {
  "data": [
    {
      "ca_ytd": "266619.25"
    }
  ],
  "name": "kpi_ca_ytd",
  "success": true
}
2026-05-27T01:52:57.620Z | RESPONSE | POST | http://127.0.0.1:5000/api/dashboard/query | 200 | ok=true | duration_ms=910 | {
  "data": [
    {
      "nb_produits_expires_en_stock": 9
    }
  ],
  "name": "kpi_nb_produits_expires_en_stock",
  "success": true
}
2026-05-27T01:52:57.626Z | RESPONSE | POST | http://127.0.0.1:5000/api/dashboard/query | 200 | ok=true | duration_ms=920 | {
  "data": [
    {
      "nb_produits_actifs": 71
    }
  ],
  "name": "kpi_nb_produits_actifs",
  "success": true
}
2026-05-27T01:52:57.639Z | RESPONSE | POST | http://127.0.0.1:5000/api/dashboard/query | 200 | ok=true | duration_ms=926 | {
  "data": [
    {
      "nb_fournisseurs_30j": 11
    }
  ],
  "name": "kpi_nb_fournisseurs_30j",
  "success": true
}
2026-05-27T01:52:57.648Z | RESPONSE | POST | http://127.0.0.1:5000/api/dashboard/query | 200 | ok=true | duration_ms=934 | {
  "data": [
    {
      "jour": "Sun, 26 Apr 2026 00:00:00 GMT",
      "total_vente": "1916.55"
    },
    {
      "jour": "Mon, 27 Apr 2026 00:00:00 GMT",
      "total_vente": "2666.03"
    },
    {
      "jour": "Tue, 28 Apr 2026 00:00:00 GMT",
      "total_vente": "2000.40"
    },
    {
      "jour": "Wed, 29 Apr 2026 00:00:00 GMT",
      "total_vente": "2529.48"
    },
    {
      "jour": "Thu, 30 Apr 2026 00:00:00 GMT",
      "total_vente": "1502.58"
    },
    {
      "jour": "Fri, 01 May 2026 00:00:00 GMT",
      "total_vente": "2230.75"
    },
    {
      "jour": "Sat, 02 May 2026 00:00:00 GMT",
      "total_vente": "2095.71"
    },
    {
      "jour": "Sun, 03 May 2026 00:00:00 GMT",
      "total_vente": "2318.96"
    },
    {
      "jour": "Mon, 04 May 2026 00:00:00 GMT",
      "total_vente": "2089.74"
    },
    {
      "jour": "Tue, 05 May 2026 00:00:00 GMT",
      "total_vente": "2532.12"
    },
    {
      "jour": "Wed, 06 May 2026 00:00:00 GMT",
      "total_vente": "1445.58"
    },
    {
      "jour": "Thu, 07 May 2026 00:00:00 GMT",
      "total_vente": "1540.63"
    },
    {
      "jour": "Fri, 08 May 2026 00:00:00 GMT",
      "total_vente": "2080.79"
    },
    {
      "jour": "Sat, 09 May 2026 00:00:00 GMT",
      "total_vente": "2059.25"
    },
    {
      "jour": "Sun, 10 May 2026 00:00:00 GMT",
      "total_vente": "37.98"
    }
  ],
  "name": "chart_ventes_30j",
  "success": true
}
2026-05-27T01:52:57.673Z | RESPONSE | POST | http://127.0.0.1:5000/api/dashboard/query | 200 | ok=true | duration_ms=956 | {
  "data": [
    {
      "ca_mois": "63233.51",
      "mois": "2026-01"
    },
    {
      "ca_mois": "60575.48",
      "mois": "2026-02"
    },
    {
      "ca_mois": "62859.59",
      "mois": "2026-03"
    },
    {
      "ca_mois": "61519.16",
      "mois": "2026-04"
    },
    {
      "ca_mois": "18431.51",
      "mois": "2026-05"
    }
  ],
  "name": "chart_ca_mensuel_ytd",
  "success": true
}
2026-05-27T01:52:57.687Z | RESPONSE | POST | http://127.0.0.1:5000/api/dashboard/query | 200 | ok=true | duration_ms=976 | {
  "data": [
    {
      "marge_brute_30j": "10459.42"
    }
  ],
  "name": "kpi_marge_brute_30j",
  "success": true
}
2026-05-27T01:52:57.706Z | RESPONSE | POST | http://127.0.0.1:5000/api/dashboard/query | 200 | ok=true | duration_ms=987 | {
  "data": [
    {
      "an_semaine": 202610,
      "ca_semaine": "12137.20",
      "debut_semaine": "Tue, 03 Mar 2026 00:00:00 GMT"
    },
    {
      "an_semaine": 202611,
      "ca_semaine": "13576.82",
      "debut_semaine": "Mon, 09 Mar 2026 00:00:00 GMT"
    },
    {
      "an_semaine": 202612,
      "ca_semaine": "14477.86",
      "debut_semaine": "Mon, 16 Mar 2026 00:00:00 GMT"
    },
    {
      "an_semaine": 202613,
      "ca_semaine": "15199.71",
      "debut_semaine": "Mon, 23 Mar 2026 00:00:00 GMT"
    },
    {
      "an_semaine": 202614,
      "ca_semaine": "12756.89",
      "debut_semaine": "Mon, 30 Mar 2026 00:00:00 GMT"
    },
    {
      "an_semaine": 202615,
      "ca_semaine": "15379.94",
      "debut_semaine": "Mon, 06 Apr 2026 00:00:00 GMT"
    },
    {
      "an_semaine": 202616,
      "ca_semaine": "13619.62",
      "debut_semaine": "Mon, 13 Apr 2026 00:00:00 GMT"
    },
    {
      "an_semaine": 202617,
      "ca_semaine": "13937.14",
      "debut_semaine": "Mon, 20 Apr 2026 00:00:00 GMT"
    },
    {
      "an_semaine": 202618,
      "ca_semaine": "15343.91",
      "debut_semaine": "Mon, 27 Apr 2026 00:00:00 GMT"
    },
    {
      "an_semaine": 202619,
      "ca_semaine": "11786.09",
      "debut_semaine": "Mon, 04 May 2026 00:00:00 GMT"
    }
  ],
  "name": "chart_ca_par_semaine_12",
  "success": true
}
2026-05-27T01:52:57.720Z | RESPONSE | POST | http://127.0.0.1:5000/api/dashboard/query | 200 | ok=true | duration_ms=999 | {
  "data": [
    {
      "produit": "Pseudoephedrine 30 mg",
      "total_vendu": "87"
    },
    {
      "produit": "Solution lentilles 360 ml",
      "total_vendu": "87"
    },
    {
      "produit": "Compresses st\u251c\u00aeriles",
      "total_vendu": "76"
    },
    {
      "produit": "Gouttes yeux secs 15 ml",
      "total_vendu": "72"
    },
    {
      "produit": "Solution acn\u251c\u00ae benzoyle",
      "total_vendu": "68"
    }
  ],
  "name": "top5_produits_30j",
  "success": true
}
2026-05-27T01:52:57.723Z | RESPONSE | POST | http://127.0.0.1:5000/api/dashboard/query | 200 | ok=true | duration_ms=1002 | {
  "data": [
    {
      "ca": "6398.01",
      "category": "Vitamines"
    },
    {
      "ca": "5072.21",
      "category": "Rhume et grippe"
    },
    {
      "ca": "5067.45",
      "category": "Soins oculaires"
    },
    {
      "ca": "4538.03",
      "category": "Premiers soins"
    },
    {
      "ca": "3697.51",
      "category": "Digestif"
    },
    {
      "ca": "3595.09",
      "category": "Mat\u251c\u00aeriel m\u251c\u00aedical"
    },
    {
      "ca": "3424.55",
      "category": "Dermatologie"
    },
    {
      "ca": "3273.67",
      "category": "Protection"
    },
    {
      "ca": "2913.52",
      "category": "Respiratoire"
    },
    {
      "ca": "2856.34",
      "category": "Diab\u251c\u00bfte"
    },
    {
      "ca": "2515.21",
      "category": "Douleurs musculaires"
    },
    {
      "ca": "2467.94",
      "category": "Allergies"
    },
    {
      "ca": "2215.35",
      "category": "Soins peau"
    },
    {
      "ca": "1540.26",
      "category": "Sommeil"
    },
    {
      "ca": "1461.46",
      "category": "Analgesiques"
    },
    {
      "ca": "1289.26",
      "category": "Bucco-dentaire"
    },
    {
      "ca": "1125.72",
      "category": "Sport sant\u251c\u00ae"
    },
    {
      "ca": "969.70",
      "category": "Soins cheveux"
    },
    {
      "ca": "581.32",
      "category": "Cardio"
    },
    {
      "ca": "313.12",
      "category": "Sant\u251c\u00ae familiale"
    },
    {
      "ca": "152.85",
      "category": "Soins nasaux"
    }
  ],
  "name": "repartition_categorie_30j",
  "success": true
}
2026-05-27T01:52:57.731Z | RESPONSE | POST | http://127.0.0.1:5000/api/dashboard/query | 200 | ok=true | duration_ms=1009 | {
  "data": [
    {
      "fournisseur": "GlobalCare Supplies",
      "total_achat": "24229.34"
    },
    {
      "fournisseur": "PharmaNord Distribution",
      "total_achat": "8458.32"
    },
    {
      "fournisseur": "Vitalis Grossiste",
      "total_achat": "7106.14"
    },
    {
      "fournisseur": "Alliance Pharma QC",
      "total_achat": "5064.98"
    },
    {
      "fournisseur": "OmniHealth Supply",
      "total_achat": "4885.20"
    },
    {
      "fournisseur": "BioPharm Montr\u251c\u00aeal",
      "total_achat": "4292.91"
    },
    {
      "fournisseur": "MedExpress Import",
      "total_achat": "3470.72"
    }
  ],
  "name": "chart_top_fournisseurs_30j",
  "success": true
}
2026-05-27T01:52:57.740Z | RESPONSE | POST | http://127.0.0.1:5000/api/dashboard/query | 200 | ok=true | duration_ms=1017 | {
  "data": [
    {
      "date_expiration": "01-06-2026",
      "produit": "Amoxicilline 500mg",
      "quantite": 78
    }
  ],
  "name": "alertes_expiration_30j",
  "success": true
}
2026-05-27T01:52:57.767Z | RESPONSE | POST | http://127.0.0.1:5000/api/dashboard/query | 200 | ok=true | duration_ms=1042 | {
  "data": [
    {
      "produit": "Sirop Toux",
      "seuil": 700,
      "total_stock": "129"
    },
    {
      "produit": "Amoxicilline 500mg",
      "seuil": 700,
      "total_stock": "315"
    }
  ],
  "name": "stock_bas",
  "success": true
}
2026-05-27T01:52:57.770Z | RESPONSE | POST | http://127.0.0.1:5000/api/dashboard/query | 200 | ok=true | duration_ms=1044 | {
  "data": [
    {
      "produit": "Vitamine C 500 mg",
      "total_stock": "2710"
    },
    {
      "produit": "Peroxyde hydrog\u251c\u00bfne 3%",
      "total_stock": "2635"
    },
    {
      "produit": "Sirop toux s\u251c\u00bfche 150 ml",
      "total_stock": "2394"
    },
    {
      "produit": "Gouttes anti-allergies 10 ml",
      "total_stock": "2316"
    },
    {
      "produit": "Masques m\u251c\u00aedicaux bo\u251c\u00abte 50",
      "total_stock": "2264"
    },
    {
      "produit": "Pseudoephedrine 30 mg",
      "total_stock": "2170"
    },
    {
      "produit": "Tensiom\u251c\u00bftre poignet",
      "total_stock": "2132"
    },
    {
      "produit": "Inhalateur vapeur",
      "total_stock": "2112"
    },
    {
      "produit": "Solution lentilles 360 ml",
      "total_stock": "2055"
    },
    {
      "produit": "Multivitamines adultes",
      "total_stock": "2032"
    },
    {
      "produit": "Solution acn\u251c\u00ae benzoyle",
      "total_stock": "1974"
    },
    {
      "produit": "Calcium 500 mg",
      "total_stock": "1943"
    },
    {
      "produit": "Pansements assortis",
      "total_stock": "1818"
    },
    {
      "produit": "Lancettes universelles",
      "total_stock": "1816"
    },
    {
      "produit": "Electrolytes sport",
      "total_stock": "1810"
    },
    {
      "produit": "Hydratant peau sensible",
      "total_stock": "1774"
    },
    {
      "produit": "Gouttes yeux secs 15 ml",
      "total_stock": "1748"
    },
    {
      "produit": "Compresses st\u251c\u00aeriles",
      "total_stock": "1741"
    },
    {
      "produit": "Cetirizine 10 mg",
      "total_stock": "1578"
    },
    {
      "produit": "Cr\u251c\u00bfme douleur musculaire",
      "total_stock": "1522"
    },
    {
      "produit": "M\u251c\u00aelatonine 3 mg",
      "total_stock": "1516"
    },
    {
      "produit": "Rince-bouche antiseptique",
      "total_stock": "1509"
    },
    {
      "produit": "Loratadine 10 mg",
      "total_stock": "
2026-05-27T01:52:57.783Z | RESPONSE | POST | http://127.0.0.1:5000/api/dashboard/query | 200 | ok=true | duration_ms=1055 | {
  "data": [
    {
      "ca": "2197.90",
      "jour": "Fri, 27 Mar 2026 00:00:00 GMT",
      "sma7": "2197.900000"
    },
    {
      "ca": "2365.07",
      "jour": "Sat, 28 Mar 2026 00:00:00 GMT",
      "sma7": "2281.485000"
    },
    {
      "ca": "2305.02",
      "jour": "Sun, 29 Mar 2026 00:00:00 GMT",
      "sma7": "2289.330000"
    },
    {
      "ca": "1615.64",
      "jour": "Mon, 30 Mar 2026 00:00:00 GMT",
      "sma7": "2120.907500"
    },
    {
      "ca": "1257.28",
      "jour": "Tue, 31 Mar 2026 00:00:00 GMT",
      "sma7": "1948.182000"
    },
    {
      "ca": "1369.67",
      "jour": "Wed, 01 Apr 2026 00:00:00 GMT",
      "sma7": "1851.763333"
    },
    {
      "ca": "2876.38",
      "jour": "Thu, 02 Apr 2026 00:00:00 GMT",
      "sma7": "1998.137143"
    },
    {
      "ca": "2317.15",
      "jour": "Fri, 03 Apr 2026 00:00:00 GMT",
      "sma7": "2015.172857"
    },
    {
      "ca": "1636.90",
      "jour": "Sat, 04 Apr 2026 00:00:00 GMT",
      "sma7": "1911.148571"
    },
    {
      "ca": "1683.87",
      "jour": "Sun, 05 Apr 2026 00:00:00 GMT",
      "sma7": "1822.412857"
    },
    {
      "ca": "2239.51",
      "jour": "Mon, 06 Apr 2026 00:00:00 GMT",
      "sma7": "1911.537143"
    },
    {
      "ca": "2276.06",
      "jour": "Tue, 07 Apr 2026 00:00:00 GMT",
      "sma7": "2057.077143"
    },
    {
      "ca": "2603.35",
      "jour": "Wed, 08 Apr 2026 00:00:00 GMT",
      "sma7": "2233.317143"
    },
    {
      "ca": "1839.21",
      "jour": "Thu, 09 Apr 2026 00:00:00 GMT",
      "sma7": "2085.150000"
    },
    {
      "ca": "2384.38",
      "jour": "Fri, 10 Apr 2026 00:00:00 GMT",
      "sma7": "2094.754286"
    },
    {
      "ca": "1791.95",
      "jour": "Sat, 11 Apr 2026 00:00:00 GMT",
      "sma7": "2116.904286"
    },
    {
      "ca": "2245.48",
      "jour": "Sun, 12 Apr 2026 00:00:00 GMT",
      "sma7": "2197.134286"
    },
    {
      "ca": "2045.71",
      "jour": "Mon, 13 Apr 2026 00:00:00 GMT",
      "sma7": "2169.448
2026-05-27T01:53:14.572Z | REQUEST  | POST | http://127.0.0.1:5000/api/dashboard/query
2026-05-27T01:53:14.574Z | REQUEST  | POST | http://127.0.0.1:5000/api/dashboard/query
2026-05-27T01:53:14.575Z | REQUEST  | POST | http://127.0.0.1:5000/api/dashboard/query
2026-05-27T01:53:14.576Z | REQUEST  | POST | http://127.0.0.1:5000/api/dashboard/query
2026-05-27T01:53:14.583Z | REQUEST  | POST | http://127.0.0.1:5000/api/dashboard/query
2026-05-27T01:53:14.585Z | REQUEST  | POST | http://127.0.0.1:5000/api/dashboard/query
2026-05-27T01:53:14.589Z | REQUEST  | POST | http://127.0.0.1:5000/api/dashboard/query
2026-05-27T01:53:14.593Z | REQUEST  | POST | http://127.0.0.1:5000/api/dashboard/query
2026-05-27T01:53:14.598Z | REQUEST  | POST | http://127.0.0.1:5000/api/dashboard/query
2026-05-27T01:53:14.600Z | REQUEST  | POST | http://127.0.0.1:5000/api/dashboard/query
2026-05-27T01:53:14.601Z | REQUEST  | POST | http://127.0.0.1:5000/api/dashboard/query
2026-05-27T01:53:14.602Z | REQUEST  | POST | http://127.0.0.1:5000/api/dashboard/query
2026-05-27T01:53:14.602Z | REQUEST  | POST | http://127.0.0.1:5000/api/dashboard/query
2026-05-27T01:53:14.603Z | REQUEST  | POST | http://127.0.0.1:5000/api/dashboard/query
2026-05-27T01:53:14.604Z | REQUEST  | POST | http://127.0.0.1:5000/api/dashboard/query
2026-05-27T01:53:14.605Z | REQUEST  | POST | http://127.0.0.1:5000/api/dashboard/query
2026-05-27T01:53:14.606Z | REQUEST  | POST | http://127.0.0.1:5000/api/dashboard/query
2026-05-27T01:53:14.608Z | REQUEST  | POST | http://127.0.0.1:5000/api/dashboard/query
2026-05-27T01:53:14.610Z | REQUEST  | POST | http://127.0.0.1:5000/api/dashboard/query
2026-05-27T01:53:14.804Z | RESPONSE | POST | http://127.0.0.1:5000/api/dashboard/query | 200 | ok=true | duration_ms=219 | {
  "data": [
    {
      "ca_ytd": "266619.25"
    }
  ],
  "name": "kpi_ca_ytd",
  "success": true
}
2026-05-27T01:53:14.824Z | RESPONSE | POST | http://127.0.0.1:5000/api/dashboard/query | 200 | ok=true | duration_ms=231 | {
  "data": [
    {
      "valeur_stock": "620342.44"
    }
  ],
  "name": "kpi_valeur_stock",
  "success": true
}
2026-05-27T01:53:14.976Z | RESPONSE | POST | http://127.0.0.1:5000/api/dashboard/query | 200 | ok=true | duration_ms=398 | {
  "data": [
    {
      "nb_produits_actifs": 71
    }
  ],
  "name": "kpi_nb_produits_actifs",
  "success": true
}
2026-05-27T01:53:15.063Z | RESPONSE | POST | http://127.0.0.1:5000/api/dashboard/query | 200 | ok=true | duration_ms=485 | {
  "data": [
    {
      "nb_alertes_stock": 2
    }
  ],
  "name": "kpi_nb_alertes_stock",
  "success": true
}
2026-05-27T01:53:15.088Z | RESPONSE | POST | http://127.0.0.1:5000/api/dashboard/query | 200 | ok=true | duration_ms=505 | {
  "data": [
    {
      "nb_ventes_jour": 0
    }
  ],
  "name": "kpi_nb_ventes_jour",
  "success": true
}
2026-05-27T01:53:15.162Z | RESPONSE | POST | http://127.0.0.1:5000/api/dashboard/query | 200 | ok=true | duration_ms=587 | {
  "data": [
    {
      "ca_jour": "0.00"
    }
  ],
  "name": "kpi_ca_jour",
  "success": true
}
2026-05-27T01:53:15.213Z | RESPONSE | POST | http://127.0.0.1:5000/api/dashboard/query | 200 | ok=true | duration_ms=622 | {
  "data": [
    {
      "nb_produits_expires_en_stock": 9
    }
  ],
  "name": "kpi_nb_produits_expires_en_stock",
  "success": true
}
2026-05-27T01:53:15.318Z | RESPONSE | POST | http://127.0.0.1:5000/api/dashboard/query | 200 | ok=true | duration_ms=723 | {
  "data": [
    {
      "marge_brute_30j": "10459.42"
    }
  ],
  "name": "kpi_marge_brute_30j",
  "success": true
}
2026-05-27T01:53:15.325Z | RESPONSE | POST | http://127.0.0.1:5000/api/dashboard/query | 200 | ok=true | duration_ms=725 | {
  "data": [
    {
      "nb_fournisseurs_30j": 11
    }
  ],
  "name": "kpi_nb_fournisseurs_30j",
  "success": true
}
2026-05-27T01:53:15.356Z | RESPONSE | POST | http://127.0.0.1:5000/api/dashboard/query | 200 | ok=true | duration_ms=755 | {
  "data": [
    {
      "jour": "Sun, 26 Apr 2026 00:00:00 GMT",
      "total_vente": "1916.55"
    },
    {
      "jour": "Mon, 27 Apr 2026 00:00:00 GMT",
      "total_vente": "2666.03"
    },
    {
      "jour": "Tue, 28 Apr 2026 00:00:00 GMT",
      "total_vente": "2000.40"
    },
    {
      "jour": "Wed, 29 Apr 2026 00:00:00 GMT",
      "total_vente": "2529.48"
    },
    {
      "jour": "Thu, 30 Apr 2026 00:00:00 GMT",
      "total_vente": "1502.58"
    },
    {
      "jour": "Fri, 01 May 2026 00:00:00 GMT",
      "total_vente": "2230.75"
    },
    {
      "jour": "Sat, 02 May 2026 00:00:00 GMT",
      "total_vente": "2095.71"
    },
    {
      "jour": "Sun, 03 May 2026 00:00:00 GMT",
      "total_vente": "2318.96"
    },
    {
      "jour": "Mon, 04 May 2026 00:00:00 GMT",
      "total_vente": "2089.74"
    },
    {
      "jour": "Tue, 05 May 2026 00:00:00 GMT",
      "total_vente": "2532.12"
    },
    {
      "jour": "Wed, 06 May 2026 00:00:00 GMT",
      "total_vente": "1445.58"
    },
    {
      "jour": "Thu, 07 May 2026 00:00:00 GMT",
      "total_vente": "1540.63"
    },
    {
      "jour": "Fri, 08 May 2026 00:00:00 GMT",
      "total_vente": "2080.79"
    },
    {
      "jour": "Sat, 09 May 2026 00:00:00 GMT",
      "total_vente": "2059.25"
    },
    {
      "jour": "Sun, 10 May 2026 00:00:00 GMT",
      "total_vente": "37.98"
    }
  ],
  "name": "chart_ventes_30j",
  "success": true
}
2026-05-27T01:53:15.396Z | RESPONSE | POST | http://127.0.0.1:5000/api/dashboard/query | 200 | ok=true | duration_ms=793 | {
  "data": [
    {
      "ca_mois": "63233.51",
      "mois": "2026-01"
    },
    {
      "ca_mois": "60575.48",
      "mois": "2026-02"
    },
    {
      "ca_mois": "62859.59",
      "mois": "2026-03"
    },
    {
      "ca_mois": "61519.16",
      "mois": "2026-04"
    },
    {
      "ca_mois": "18431.51",
      "mois": "2026-05"
    }
  ],
  "name": "chart_ca_mensuel_ytd",
  "success": true
}
2026-05-27T01:53:15.410Z | RESPONSE | POST | http://127.0.0.1:5000/api/dashboard/query | 200 | ok=true | duration_ms=807 | {
  "data": [
    {
      "an_semaine": 202610,
      "ca_semaine": "12137.20",
      "debut_semaine": "Tue, 03 Mar 2026 00:00:00 GMT"
    },
    {
      "an_semaine": 202611,
      "ca_semaine": "13576.82",
      "debut_semaine": "Mon, 09 Mar 2026 00:00:00 GMT"
    },
    {
      "an_semaine": 202612,
      "ca_semaine": "14477.86",
      "debut_semaine": "Mon, 16 Mar 2026 00:00:00 GMT"
    },
    {
      "an_semaine": 202613,
      "ca_semaine": "15199.71",
      "debut_semaine": "Mon, 23 Mar 2026 00:00:00 GMT"
    },
    {
      "an_semaine": 202614,
      "ca_semaine": "12756.89",
      "debut_semaine": "Mon, 30 Mar 2026 00:00:00 GMT"
    },
    {
      "an_semaine": 202615,
      "ca_semaine": "15379.94",
      "debut_semaine": "Mon, 06 Apr 2026 00:00:00 GMT"
    },
    {
      "an_semaine": 202616,
      "ca_semaine": "13619.62",
      "debut_semaine": "Mon, 13 Apr 2026 00:00:00 GMT"
    },
    {
      "an_semaine": 202617,
      "ca_semaine": "13937.14",
      "debut_semaine": "Mon, 20 Apr 2026 00:00:00 GMT"
    },
    {
      "an_semaine": 202618,
      "ca_semaine": "15343.91",
      "debut_semaine": "Mon, 27 Apr 2026 00:00:00 GMT"
    },
    {
      "an_semaine": 202619,
      "ca_semaine": "11786.09",
      "debut_semaine": "Mon, 04 May 2026 00:00:00 GMT"
    }
  ],
  "name": "chart_ca_par_semaine_12",
  "success": true
}
2026-05-27T01:53:15.451Z | RESPONSE | POST | http://127.0.0.1:5000/api/dashboard/query | 200 | ok=true | duration_ms=847 | {
  "data": [
    {
      "produit": "Pseudoephedrine 30 mg",
      "total_vendu": "87"
    },
    {
      "produit": "Solution lentilles 360 ml",
      "total_vendu": "87"
    },
    {
      "produit": "Compresses st\u251c\u00aeriles",
      "total_vendu": "76"
    },
    {
      "produit": "Gouttes yeux secs 15 ml",
      "total_vendu": "72"
    },
    {
      "produit": "Solution acn\u251c\u00ae benzoyle",
      "total_vendu": "68"
    }
  ],
  "name": "top5_produits_30j",
  "success": true
}
2026-05-27T01:53:15.476Z | RESPONSE | POST | http://127.0.0.1:5000/api/dashboard/query | 200 | ok=true | duration_ms=872 | {
  "data": [
    {
      "ca": "6398.01",
      "category": "Vitamines"
    },
    {
      "ca": "5072.21",
      "category": "Rhume et grippe"
    },
    {
      "ca": "5067.45",
      "category": "Soins oculaires"
    },
    {
      "ca": "4538.03",
      "category": "Premiers soins"
    },
    {
      "ca": "3697.51",
      "category": "Digestif"
    },
    {
      "ca": "3595.09",
      "category": "Mat\u251c\u00aeriel m\u251c\u00aedical"
    },
    {
      "ca": "3424.55",
      "category": "Dermatologie"
    },
    {
      "ca": "3273.67",
      "category": "Protection"
    },
    {
      "ca": "2913.52",
      "category": "Respiratoire"
    },
    {
      "ca": "2856.34",
      "category": "Diab\u251c\u00bfte"
    },
    {
      "ca": "2515.21",
      "category": "Douleurs musculaires"
    },
    {
      "ca": "2467.94",
      "category": "Allergies"
    },
    {
      "ca": "2215.35",
      "category": "Soins peau"
    },
    {
      "ca": "1540.26",
      "category": "Sommeil"
    },
    {
      "ca": "1461.46",
      "category": "Analgesiques"
    },
    {
      "ca": "1289.26",
      "category": "Bucco-dentaire"
    },
    {
      "ca": "1125.72",
      "category": "Sport sant\u251c\u00ae"
    },
    {
      "ca": "969.70",
      "category": "Soins cheveux"
    },
    {
      "ca": "581.32",
      "category": "Cardio"
    },
    {
      "ca": "313.12",
      "category": "Sant\u251c\u00ae familiale"
    },
    {
      "ca": "152.85",
      "category": "Soins nasaux"
    }
  ],
  "name": "repartition_categorie_30j",
  "success": true
}
2026-05-27T01:53:15.491Z | RESPONSE | POST | http://127.0.0.1:5000/api/dashboard/query | 200 | ok=true | duration_ms=886 | {
  "data": [
    {
      "fournisseur": "GlobalCare Supplies",
      "total_achat": "24229.34"
    },
    {
      "fournisseur": "PharmaNord Distribution",
      "total_achat": "8458.32"
    },
    {
      "fournisseur": "Vitalis Grossiste",
      "total_achat": "7106.14"
    },
    {
      "fournisseur": "Alliance Pharma QC",
      "total_achat": "5064.98"
    },
    {
      "fournisseur": "OmniHealth Supply",
      "total_achat": "4885.20"
    },
    {
      "fournisseur": "BioPharm Montr\u251c\u00aeal",
      "total_achat": "4292.91"
    },
    {
      "fournisseur": "MedExpress Import",
      "total_achat": "3470.72"
    }
  ],
  "name": "chart_top_fournisseurs_30j",
  "success": true
}
2026-05-27T01:53:15.500Z | RESPONSE | POST | http://127.0.0.1:5000/api/dashboard/query | 200 | ok=true | duration_ms=895 | {
  "data": [
    {
      "date_expiration": "01-06-2026",
      "produit": "Amoxicilline 500mg",
      "quantite": 78
    }
  ],
  "name": "alertes_expiration_30j",
  "success": true
}
2026-05-27T01:53:15.550Z | RESPONSE | POST | http://127.0.0.1:5000/api/dashboard/query | 200 | ok=true | duration_ms=943 | {
  "data": [
    {
      "produit": "Sirop Toux",
      "seuil": 700,
      "total_stock": "129"
    },
    {
      "produit": "Amoxicilline 500mg",
      "seuil": 700,
      "total_stock": "315"
    }
  ],
  "name": "stock_bas",
  "success": true
}
2026-05-27T01:53:15.554Z | RESPONSE | POST | http://127.0.0.1:5000/api/dashboard/query | 200 | ok=true | duration_ms=945 | {
  "data": [
    {
      "produit": "Vitamine C 500 mg",
      "total_stock": "2710"
    },
    {
      "produit": "Peroxyde hydrog\u251c\u00bfne 3%",
      "total_stock": "2635"
    },
    {
      "produit": "Sirop toux s\u251c\u00bfche 150 ml",
      "total_stock": "2394"
    },
    {
      "produit": "Gouttes anti-allergies 10 ml",
      "total_stock": "2316"
    },
    {
      "produit": "Masques m\u251c\u00aedicaux bo\u251c\u00abte 50",
      "total_stock": "2264"
    },
    {
      "produit": "Pseudoephedrine 30 mg",
      "total_stock": "2170"
    },
    {
      "produit": "Tensiom\u251c\u00bftre poignet",
      "total_stock": "2132"
    },
    {
      "produit": "Inhalateur vapeur",
      "total_stock": "2112"
    },
    {
      "produit": "Solution lentilles 360 ml",
      "total_stock": "2055"
    },
    {
      "produit": "Multivitamines adultes",
      "total_stock": "2032"
    },
    {
      "produit": "Solution acn\u251c\u00ae benzoyle",
      "total_stock": "1974"
    },
    {
      "produit": "Calcium 500 mg",
      "total_stock": "1943"
    },
    {
      "produit": "Pansements assortis",
      "total_stock": "1818"
    },
    {
      "produit": "Lancettes universelles",
      "total_stock": "1816"
    },
    {
      "produit": "Electrolytes sport",
      "total_stock": "1810"
    },
    {
      "produit": "Hydratant peau sensible",
      "total_stock": "1774"
    },
    {
      "produit": "Gouttes yeux secs 15 ml",
      "total_stock": "1748"
    },
    {
      "produit": "Compresses st\u251c\u00aeriles",
      "total_stock": "1741"
    },
    {
      "produit": "Cetirizine 10 mg",
      "total_stock": "1578"
    },
    {
      "produit": "Cr\u251c\u00bfme douleur musculaire",
      "total_stock": "1522"
    },
    {
      "produit": "M\u251c\u00aelatonine 3 mg",
      "total_stock": "1516"
    },
    {
      "produit": "Rince-bouche antiseptique",
      "total_stock": "1509"
    },
    {
      "produit": "Loratadine 10 mg",
      "total_stock": "
2026-05-27T01:53:15.571Z | RESPONSE | POST | http://127.0.0.1:5000/api/dashboard/query | 200 | ok=true | duration_ms=961 | {
  "data": [
    {
      "ca": "2197.90",
      "jour": "Fri, 27 Mar 2026 00:00:00 GMT",
      "sma7": "2197.900000"
    },
    {
      "ca": "2365.07",
      "jour": "Sat, 28 Mar 2026 00:00:00 GMT",
      "sma7": "2281.485000"
    },
    {
      "ca": "2305.02",
      "jour": "Sun, 29 Mar 2026 00:00:00 GMT",
      "sma7": "2289.330000"
    },
    {
      "ca": "1615.64",
      "jour": "Mon, 30 Mar 2026 00:00:00 GMT",
      "sma7": "2120.907500"
    },
    {
      "ca": "1257.28",
      "jour": "Tue, 31 Mar 2026 00:00:00 GMT",
      "sma7": "1948.182000"
    },
    {
      "ca": "1369.67",
      "jour": "Wed, 01 Apr 2026 00:00:00 GMT",
      "sma7": "1851.763333"
    },
    {
      "ca": "2876.38",
      "jour": "Thu, 02 Apr 2026 00:00:00 GMT",
      "sma7": "1998.137143"
    },
    {
      "ca": "2317.15",
      "jour": "Fri, 03 Apr 2026 00:00:00 GMT",
      "sma7": "2015.172857"
    },
    {
      "ca": "1636.90",
      "jour": "Sat, 04 Apr 2026 00:00:00 GMT",
      "sma7": "1911.148571"
    },
    {
      "ca": "1683.87",
      "jour": "Sun, 05 Apr 2026 00:00:00 GMT",
      "sma7": "1822.412857"
    },
    {
      "ca": "2239.51",
      "jour": "Mon, 06 Apr 2026 00:00:00 GMT",
      "sma7": "1911.537143"
    },
    {
      "ca": "2276.06",
      "jour": "Tue, 07 Apr 2026 00:00:00 GMT",
      "sma7": "2057.077143"
    },
    {
      "ca": "2603.35",
      "jour": "Wed, 08 Apr 2026 00:00:00 GMT",
      "sma7": "2233.317143"
    },
    {
      "ca": "1839.21",
      "jour": "Thu, 09 Apr 2026 00:00:00 GMT",
      "sma7": "2085.150000"
    },
    {
      "ca": "2384.38",
      "jour": "Fri, 10 Apr 2026 00:00:00 GMT",
      "sma7": "2094.754286"
    },
    {
      "ca": "1791.95",
      "jour": "Sat, 11 Apr 2026 00:00:00 GMT",
      "sma7": "2116.904286"
    },
    {
      "ca": "2245.48",
      "jour": "Sun, 12 Apr 2026 00:00:00 GMT",
      "sma7": "2197.134286"
    },
    {
      "ca": "2045.71",
      "jour": "Mon, 13 Apr 2026 00:00:00 GMT",
      "sma7": "2169.448
2026-05-27T01:53:32.473Z | REQUEST  | POST | http://127.0.0.1:5000/api/dashboard/query
2026-05-27T01:53:32.474Z | REQUEST  | POST | http://127.0.0.1:5000/api/dashboard/query
2026-05-27T01:53:32.475Z | REQUEST  | POST | http://127.0.0.1:5000/api/dashboard/query
2026-05-27T01:53:32.476Z | REQUEST  | POST | http://127.0.0.1:5000/api/dashboard/query
2026-05-27T01:53:32.477Z | REQUEST  | POST | http://127.0.0.1:5000/api/dashboard/query
2026-05-27T01:53:32.479Z | REQUEST  | POST | http://127.0.0.1:5000/api/dashboard/query
2026-05-27T01:53:32.480Z | REQUEST  | POST | http://127.0.0.1:5000/api/dashboard/query
2026-05-27T01:53:32.483Z | REQUEST  | POST | http://127.0.0.1:5000/api/dashboard/query
2026-05-27T01:53:32.484Z | REQUEST  | POST | http://127.0.0.1:5000/api/dashboard/query
2026-05-27T01:53:32.488Z | REQUEST  | POST | http://127.0.0.1:5000/api/dashboard/query
2026-05-27T01:53:32.493Z | REQUEST  | POST | http://127.0.0.1:5000/api/dashboard/query
2026-05-27T01:53:32.495Z | REQUEST  | POST | http://127.0.0.1:5000/api/dashboard/query
2026-05-27T01:53:32.502Z | REQUEST  | POST | http://127.0.0.1:5000/api/dashboard/query
2026-05-27T01:53:32.504Z | REQUEST  | POST | http://127.0.0.1:5000/api/dashboard/query
2026-05-27T01:53:32.510Z | REQUEST  | POST | http://127.0.0.1:5000/api/dashboard/query
2026-05-27T01:53:32.522Z | REQUEST  | POST | http://127.0.0.1:5000/api/dashboard/query
2026-05-27T01:53:32.524Z | REQUEST  | POST | http://127.0.0.1:5000/api/dashboard/query
2026-05-27T01:53:32.527Z | REQUEST  | POST | http://127.0.0.1:5000/api/dashboard/query
2026-05-27T01:53:32.529Z | REQUEST  | POST | http://127.0.0.1:5000/api/dashboard/query
2026-05-27T01:53:32.795Z | RESPONSE | POST | http://127.0.0.1:5000/api/dashboard/query | 200 | ok=true | duration_ms=275 | {
  "data": [
    {
      "ca_ytd": "266619.25"
    }
  ],
  "name": "kpi_ca_ytd",
  "success": true
}
2026-05-27T01:53:32.944Z | RESPONSE | POST | http://127.0.0.1:5000/api/dashboard/query | 200 | ok=true | duration_ms=465 | {
  "data": [
    {
      "valeur_stock": "620342.44"
    }
  ],
  "name": "kpi_valeur_stock",
  "success": true
}
2026-05-27T01:53:33.010Z | RESPONSE | POST | http://127.0.0.1:5000/api/dashboard/query | 200 | ok=true | duration_ms=532 | {
  "data": [
    {
      "nb_produits_actifs": 71
    }
  ],
  "name": "kpi_nb_produits_actifs",
  "success": true
}
2026-05-27T01:53:33.064Z | RESPONSE | POST | http://127.0.0.1:5000/api/dashboard/query | 200 | ok=true | duration_ms=588 | {
  "data": [
    {
      "nb_alertes_stock": 2
    }
  ],
  "name": "kpi_nb_alertes_stock",
  "success": true
}
2026-05-27T01:53:33.087Z | RESPONSE | POST | http://127.0.0.1:5000/api/dashboard/query | 200 | ok=true | duration_ms=611 | {
  "data": [
    {
      "nb_ventes_jour": 0
    }
  ],
  "name": "kpi_nb_ventes_jour",
  "success": true
}
2026-05-27T01:53:33.107Z | RESPONSE | POST | http://127.0.0.1:5000/api/dashboard/query | 200 | ok=true | duration_ms=633 | {
  "data": [
    {
      "ca_jour": "0.00"
    }
  ],
  "name": "kpi_ca_jour",
  "success": true
}
2026-05-27T01:53:33.126Z | RESPONSE | POST | http://127.0.0.1:5000/api/dashboard/query | 200 | ok=true | duration_ms=644 | {
  "data": [
    {
      "nb_produits_expires_en_stock": 9
    }
  ],
  "name": "kpi_nb_produits_expires_en_stock",
  "success": true
}
2026-05-27T01:53:33.170Z | RESPONSE | POST | http://127.0.0.1:5000/api/dashboard/query | 200 | ok=true | duration_ms=685 | {
  "data": [
    {
      "marge_brute_30j": "10459.42"
    }
  ],
  "name": "kpi_marge_brute_30j",
  "success": true
}
2026-05-27T01:53:33.178Z | RESPONSE | POST | http://127.0.0.1:5000/api/dashboard/query | 200 | ok=true | duration_ms=691 | {
  "data": [
    {
      "nb_fournisseurs_30j": 11
    }
  ],
  "name": "kpi_nb_fournisseurs_30j",
  "success": true
}
2026-05-27T01:53:33.206Z | RESPONSE | POST | http://127.0.0.1:5000/api/dashboard/query | 200 | ok=true | duration_ms=716 | {
  "data": [
    {
      "jour": "Sun, 26 Apr 2026 00:00:00 GMT",
      "total_vente": "1916.55"
    },
    {
      "jour": "Mon, 27 Apr 2026 00:00:00 GMT",
      "total_vente": "2666.03"
    },
    {
      "jour": "Tue, 28 Apr 2026 00:00:00 GMT",
      "total_vente": "2000.40"
    },
    {
      "jour": "Wed, 29 Apr 2026 00:00:00 GMT",
      "total_vente": "2529.48"
    },
    {
      "jour": "Thu, 30 Apr 2026 00:00:00 GMT",
      "total_vente": "1502.58"
    },
    {
      "jour": "Fri, 01 May 2026 00:00:00 GMT",
      "total_vente": "2230.75"
    },
    {
      "jour": "Sat, 02 May 2026 00:00:00 GMT",
      "total_vente": "2095.71"
    },
    {
      "jour": "Sun, 03 May 2026 00:00:00 GMT",
      "total_vente": "2318.96"
    },
    {
      "jour": "Mon, 04 May 2026 00:00:00 GMT",
      "total_vente": "2089.74"
    },
    {
      "jour": "Tue, 05 May 2026 00:00:00 GMT",
      "total_vente": "2532.12"
    },
    {
      "jour": "Wed, 06 May 2026 00:00:00 GMT",
      "total_vente": "1445.58"
    },
    {
      "jour": "Thu, 07 May 2026 00:00:00 GMT",
      "total_vente": "1540.63"
    },
    {
      "jour": "Fri, 08 May 2026 00:00:00 GMT",
      "total_vente": "2080.79"
    },
    {
      "jour": "Sat, 09 May 2026 00:00:00 GMT",
      "total_vente": "2059.25"
    },
    {
      "jour": "Sun, 10 May 2026 00:00:00 GMT",
      "total_vente": "37.98"
    }
  ],
  "name": "chart_ventes_30j",
  "success": true
}
2026-05-27T01:53:33.263Z | RESPONSE | POST | http://127.0.0.1:5000/api/dashboard/query | 200 | ok=true | duration_ms=769 | {
  "data": [
    {
      "ca_mois": "63233.51",
      "mois": "2026-01"
    },
    {
      "ca_mois": "60575.48",
      "mois": "2026-02"
    },
    {
      "ca_mois": "62859.59",
      "mois": "2026-03"
    },
    {
      "ca_mois": "61519.16",
      "mois": "2026-04"
    },
    {
      "ca_mois": "18431.51",
      "mois": "2026-05"
    }
  ],
  "name": "chart_ca_mensuel_ytd",
  "success": true
}
2026-05-27T01:53:33.297Z | RESPONSE | POST | http://127.0.0.1:5000/api/dashboard/query | 200 | ok=true | duration_ms=800 | {
  "data": [
    {
      "an_semaine": 202610,
      "ca_semaine": "12137.20",
      "debut_semaine": "Tue, 03 Mar 2026 00:00:00 GMT"
    },
    {
      "an_semaine": 202611,
      "ca_semaine": "13576.82",
      "debut_semaine": "Mon, 09 Mar 2026 00:00:00 GMT"
    },
    {
      "an_semaine": 202612,
      "ca_semaine": "14477.86",
      "debut_semaine": "Mon, 16 Mar 2026 00:00:00 GMT"
    },
    {
      "an_semaine": 202613,
      "ca_semaine": "15199.71",
      "debut_semaine": "Mon, 23 Mar 2026 00:00:00 GMT"
    },
    {
      "an_semaine": 202614,
      "ca_semaine": "12756.89",
      "debut_semaine": "Mon, 30 Mar 2026 00:00:00 GMT"
    },
    {
      "an_semaine": 202615,
      "ca_semaine": "15379.94",
      "debut_semaine": "Mon, 06 Apr 2026 00:00:00 GMT"
    },
    {
      "an_semaine": 202616,
      "ca_semaine": "13619.62",
      "debut_semaine": "Mon, 13 Apr 2026 00:00:00 GMT"
    },
    {
      "an_semaine": 202617,
      "ca_semaine": "13937.14",
      "debut_semaine": "Mon, 20 Apr 2026 00:00:00 GMT"
    },
    {
      "an_semaine": 202618,
      "ca_semaine": "15343.91",
      "debut_semaine": "Mon, 27 Apr 2026 00:00:00 GMT"
    },
    {
      "an_semaine": 202619,
      "ca_semaine": "11786.09",
      "debut_semaine": "Mon, 04 May 2026 00:00:00 GMT"
    }
  ],
  "name": "chart_ca_par_semaine_12",
  "success": true
}
2026-05-27T01:53:33.331Z | RESPONSE | POST | http://127.0.0.1:5000/api/dashboard/query | 200 | ok=true | duration_ms=827 | {
  "data": [
    {
      "produit": "Pseudoephedrine 30 mg",
      "total_vendu": "87"
    },
    {
      "produit": "Solution lentilles 360 ml",
      "total_vendu": "87"
    },
    {
      "produit": "Compresses st\u251c\u00aeriles",
      "total_vendu": "76"
    },
    {
      "produit": "Gouttes yeux secs 15 ml",
      "total_vendu": "72"
    },
    {
      "produit": "Solution acn\u251c\u00ae benzoyle",
      "total_vendu": "68"
    }
  ],
  "name": "top5_produits_30j",
  "success": true
}
2026-05-27T01:53:33.354Z | RESPONSE | POST | http://127.0.0.1:5000/api/dashboard/query | 200 | ok=true | duration_ms=849 | {
  "data": [
    {
      "ca": "6398.01",
      "category": "Vitamines"
    },
    {
      "ca": "5072.21",
      "category": "Rhume et grippe"
    },
    {
      "ca": "5067.45",
      "category": "Soins oculaires"
    },
    {
      "ca": "4538.03",
      "category": "Premiers soins"
    },
    {
      "ca": "3697.51",
      "category": "Digestif"
    },
    {
      "ca": "3595.09",
      "category": "Mat\u251c\u00aeriel m\u251c\u00aedical"
    },
    {
      "ca": "3424.55",
      "category": "Dermatologie"
    },
    {
      "ca": "3273.67",
      "category": "Protection"
    },
    {
      "ca": "2913.52",
      "category": "Respiratoire"
    },
    {
      "ca": "2856.34",
      "category": "Diab\u251c\u00bfte"
    },
    {
      "ca": "2515.21",
      "category": "Douleurs musculaires"
    },
    {
      "ca": "2467.94",
      "category": "Allergies"
    },
    {
      "ca": "2215.35",
      "category": "Soins peau"
    },
    {
      "ca": "1540.26",
      "category": "Sommeil"
    },
    {
      "ca": "1461.46",
      "category": "Analgesiques"
    },
    {
      "ca": "1289.26",
      "category": "Bucco-dentaire"
    },
    {
      "ca": "1125.72",
      "category": "Sport sant\u251c\u00ae"
    },
    {
      "ca": "969.70",
      "category": "Soins cheveux"
    },
    {
      "ca": "581.32",
      "category": "Cardio"
    },
    {
      "ca": "313.12",
      "category": "Sant\u251c\u00ae familiale"
    },
    {
      "ca": "152.85",
      "category": "Soins nasaux"
    }
  ],
  "name": "repartition_categorie_30j",
  "success": true
}
2026-05-27T01:53:33.362Z | RESPONSE | POST | http://127.0.0.1:5000/api/dashboard/query | 200 | ok=true | duration_ms=852 | {
  "data": [
    {
      "fournisseur": "GlobalCare Supplies",
      "total_achat": "24229.34"
    },
    {
      "fournisseur": "PharmaNord Distribution",
      "total_achat": "8458.32"
    },
    {
      "fournisseur": "Vitalis Grossiste",
      "total_achat": "7106.14"
    },
    {
      "fournisseur": "Alliance Pharma QC",
      "total_achat": "5064.98"
    },
    {
      "fournisseur": "OmniHealth Supply",
      "total_achat": "4885.20"
    },
    {
      "fournisseur": "BioPharm Montr\u251c\u00aeal",
      "total_achat": "4292.91"
    },
    {
      "fournisseur": "MedExpress Import",
      "total_achat": "3470.72"
    }
  ],
  "name": "chart_top_fournisseurs_30j",
  "success": true
}
2026-05-27T01:53:33.365Z | RESPONSE | POST | http://127.0.0.1:5000/api/dashboard/query | 200 | ok=true | duration_ms=842 | {
  "data": [
    {
      "date_expiration": "01-06-2026",
      "produit": "Amoxicilline 500mg",
      "quantite": 78
    }
  ],
  "name": "alertes_expiration_30j",
  "success": true
}
2026-05-27T01:53:33.398Z | RESPONSE | POST | http://127.0.0.1:5000/api/dashboard/query | 200 | ok=true | duration_ms=873 | {
  "data": [
    {
      "produit": "Sirop Toux",
      "seuil": 700,
      "total_stock": "129"
    },
    {
      "produit": "Amoxicilline 500mg",
      "seuil": 700,
      "total_stock": "315"
    }
  ],
  "name": "stock_bas",
  "success": true
}
2026-05-27T01:53:33.411Z | RESPONSE | POST | http://127.0.0.1:5000/api/dashboard/query | 200 | ok=true | duration_ms=883 | {
  "data": [
    {
      "produit": "Vitamine C 500 mg",
      "total_stock": "2710"
    },
    {
      "produit": "Peroxyde hydrog\u251c\u00bfne 3%",
      "total_stock": "2635"
    },
    {
      "produit": "Sirop toux s\u251c\u00bfche 150 ml",
      "total_stock": "2394"
    },
    {
      "produit": "Gouttes anti-allergies 10 ml",
      "total_stock": "2316"
    },
    {
      "produit": "Masques m\u251c\u00aedicaux bo\u251c\u00abte 50",
      "total_stock": "2264"
    },
    {
      "produit": "Pseudoephedrine 30 mg",
      "total_stock": "2170"
    },
    {
      "produit": "Tensiom\u251c\u00bftre poignet",
      "total_stock": "2132"
    },
    {
      "produit": "Inhalateur vapeur",
      "total_stock": "2112"
    },
    {
      "produit": "Solution lentilles 360 ml",
      "total_stock": "2055"
    },
    {
      "produit": "Multivitamines adultes",
      "total_stock": "2032"
    },
    {
      "produit": "Solution acn\u251c\u00ae benzoyle",
      "total_stock": "1974"
    },
    {
      "produit": "Calcium 500 mg",
      "total_stock": "1943"
    },
    {
      "produit": "Pansements assortis",
      "total_stock": "1818"
    },
    {
      "produit": "Lancettes universelles",
      "total_stock": "1816"
    },
    {
      "produit": "Electrolytes sport",
      "total_stock": "1810"
    },
    {
      "produit": "Hydratant peau sensible",
      "total_stock": "1774"
    },
    {
      "produit": "Gouttes yeux secs 15 ml",
      "total_stock": "1748"
    },
    {
      "produit": "Compresses st\u251c\u00aeriles",
      "total_stock": "1741"
    },
    {
      "produit": "Cetirizine 10 mg",
      "total_stock": "1578"
    },
    {
      "produit": "Cr\u251c\u00bfme douleur musculaire",
      "total_stock": "1522"
    },
    {
      "produit": "M\u251c\u00aelatonine 3 mg",
      "total_stock": "1516"
    },
    {
      "produit": "Rince-bouche antiseptique",
      "total_stock": "1509"
    },
    {
      "produit": "Loratadine 10 mg",
      "total_stock": "
2026-05-27T01:53:33.437Z | RESPONSE | POST | http://127.0.0.1:5000/api/dashboard/query | 200 | ok=true | duration_ms=906 | {
  "data": [
    {
      "ca": "2197.90",
      "jour": "Fri, 27 Mar 2026 00:00:00 GMT",
      "sma7": "2197.900000"
    },
    {
      "ca": "2365.07",
      "jour": "Sat, 28 Mar 2026 00:00:00 GMT",
      "sma7": "2281.485000"
    },
    {
      "ca": "2305.02",
      "jour": "Sun, 29 Mar 2026 00:00:00 GMT",
      "sma7": "2289.330000"
    },
    {
      "ca": "1615.64",
      "jour": "Mon, 30 Mar 2026 00:00:00 GMT",
      "sma7": "2120.907500"
    },
    {
      "ca": "1257.28",
      "jour": "Tue, 31 Mar 2026 00:00:00 GMT",
      "sma7": "1948.182000"
    },
    {
      "ca": "1369.67",
      "jour": "Wed, 01 Apr 2026 00:00:00 GMT",
      "sma7": "1851.763333"
    },
    {
      "ca": "2876.38",
      "jour": "Thu, 02 Apr 2026 00:00:00 GMT",
      "sma7": "1998.137143"
    },
    {
      "ca": "2317.15",
      "jour": "Fri, 03 Apr 2026 00:00:00 GMT",
      "sma7": "2015.172857"
    },
    {
      "ca": "1636.90",
      "jour": "Sat, 04 Apr 2026 00:00:00 GMT",
      "sma7": "1911.148571"
    },
    {
      "ca": "1683.87",
      "jour": "Sun, 05 Apr 2026 00:00:00 GMT",
      "sma7": "1822.412857"
    },
    {
      "ca": "2239.51",
      "jour": "Mon, 06 Apr 2026 00:00:00 GMT",
      "sma7": "1911.537143"
    },
    {
      "ca": "2276.06",
      "jour": "Tue, 07 Apr 2026 00:00:00 GMT",
      "sma7": "2057.077143"
    },
    {
      "ca": "2603.35",
      "jour": "Wed, 08 Apr 2026 00:00:00 GMT",
      "sma7": "2233.317143"
    },
    {
      "ca": "1839.21",
      "jour": "Thu, 09 Apr 2026 00:00:00 GMT",
      "sma7": "2085.150000"
    },
    {
      "ca": "2384.38",
      "jour": "Fri, 10 Apr 2026 00:00:00 GMT",
      "sma7": "2094.754286"
    },
    {
      "ca": "1791.95",
      "jour": "Sat, 11 Apr 2026 00:00:00 GMT",
      "sma7": "2116.904286"
    },
    {
      "ca": "2245.48",
      "jour": "Sun, 12 Apr 2026 00:00:00 GMT",
      "sma7": "2197.134286"
    },
    {
      "ca": "2045.71",
      "jour": "Mon, 13 Apr 2026 00:00:00 GMT",
      "sma7": "2169.448
2026-05-27T01:53:50.100Z | REQUEST  | POST | http://127.0.0.1:5000/api/dashboard/query
2026-05-27T01:53:50.101Z | REQUEST  | POST | http://127.0.0.1:5000/api/dashboard/query
2026-05-27T01:53:50.103Z | REQUEST  | POST | http://127.0.0.1:5000/api/dashboard/query
2026-05-27T01:53:50.105Z | REQUEST  | POST | http://127.0.0.1:5000/api/dashboard/query
2026-05-27T01:53:50.105Z | REQUEST  | POST | http://127.0.0.1:5000/api/dashboard/query
2026-05-27T01:53:50.106Z | REQUEST  | POST | http://127.0.0.1:5000/api/dashboard/query
2026-05-27T01:53:50.107Z | REQUEST  | POST | http://127.0.0.1:5000/api/dashboard/query
2026-05-27T01:53:50.108Z | REQUEST  | POST | http://127.0.0.1:5000/api/dashboard/query
2026-05-27T01:53:50.109Z | REQUEST  | POST | http://127.0.0.1:5000/api/dashboard/query
2026-05-27T01:53:50.111Z | REQUEST  | POST | http://127.0.0.1:5000/api/dashboard/query
2026-05-27T01:53:50.112Z | REQUEST  | POST | http://127.0.0.1:5000/api/dashboard/query
2026-05-27T01:53:50.113Z | REQUEST  | POST | http://127.0.0.1:5000/api/dashboard/query
2026-05-27T01:53:50.114Z | REQUEST  | POST | http://127.0.0.1:5000/api/dashboard/query
2026-05-27T01:53:50.114Z | REQUEST  | POST | http://127.0.0.1:5000/api/dashboard/query
2026-05-27T01:53:50.115Z | REQUEST  | POST | http://127.0.0.1:5000/api/dashboard/query
2026-05-27T01:53:50.116Z | REQUEST  | POST | http://127.0.0.1:5000/api/dashboard/query
2026-05-27T01:53:50.117Z | REQUEST  | POST | http://127.0.0.1:5000/api/dashboard/query
2026-05-27T01:53:50.118Z | REQUEST  | POST | http://127.0.0.1:5000/api/dashboard/query
2026-05-27T01:53:50.119Z | REQUEST  | POST | http://127.0.0.1:5000/api/dashboard/query
2026-05-27T01:53:50.448Z | RESPONSE | POST | http://127.0.0.1:5000/api/dashboard/query | 200 | ok=true | duration_ms=346 | {
  "data": [
    {
      "ca_jour": "0.00"
    }
  ],
  "name": "kpi_ca_jour",
  "success": true
}
2026-05-27T01:53:50.555Z | RESPONSE | POST | http://127.0.0.1:5000/api/dashboard/query | 200 | ok=true | duration_ms=453 | {
  "data": [
    {
      "nb_ventes_jour": 0
    }
  ],
  "name": "kpi_nb_ventes_jour",
  "success": true
}
2026-05-27T01:53:50.682Z | RESPONSE | POST | http://127.0.0.1:5000/api/dashboard/query | 200 | ok=true | duration_ms=579 | {
  "data": [
    {
      "nb_alertes_stock": 2
    }
  ],
  "name": "kpi_nb_alertes_stock",
  "success": true
}
2026-05-27T01:53:50.735Z | RESPONSE | POST | http://127.0.0.1:5000/api/dashboard/query | 200 | ok=true | duration_ms=629 | {
  "data": [
    {
      "valeur_stock": "620342.44"
    }
  ],
  "name": "kpi_valeur_stock",
  "success": true
}
2026-05-27T01:53:50.755Z | RESPONSE | POST | http://127.0.0.1:5000/api/dashboard/query | 200 | ok=true | duration_ms=650 | {
  "data": [
    {
      "nb_produits_actifs": 71
    }
  ],
  "name": "kpi_nb_produits_actifs",
  "success": true
}
2026-05-27T01:53:50.794Z | RESPONSE | POST | http://127.0.0.1:5000/api/dashboard/query | 200 | ok=true | duration_ms=687 | {
  "data": [
    {
      "ca_ytd": "266619.25"
    }
  ],
  "name": "kpi_ca_ytd",
  "success": true
}
2026-05-27T01:53:50.821Z | RESPONSE | POST | http://127.0.0.1:5000/api/dashboard/query | 200 | ok=true | duration_ms=711 | {
  "data": [
    {
      "nb_produits_expires_en_stock": 9
    }
  ],
  "name": "kpi_nb_produits_expires_en_stock",
  "success": true
}
2026-05-27T01:53:50.865Z | RESPONSE | POST | http://127.0.0.1:5000/api/dashboard/query | 200 | ok=true | duration_ms=755 | {
  "data": [
    {
      "marge_brute_30j": "10459.42"
    }
  ],
  "name": "kpi_marge_brute_30j",
  "success": true
}
2026-05-27T01:53:50.870Z | RESPONSE | POST | http://127.0.0.1:5000/api/dashboard/query | 200 | ok=true | duration_ms=759 | {
  "data": [
    {
      "nb_fournisseurs_30j": 11
    }
  ],
  "name": "kpi_nb_fournisseurs_30j",
  "success": true
}
2026-05-27T01:53:50.908Z | RESPONSE | POST | http://127.0.0.1:5000/api/dashboard/query | 200 | ok=true | duration_ms=796 | {
  "data": [
    {
      "jour": "Sun, 26 Apr 2026 00:00:00 GMT",
      "total_vente": "1916.55"
    },
    {
      "jour": "Mon, 27 Apr 2026 00:00:00 GMT",
      "total_vente": "2666.03"
    },
    {
      "jour": "Tue, 28 Apr 2026 00:00:00 GMT",
      "total_vente": "2000.40"
    },
    {
      "jour": "Wed, 29 Apr 2026 00:00:00 GMT",
      "total_vente": "2529.48"
    },
    {
      "jour": "Thu, 30 Apr 2026 00:00:00 GMT",
      "total_vente": "1502.58"
    },
    {
      "jour": "Fri, 01 May 2026 00:00:00 GMT",
      "total_vente": "2230.75"
    },
    {
      "jour": "Sat, 02 May 2026 00:00:00 GMT",
      "total_vente": "2095.71"
    },
    {
      "jour": "Sun, 03 May 2026 00:00:00 GMT",
      "total_vente": "2318.96"
    },
    {
      "jour": "Mon, 04 May 2026 00:00:00 GMT",
      "total_vente": "2089.74"
    },
    {
      "jour": "Tue, 05 May 2026 00:00:00 GMT",
      "total_vente": "2532.12"
    },
    {
      "jour": "Wed, 06 May 2026 00:00:00 GMT",
      "total_vente": "1445.58"
    },
    {
      "jour": "Thu, 07 May 2026 00:00:00 GMT",
      "total_vente": "1540.63"
    },
    {
      "jour": "Fri, 08 May 2026 00:00:00 GMT",
      "total_vente": "2080.79"
    },
    {
      "jour": "Sat, 09 May 2026 00:00:00 GMT",
      "total_vente": "2059.25"
    },
    {
      "jour": "Sun, 10 May 2026 00:00:00 GMT",
      "total_vente": "37.98"
    }
  ],
  "name": "chart_ventes_30j",
  "success": true
}
2026-05-27T01:53:50.929Z | RESPONSE | POST | http://127.0.0.1:5000/api/dashboard/query | 200 | ok=true | duration_ms=815 | {
  "data": [
    {
      "ca_mois": "63233.51",
      "mois": "2026-01"
    },
    {
      "ca_mois": "60575.48",
      "mois": "2026-02"
    },
    {
      "ca_mois": "62859.59",
      "mois": "2026-03"
    },
    {
      "ca_mois": "61519.16",
      "mois": "2026-04"
    },
    {
      "ca_mois": "18431.51",
      "mois": "2026-05"
    }
  ],
  "name": "chart_ca_mensuel_ytd",
  "success": true
}
2026-05-27T01:53:50.949Z | RESPONSE | POST | http://127.0.0.1:5000/api/dashboard/query | 200 | ok=true | duration_ms=835 | {
  "data": [
    {
      "an_semaine": 202610,
      "ca_semaine": "12137.20",
      "debut_semaine": "Tue, 03 Mar 2026 00:00:00 GMT"
    },
    {
      "an_semaine": 202611,
      "ca_semaine": "13576.82",
      "debut_semaine": "Mon, 09 Mar 2026 00:00:00 GMT"
    },
    {
      "an_semaine": 202612,
      "ca_semaine": "14477.86",
      "debut_semaine": "Mon, 16 Mar 2026 00:00:00 GMT"
    },
    {
      "an_semaine": 202613,
      "ca_semaine": "15199.71",
      "debut_semaine": "Mon, 23 Mar 2026 00:00:00 GMT"
    },
    {
      "an_semaine": 202614,
      "ca_semaine": "12756.89",
      "debut_semaine": "Mon, 30 Mar 2026 00:00:00 GMT"
    },
    {
      "an_semaine": 202615,
      "ca_semaine": "15379.94",
      "debut_semaine": "Mon, 06 Apr 2026 00:00:00 GMT"
    },
    {
      "an_semaine": 202616,
      "ca_semaine": "13619.62",
      "debut_semaine": "Mon, 13 Apr 2026 00:00:00 GMT"
    },
    {
      "an_semaine": 202617,
      "ca_semaine": "13937.14",
      "debut_semaine": "Mon, 20 Apr 2026 00:00:00 GMT"
    },
    {
      "an_semaine": 202618,
      "ca_semaine": "15343.91",
      "debut_semaine": "Mon, 27 Apr 2026 00:00:00 GMT"
    },
    {
      "an_semaine": 202619,
      "ca_semaine": "11786.09",
      "debut_semaine": "Mon, 04 May 2026 00:00:00 GMT"
    }
  ],
  "name": "chart_ca_par_semaine_12",
  "success": true
}
2026-05-27T01:53:50.971Z | RESPONSE | POST | http://127.0.0.1:5000/api/dashboard/query | 200 | ok=true | duration_ms=854 | {
  "data": [
    {
      "produit": "Pseudoephedrine 30 mg",
      "total_vendu": "87"
    },
    {
      "produit": "Solution lentilles 360 ml",
      "total_vendu": "87"
    },
    {
      "produit": "Compresses st\u251c\u00aeriles",
      "total_vendu": "76"
    },
    {
      "produit": "Gouttes yeux secs 15 ml",
      "total_vendu": "72"
    },
    {
      "produit": "Solution acn\u251c\u00ae benzoyle",
      "total_vendu": "68"
    }
  ],
  "name": "top5_produits_30j",
  "success": true
}
2026-05-27T01:53:50.983Z | RESPONSE | POST | http://127.0.0.1:5000/api/dashboard/query | 200 | ok=true | duration_ms=868 | {
  "data": [
    {
      "ca": "6398.01",
      "category": "Vitamines"
    },
    {
      "ca": "5072.21",
      "category": "Rhume et grippe"
    },
    {
      "ca": "5067.45",
      "category": "Soins oculaires"
    },
    {
      "ca": "4538.03",
      "category": "Premiers soins"
    },
    {
      "ca": "3697.51",
      "category": "Digestif"
    },
    {
      "ca": "3595.09",
      "category": "Mat\u251c\u00aeriel m\u251c\u00aedical"
    },
    {
      "ca": "3424.55",
      "category": "Dermatologie"
    },
    {
      "ca": "3273.67",
      "category": "Protection"
    },
    {
      "ca": "2913.52",
      "category": "Respiratoire"
    },
    {
      "ca": "2856.34",
      "category": "Diab\u251c\u00bfte"
    },
    {
      "ca": "2515.21",
      "category": "Douleurs musculaires"
    },
    {
      "ca": "2467.94",
      "category": "Allergies"
    },
    {
      "ca": "2215.35",
      "category": "Soins peau"
    },
    {
      "ca": "1540.26",
      "category": "Sommeil"
    },
    {
      "ca": "1461.46",
      "category": "Analgesiques"
    },
    {
      "ca": "1289.26",
      "category": "Bucco-dentaire"
    },
    {
      "ca": "1125.72",
      "category": "Sport sant\u251c\u00ae"
    },
    {
      "ca": "969.70",
      "category": "Soins cheveux"
    },
    {
      "ca": "581.32",
      "category": "Cardio"
    },
    {
      "ca": "313.12",
      "category": "Sant\u251c\u00ae familiale"
    },
    {
      "ca": "152.85",
      "category": "Soins nasaux"
    }
  ],
  "name": "repartition_categorie_30j",
  "success": true
}
2026-05-27T01:53:50.995Z | RESPONSE | POST | http://127.0.0.1:5000/api/dashboard/query | 200 | ok=true | duration_ms=880 | {
  "data": [
    {
      "fournisseur": "GlobalCare Supplies",
      "total_achat": "24229.34"
    },
    {
      "fournisseur": "PharmaNord Distribution",
      "total_achat": "8458.32"
    },
    {
      "fournisseur": "Vitalis Grossiste",
      "total_achat": "7106.14"
    },
    {
      "fournisseur": "Alliance Pharma QC",
      "total_achat": "5064.98"
    },
    {
      "fournisseur": "OmniHealth Supply",
      "total_achat": "4885.20"
    },
    {
      "fournisseur": "BioPharm Montr\u251c\u00aeal",
      "total_achat": "4292.91"
    },
    {
      "fournisseur": "MedExpress Import",
      "total_achat": "3470.72"
    }
  ],
  "name": "chart_top_fournisseurs_30j",
  "success": true
}
2026-05-27T01:53:51.013Z | RESPONSE | POST | http://127.0.0.1:5000/api/dashboard/query | 200 | ok=true | duration_ms=896 | {
  "data": [
    {
      "date_expiration": "01-06-2026",
      "produit": "Amoxicilline 500mg",
      "quantite": 78
    }
  ],
  "name": "alertes_expiration_30j",
  "success": true
}
2026-05-27T01:53:51.033Z | RESPONSE | POST | http://127.0.0.1:5000/api/dashboard/query | 200 | ok=true | duration_ms=916 | {
  "data": [
    {
      "produit": "Sirop Toux",
      "seuil": 700,
      "total_stock": "129"
    },
    {
      "produit": "Amoxicilline 500mg",
      "seuil": 700,
      "total_stock": "315"
    }
  ],
  "name": "stock_bas",
  "success": true
}
2026-05-27T01:53:51.061Z | RESPONSE | POST | http://127.0.0.1:5000/api/dashboard/query | 200 | ok=true | duration_ms=943 | {
  "data": [
    {
      "produit": "Vitamine C 500 mg",
      "total_stock": "2710"
    },
    {
      "produit": "Peroxyde hydrog\u251c\u00bfne 3%",
      "total_stock": "2635"
    },
    {
      "produit": "Sirop toux s\u251c\u00bfche 150 ml",
      "total_stock": "2394"
    },
    {
      "produit": "Gouttes anti-allergies 10 ml",
      "total_stock": "2316"
    },
    {
      "produit": "Masques m\u251c\u00aedicaux bo\u251c\u00abte 50",
      "total_stock": "2264"
    },
    {
      "produit": "Pseudoephedrine 30 mg",
      "total_stock": "2170"
    },
    {
      "produit": "Tensiom\u251c\u00bftre poignet",
      "total_stock": "2132"
    },
    {
      "produit": "Inhalateur vapeur",
      "total_stock": "2112"
    },
    {
      "produit": "Solution lentilles 360 ml",
      "total_stock": "2055"
    },
    {
      "produit": "Multivitamines adultes",
      "total_stock": "2032"
    },
    {
      "produit": "Solution acn\u251c\u00ae benzoyle",
      "total_stock": "1974"
    },
    {
      "produit": "Calcium 500 mg",
      "total_stock": "1943"
    },
    {
      "produit": "Pansements assortis",
      "total_stock": "1818"
    },
    {
      "produit": "Lancettes universelles",
      "total_stock": "1816"
    },
    {
      "produit": "Electrolytes sport",
      "total_stock": "1810"
    },
    {
      "produit": "Hydratant peau sensible",
      "total_stock": "1774"
    },
    {
      "produit": "Gouttes yeux secs 15 ml",
      "total_stock": "1748"
    },
    {
      "produit": "Compresses st\u251c\u00aeriles",
      "total_stock": "1741"
    },
    {
      "produit": "Cetirizine 10 mg",
      "total_stock": "1578"
    },
    {
      "produit": "Cr\u251c\u00bfme douleur musculaire",
      "total_stock": "1522"
    },
    {
      "produit": "M\u251c\u00aelatonine 3 mg",
      "total_stock": "1516"
    },
    {
      "produit": "Rince-bouche antiseptique",
      "total_stock": "1509"
    },
    {
      "produit": "Loratadine 10 mg",
      "total_stock": "
2026-05-27T01:53:51.096Z | RESPONSE | POST | http://127.0.0.1:5000/api/dashboard/query | 200 | ok=true | duration_ms=977 | {
  "data": [
    {
      "ca": "2197.90",
      "jour": "Fri, 27 Mar 2026 00:00:00 GMT",
      "sma7": "2197.900000"
    },
    {
      "ca": "2365.07",
      "jour": "Sat, 28 Mar 2026 00:00:00 GMT",
      "sma7": "2281.485000"
    },
    {
      "ca": "2305.02",
      "jour": "Sun, 29 Mar 2026 00:00:00 GMT",
      "sma7": "2289.330000"
    },
    {
      "ca": "1615.64",
      "jour": "Mon, 30 Mar 2026 00:00:00 GMT",
      "sma7": "2120.907500"
    },
    {
      "ca": "1257.28",
      "jour": "Tue, 31 Mar 2026 00:00:00 GMT",
      "sma7": "1948.182000"
    },
    {
      "ca": "1369.67",
      "jour": "Wed, 01 Apr 2026 00:00:00 GMT",
      "sma7": "1851.763333"
    },
    {
      "ca": "2876.38",
      "jour": "Thu, 02 Apr 2026 00:00:00 GMT",
      "sma7": "1998.137143"
    },
    {
      "ca": "2317.15",
      "jour": "Fri, 03 Apr 2026 00:00:00 GMT",
      "sma7": "2015.172857"
    },
    {
      "ca": "1636.90",
      "jour": "Sat, 04 Apr 2026 00:00:00 GMT",
      "sma7": "1911.148571"
    },
    {
      "ca": "1683.87",
      "jour": "Sun, 05 Apr 2026 00:00:00 GMT",
      "sma7": "1822.412857"
    },
    {
      "ca": "2239.51",
      "jour": "Mon, 06 Apr 2026 00:00:00 GMT",
      "sma7": "1911.537143"
    },
    {
      "ca": "2276.06",
      "jour": "Tue, 07 Apr 2026 00:00:00 GMT",
      "sma7": "2057.077143"
    },
    {
      "ca": "2603.35",
      "jour": "Wed, 08 Apr 2026 00:00:00 GMT",
      "sma7": "2233.317143"
    },
    {
      "ca": "1839.21",
      "jour": "Thu, 09 Apr 2026 00:00:00 GMT",
      "sma7": "2085.150000"
    },
    {
      "ca": "2384.38",
      "jour": "Fri, 10 Apr 2026 00:00:00 GMT",
      "sma7": "2094.754286"
    },
    {
      "ca": "1791.95",
      "jour": "Sat, 11 Apr 2026 00:00:00 GMT",
      "sma7": "2116.904286"
    },
    {
      "ca": "2245.48",
      "jour": "Sun, 12 Apr 2026 00:00:00 GMT",
      "sma7": "2197.134286"
    },
    {
      "ca": "2045.71",
      "jour": "Mon, 13 Apr 2026 00:00:00 GMT",
      "sma7": "2169.448
2026-05-27T01:54:05.653Z | REQUEST  | POST | http://127.0.0.1:5000/api/dashboard/query
2026-05-27T01:54:05.654Z | REQUEST  | POST | http://127.0.0.1:5000/api/dashboard/query
2026-05-27T01:54:05.656Z | REQUEST  | POST | http://127.0.0.1:5000/api/dashboard/query
2026-05-27T01:54:05.658Z | REQUEST  | POST | http://127.0.0.1:5000/api/dashboard/query
2026-05-27T01:54:05.659Z | REQUEST  | POST | http://127.0.0.1:5000/api/dashboard/query
2026-05-27T01:54:05.660Z | REQUEST  | POST | http://127.0.0.1:5000/api/dashboard/query
2026-05-27T01:54:05.661Z | REQUEST  | POST | http://127.0.0.1:5000/api/dashboard/query
2026-05-27T01:54:05.663Z | REQUEST  | POST | http://127.0.0.1:5000/api/dashboard/query
2026-05-27T01:54:05.664Z | REQUEST  | POST | http://127.0.0.1:5000/api/dashboard/query
2026-05-27T01:54:05.665Z | REQUEST  | POST | http://127.0.0.1:5000/api/dashboard/query
2026-05-27T01:54:05.665Z | REQUEST  | POST | http://127.0.0.1:5000/api/dashboard/query
2026-05-27T01:54:05.666Z | REQUEST  | POST | http://127.0.0.1:5000/api/dashboard/query
2026-05-27T01:54:05.667Z | REQUEST  | POST | http://127.0.0.1:5000/api/dashboard/query
2026-05-27T01:54:05.668Z | REQUEST  | POST | http://127.0.0.1:5000/api/dashboard/query
2026-05-27T01:54:05.669Z | REQUEST  | POST | http://127.0.0.1:5000/api/dashboard/query
2026-05-27T01:54:05.671Z | REQUEST  | POST | http://127.0.0.1:5000/api/dashboard/query
2026-05-27T01:54:05.673Z | REQUEST  | POST | http://127.0.0.1:5000/api/dashboard/query
2026-05-27T01:54:05.673Z | REQUEST  | POST | http://127.0.0.1:5000/api/dashboard/query
2026-05-27T01:54:05.674Z | REQUEST  | POST | http://127.0.0.1:5000/api/dashboard/query
2026-05-27T01:54:06.557Z | RESPONSE | POST | http://127.0.0.1:5000/api/dashboard/query | 200 | ok=true | duration_ms=898 | {
  "data": [
    {
      "nb_alertes_stock": 0
    }
  ],
  "name": "kpi_nb_alertes_stock",
  "success": true
}
2026-05-27T01:54:06.561Z | RESPONSE | POST | http://127.0.0.1:5000/api/dashboard/query | 200 | ok=true | duration_ms=901 | {
  "data": [
    {
      "nb_produits_actifs": 103
    }
  ],
  "name": "kpi_nb_produits_actifs",
  "success": true
}
2026-05-27T01:54:06.563Z | RESPONSE | POST | http://127.0.0.1:5000/api/dashboard/query | 200 | ok=true | duration_ms=910 | {
  "data": [
    {
      "ca_jour": "928.19"
    }
  ],
  "name": "kpi_ca_jour",
  "success": true
}
2026-05-27T01:54:06.583Z | RESPONSE | POST | http://127.0.0.1:5000/api/dashboard/query | 200 | ok=true | duration_ms=923 | {
  "data": [
    {
      "valeur_stock": "6962846.18"
    }
  ],
  "name": "kpi_valeur_stock",
  "success": true
}
2026-05-27T01:54:06.611Z | RESPONSE | POST | http://127.0.0.1:5000/api/dashboard/query | 200 | ok=true | duration_ms=956 | {
  "data": [
    {
      "nb_ventes_jour": 43
    }
  ],
  "name": "kpi_nb_ventes_jour",
  "success": true
}
2026-05-27T01:54:06.623Z | RESPONSE | POST | http://127.0.0.1:5000/api/dashboard/query | 200 | ok=true | duration_ms=960 | {
  "data": [
    {
      "nb_produits_expires_en_stock": 1224
    }
  ],
  "name": "kpi_nb_produits_expires_en_stock",
  "success": true
}
2026-05-27T01:54:06.663Z | RESPONSE | POST | http://127.0.0.1:5000/api/dashboard/query | 200 | ok=true | duration_ms=998 | {
  "data": [
    {
      "nb_fournisseurs_30j": 19
    }
  ],
  "name": "kpi_nb_fournisseurs_30j",
  "success": true
}
2026-05-27T01:54:06.708Z | RESPONSE | POST | http://127.0.0.1:5000/api/dashboard/query | 200 | ok=true | duration_ms=1045 | {
  "data": [
    {
      "marge_brute_30j": "20139.60"
    }
  ],
  "name": "kpi_marge_brute_30j",
  "success": true
}
2026-05-27T01:54:06.738Z | RESPONSE | POST | http://127.0.0.1:5000/api/dashboard/query | 200 | ok=true | duration_ms=1070 | {
  "data": [
    {
      "ca_ytd": "461110.12"
    }
  ],
  "name": "kpi_ca_ytd",
  "success": true
}
2026-05-27T01:54:06.753Z | RESPONSE | POST | http://127.0.0.1:5000/api/dashboard/query | 200 | ok=true | duration_ms=1085 | {
  "data": [
    {
      "jour": "Sun, 26 Apr 2026 00:00:00 GMT",
      "total_vente": "3250.49"
    },
    {
      "jour": "Mon, 27 Apr 2026 00:00:00 GMT",
      "total_vente": "3832.93"
    },
    {
      "jour": "Tue, 28 Apr 2026 00:00:00 GMT",
      "total_vente": "3350.95"
    },
    {
      "jour": "Wed, 29 Apr 2026 00:00:00 GMT",
      "total_vente": "4535.96"
    },
    {
      "jour": "Thu, 30 Apr 2026 00:00:00 GMT",
      "total_vente": "3229.09"
    },
    {
      "jour": "Fri, 01 May 2026 00:00:00 GMT",
      "total_vente": "3534.75"
    },
    {
      "jour": "Sat, 02 May 2026 00:00:00 GMT",
      "total_vente": "3533.46"
    },
    {
      "jour": "Sun, 03 May 2026 00:00:00 GMT",
      "total_vente": "3818.29"
    },
    {
      "jour": "Mon, 04 May 2026 00:00:00 GMT",
      "total_vente": "3258.37"
    },
    {
      "jour": "Tue, 05 May 2026 00:00:00 GMT",
      "total_vente": "4242.67"
    },
    {
      "jour": "Wed, 06 May 2026 00:00:00 GMT",
      "total_vente": "2688.34"
    },
    {
      "jour": "Thu, 07 May 2026 00:00:00 GMT",
      "total_vente": "3031.54"
    },
    {
      "jour": "Fri, 08 May 2026 00:00:00 GMT",
      "total_vente": "3207.59"
    },
    {
      "jour": "Sat, 09 May 2026 00:00:00 GMT",
      "total_vente": "3490.51"
    },
    {
      "jour": "Sun, 10 May 2026 00:00:00 GMT",
      "total_vente": "1577.46"
    },
    {
      "jour": "Mon, 11 May 2026 00:00:00 GMT",
      "total_vente": "1612.53"
    },
    {
      "jour": "Tue, 12 May 2026 00:00:00 GMT",
      "total_vente": "1687.91"
    },
    {
      "jour": "Wed, 13 May 2026 00:00:00 GMT",
      "total_vente": "1875.71"
    },
    {
      "jour": "Thu, 14 May 2026 00:00:00 GMT",
      "total_vente": "1100.89"
    },
    {
      "jour": "Fri, 15 May 2026 00:00:00 GMT",
      "total_vente": "793.77"
    },
    {
      "jour": "Sat, 16 May 2026 00:00:00 GMT",
      "total_vente": "879.22"
    },
    {
      "jour": "Sun, 17 May 2026 00:00:00 GMT",
      "total_vente": "12
2026-05-27T01:54:06.835Z | RESPONSE | POST | http://127.0.0.1:5000/api/dashboard/query | 200 | ok=true | duration_ms=1168 | {
  "data": [
    {
      "an_semaine": 202610,
      "ca_semaine": "21316.03",
      "debut_semaine": "Tue, 03 Mar 2026 00:00:00 GMT"
    },
    {
      "an_semaine": 202611,
      "ca_semaine": "23229.52",
      "debut_semaine": "Mon, 09 Mar 2026 00:00:00 GMT"
    },
    {
      "an_semaine": 202612,
      "ca_semaine": "23284.39",
      "debut_semaine": "Mon, 16 Mar 2026 00:00:00 GMT"
    },
    {
      "an_semaine": 202613,
      "ca_semaine": "25578.41",
      "debut_semaine": "Mon, 23 Mar 2026 00:00:00 GMT"
    },
    {
      "an_semaine": 202614,
      "ca_semaine": "21878.27",
      "debut_semaine": "Mon, 30 Mar 2026 00:00:00 GMT"
    },
    {
      "an_semaine": 202615,
      "ca_semaine": "24147.35",
      "debut_semaine": "Mon, 06 Apr 2026 00:00:00 GMT"
    },
    {
      "an_semaine": 202616,
      "ca_semaine": "24453.80",
      "debut_semaine": "Mon, 13 Apr 2026 00:00:00 GMT"
    },
    {
      "an_semaine": 202617,
      "ca_semaine": "22792.89",
      "debut_semaine": "Mon, 20 Apr 2026 00:00:00 GMT"
    },
    {
      "an_semaine": 202618,
      "ca_semaine": "25605.97",
      "debut_semaine": "Mon, 27 Apr 2026 00:00:00 GMT"
    },
    {
      "an_semaine": 202619,
      "ca_semaine": "21382.67",
      "debut_semaine": "Mon, 04 May 2026 00:00:00 GMT"
    },
    {
      "an_semaine": 202620,
      "ca_semaine": "8964.66",
      "debut_semaine": "Mon, 11 May 2026 00:00:00 GMT"
    },
    {
      "an_semaine": 202621,
      "ca_semaine": "8691.31",
      "debut_semaine": "Mon, 18 May 2026 00:00:00 GMT"
    },
    {
      "an_semaine": 202622,
      "ca_semaine": "1979.26",
      "debut_semaine": "Mon, 25 May 2026 00:00:00 GMT"
    }
  ],
  "name": "chart_ca_par_semaine_12",
  "success": true
}
2026-05-27T01:54:06.836Z | RESPONSE | POST | http://127.0.0.1:5000/api/dashboard/query | 200 | ok=true | duration_ms=1169 | {
  "data": [
    {
      "ca_mois": "103061.70",
      "mois": "2026-01"
    },
    {
      "ca_mois": "97187.26",
      "mois": "2026-02"
    },
    {
      "ca_mois": "106767.12",
      "mois": "2026-03"
    },
    {
      "ca_mois": "102276.00",
      "mois": "2026-04"
    },
    {
      "ca_mois": "51818.04",
      "mois": "2026-05"
    }
  ],
  "name": "chart_ca_mensuel_ytd",
  "success": true
}
2026-05-27T01:54:06.844Z | RESPONSE | POST | http://127.0.0.1:5000/api/dashboard/query | 200 | ok=true | duration_ms=1172 | {
  "data": [
    {
      "fournisseur": "GlobalCare Supplies",
      "total_achat": "24229.34"
    },
    {
      "fournisseur": "PharmaNord Distribution",
      "total_achat": "19052.78"
    },
    {
      "fournisseur": "BioPharm Montr\u251c\u00aeal",
      "total_achat": "11489.32"
    },
    {
      "fournisseur": "Vitalis Grossiste",
      "total_achat": "11085.50"
    },
    {
      "fournisseur": "OmniHealth Supply",
      "total_achat": "10598.35"
    },
    {
      "fournisseur": "MediStock Qu\u251c\u00aebec",
      "total_achat": "7974.48"
    },
    {
      "fournisseur": "Clinimed Canada",
      "total_achat": "7275.10"
    }
  ],
  "name": "chart_top_fournisseurs_30j",
  "success": true
}
2026-05-27T01:54:06.851Z | RESPONSE | POST | http://127.0.0.1:5000/api/dashboard/query | 200 | ok=true | duration_ms=1182 | {
  "data": [
    {
      "ca": "9789.94",
      "category": "Vitamines"
    },
    {
      "ca": "7600.35",
      "category": "Rhume et grippe"
    },
    {
      "ca": "7267.06",
      "category": "Soins oculaires"
    },
    {
      "ca": "7107.18",
      "category": "Premiers soins"
    },
    {
      "ca": "6091.98",
      "category": "Mat\u251c\u00aeriel m\u251c\u00aedical"
    },
    {
      "ca": "5807.12",
      "category": "Digestif"
    },
    {
      "ca": "5554.28",
      "category": "Dermatologie"
    },
    {
      "ca": "5402.50",
      "category": "Diab\u251c\u00bfte"
    },
    {
      "ca": "5173.37",
      "category": "Protection"
    },
    {
      "ca": "4885.15",
      "category": "Respiratoire"
    },
    {
      "ca": "3869.79",
      "category": "Douleurs musculaires"
    },
    {
      "ca": "3648.27",
      "category": "Allergies"
    },
    {
      "ca": "3386.69",
      "category": "Soins peau"
    },
    {
      "ca": "3040.93",
      "category": "Sommeil"
    },
    {
      "ca": "2752.99",
      "category": "MATERIEL"
    },
    {
      "ca": "2602.01",
      "category": "Bucco-dentaire"
    },
    {
      "ca": "2454.14",
      "category": "Analgesiques"
    },
    {
      "ca": "2275.37",
      "category": "Cardio"
    },
    {
      "ca": "2064.32",
      "category": "Sport sant\u251c\u00ae"
    },
    {
      "ca": "1835.11",
      "category": "Antibio"
    },
    {
      "ca": "1513.15",
      "category": "Cortico"
    },
    {
      "ca": "1439.52",
      "category": "DOULEUR"
    },
    {
      "ca": "1405.02",
      "category": "PALUDISME"
    },
    {
      "ca": "1382.73",
      "category": "Soins cheveux"
    },
    {
      "ca": "1359.08",
      "category": "SUPPLEMENT"
    },
    {
      "ca": "1327.66",
      "category": "DIABETE"
    },
    {
      "ca": "1068.41",
      "category": "Sant\u251c\u00ae familiale"
    },
    {
      "ca": "1003.08",
      "category": "Infection"
    },
    {
      "ca": "918.58",
      "c
2026-05-27T01:54:06.873Z | RESPONSE | POST | http://127.0.0.1:5000/api/dashboard/query | 200 | ok=true | duration_ms=1205 | {
  "data": [
    {
      "produit": "Solution lentilles 360 ml",
      "total_vendu": "128"
    },
    {
      "produit": "Pseudoephedrine 30 mg",
      "total_vendu": "116"
    },
    {
      "produit": "Tensiom\u251c\u00bftre poignet",
      "total_vendu": "102"
    },
    {
      "produit": "Gouttes yeux secs 15 ml",
      "total_vendu": "100"
    },
    {
      "produit": "Gouttes anti-allergies 10 ml",
      "total_vendu": "98"
    }
  ],
  "name": "top5_produits_30j",
  "success": true
}
2026-05-27T01:54:06.877Z | RESPONSE | POST | http://127.0.0.1:5000/api/dashboard/query | 200 | ok=true | duration_ms=1205 | {
  "data": [
    {
      "date_expiration": "01-06-2026",
      "produit": "Amoxicilline 500mg",
      "quantite": 78
    },
    {
      "date_expiration": "04-06-2026",
      "produit": "Glucose comprim\u251c\u00aes",
      "quantite": 623
    },
    {
      "date_expiration": "05-06-2026",
      "produit": "Test grossesse",
      "quantite": 362
    },
    {
      "date_expiration": "09-06-2026",
      "produit": "Bandage \u251c\u00aelastique",
      "quantite": 428
    },
    {
      "date_expiration": "09-06-2026",
      "produit": "Bandelettes glyc\u251c\u00aemie",
      "quantite": 387
    },
    {
      "date_expiration": "09-06-2026",
      "produit": "Baume l\u251c\u00bfvres SPF",
      "quantite": 526
    },
    {
      "date_expiration": "11-06-2026",
      "produit": "Atorvastatine 20mg",
      "quantite": 705
    },
    {
      "date_expiration": "11-06-2026",
      "produit": "Amoxicilline 500mg",
      "quantite": 1015
    },
    {
      "date_expiration": "12-06-2026",
      "produit": "Cr\u251c\u00bfme hydrocortisone 1%",
      "quantite": 855
    },
    {
      "date_expiration": "13-06-2026",
      "produit": "Pansements assortis",
      "quantite": 702
    },
    {
      "date_expiration": "14-06-2026",
      "produit": "Acetaminophene 500 mg",
      "quantite": 890
    },
    {
      "date_expiration": "14-06-2026",
      "produit": "Sels de r\u251c\u00aehydratation orale",
      "quantite": 973
    },
    {
      "date_expiration": "15-06-2026",
      "produit": "Hydrocortisone creme",
      "quantite": 927
    },
    {
      "date_expiration": "16-06-2026",
      "produit": "Salbutamol inhalateur",
      "quantite": 1
    },
    {
      "date_expiration": "17-06-2026",
      "produit": "Vitamine D 1000 UI",
      "quantite": 1019
    },
    {
      "date_expiration": "19-06-2026",
      "produit": "Ibuprofene 200 mg",
      "quantite": 737
    },
    {
      "date_expiration": "20-06-2026",
      "produit": "Dentifrice sensibilit\u251c\u00ae"
2026-05-27T01:54:06.913Z | RESPONSE | POST | http://127.0.0.1:5000/api/dashboard/query | 200 | ok=true | duration_ms=1239 | {
  "data": [],
  "name": "stock_bas",
  "success": true
}
2026-05-27T01:54:06.940Z | RESPONSE | POST | http://127.0.0.1:5000/api/dashboard/query | 200 | ok=true | duration_ms=1265 | {
  "data": [
    {
      "produit": "Gouttes anti-allergies 10 ml",
      "total_stock": "19629"
    },
    {
      "produit": "Glucose comprim\u251c\u00aes",
      "total_stock": "17955"
    },
    {
      "produit": "Peroxyde hydrog\u251c\u00bfne 3%",
      "total_stock": "17511"
    },
    {
      "produit": "Electrolytes sport",
      "total_stock": "17305"
    },
    {
      "produit": "ORS sachet",
      "total_stock": "17233"
    },
    {
      "produit": "Calcium 500 mg",
      "total_stock": "17218"
    },
    {
      "produit": "Paracetamol 500mg",
      "total_stock": "15605"
    },
    {
      "produit": "Val\u251c\u00aeriane capsules",
      "total_stock": "15304"
    },
    {
      "produit": "Solution lentilles 360 ml",
      "total_stock": "15230"
    },
    {
      "produit": "Aspirine 81 mg",
      "total_stock": "14807"
    },
    {
      "produit": "Tensiom\u251c\u00bftre poignet",
      "total_stock": "14620"
    },
    {
      "produit": "Cr\u251c\u00bfme douleur musculaire",
      "total_stock": "14540"
    },
    {
      "produit": "Gants nitrile boite",
      "total_stock": "14447"
    },
    {
      "produit": "Test grossesse",
      "total_stock": "14299"
    },
    {
      "produit": "Seringues 5ml boite",
      "total_stock": "14249"
    },
    {
      "produit": "Patch chaleur",
      "total_stock": "14073"
    },
    {
      "produit": "Tensiometre bras",
      "total_stock": "13940"
    },
    {
      "produit": "Rince-bouche antiseptique",
      "total_stock": "13880"
    },
    {
      "produit": "Gants nitrile bo\u251c\u00abte 100",
      "total_stock": "13823"
    },
    {
      "produit": "Acetaminophene 500 mg",
      "total_stock": "13779"
    },
    {
      "produit": "Thermometre digital",
      "total_stock": "13774"
    },
    {
      "produit": "Masques m\u251c\u00aedicaux bo\u251c\u00abte 50",
      "total_stock": "13631"
    },
    {
      "produit": "Dolaren plus 250mg",
      "total_stock": "13546"
    },
    {
2026-05-27T01:54:06.963Z | RESPONSE | POST | http://127.0.0.1:5000/api/dashboard/query | 200 | ok=true | duration_ms=1289 | {
  "data": [
    {
      "ca": "4067.43",
      "jour": "Fri, 27 Mar 2026 00:00:00 GMT",
      "sma7": "4067.430000"
    },
    {
      "ca": "3569.57",
      "jour": "Sat, 28 Mar 2026 00:00:00 GMT",
      "sma7": "3818.500000"
    },
    {
      "ca": "3787.88",
      "jour": "Sun, 29 Mar 2026 00:00:00 GMT",
      "sma7": "3808.293333"
    },
    {
      "ca": "2937.31",
      "jour": "Mon, 30 Mar 2026 00:00:00 GMT",
      "sma7": "3590.547500"
    },
    {
      "ca": "2864.83",
      "jour": "Tue, 31 Mar 2026 00:00:00 GMT",
      "sma7": "3445.404000"
    },
    {
      "ca": "2478.87",
      "jour": "Wed, 01 Apr 2026 00:00:00 GMT",
      "sma7": "3284.315000"
    },
    {
      "ca": "4755.54",
      "jour": "Thu, 02 Apr 2026 00:00:00 GMT",
      "sma7": "3494.490000"
    },
    {
      "ca": "3310.04",
      "jour": "Fri, 03 Apr 2026 00:00:00 GMT",
      "sma7": "3386.291429"
    },
    {
      "ca": "2674.99",
      "jour": "Sat, 04 Apr 2026 00:00:00 GMT",
      "sma7": "3258.494286"
    },
    {
      "ca": "2856.69",
      "jour": "Sun, 05 Apr 2026 00:00:00 GMT",
      "sma7": "3125.467143"
    },
    {
      "ca": "3541.67",
      "jour": "Mon, 06 Apr 2026 00:00:00 GMT",
      "sma7": "3211.804286"
    },
    {
      "ca": "3626.86",
      "jour": "Tue, 07 Apr 2026 00:00:00 GMT",
      "sma7": "3320.665714"
    },
    {
      "ca": "3925.10",
      "jour": "Wed, 08 Apr 2026 00:00:00 GMT",
      "sma7": "3527.270000"
    },
    {
      "ca": "3213.05",
      "jour": "Thu, 09 Apr 2026 00:00:00 GMT",
      "sma7": "3306.914286"
    },
    {
      "ca": "3687.98",
      "jour": "Fri, 10 Apr 2026 00:00:00 GMT",
      "sma7": "3360.905714"
    },
    {
      "ca": "2738.24",
      "jour": "Sat, 11 Apr 2026 00:00:00 GMT",
      "sma7": "3369.941429"
    },
    {
      "ca": "3414.45",
      "jour": "Sun, 12 Apr 2026 00:00:00 GMT",
      "sma7": "3449.621429"
    },
    {
      "ca": "3447.77",
      "jour": "Mon, 13 Apr 2026 00:00:00 GMT",
      "sma7": "3436.207
2026-05-27T01:54:21.139Z | REQUEST  | POST | http://127.0.0.1:5000/api/dashboard/query
2026-05-27T01:54:21.140Z | REQUEST  | POST | http://127.0.0.1:5000/api/dashboard/query
2026-05-27T01:54:21.141Z | REQUEST  | POST | http://127.0.0.1:5000/api/dashboard/query
2026-05-27T01:54:21.143Z | REQUEST  | POST | http://127.0.0.1:5000/api/dashboard/query
2026-05-27T01:54:21.144Z | REQUEST  | POST | http://127.0.0.1:5000/api/dashboard/query
2026-05-27T01:54:21.146Z | REQUEST  | POST | http://127.0.0.1:5000/api/dashboard/query
2026-05-27T01:54:21.147Z | REQUEST  | POST | http://127.0.0.1:5000/api/dashboard/query
2026-05-27T01:54:21.149Z | REQUEST  | POST | http://127.0.0.1:5000/api/dashboard/query
2026-05-27T01:54:21.150Z | REQUEST  | POST | http://127.0.0.1:5000/api/dashboard/query
2026-05-27T01:54:21.151Z | REQUEST  | POST | http://127.0.0.1:5000/api/dashboard/query
2026-05-27T01:54:21.152Z | REQUEST  | POST | http://127.0.0.1:5000/api/dashboard/query
2026-05-27T01:54:21.154Z | REQUEST  | POST | http://127.0.0.1:5000/api/dashboard/query
2026-05-27T01:54:21.155Z | REQUEST  | POST | http://127.0.0.1:5000/api/dashboard/query
2026-05-27T01:54:21.156Z | REQUEST  | POST | http://127.0.0.1:5000/api/dashboard/query
2026-05-27T01:54:21.157Z | REQUEST  | POST | http://127.0.0.1:5000/api/dashboard/query
2026-05-27T01:54:21.158Z | REQUEST  | POST | http://127.0.0.1:5000/api/dashboard/query
2026-05-27T01:54:21.159Z | REQUEST  | POST | http://127.0.0.1:5000/api/dashboard/query
2026-05-27T01:54:21.160Z | REQUEST  | POST | http://127.0.0.1:5000/api/dashboard/query
2026-05-27T01:54:21.162Z | REQUEST  | POST | http://127.0.0.1:5000/api/dashboard/query
2026-05-27T01:54:22.066Z | RESPONSE | POST | http://127.0.0.1:5000/api/dashboard/query | 200 | ok=true | duration_ms=925 | {
  "data": [
    {
      "nb_alertes_stock": 0
    }
  ],
  "name": "kpi_nb_alertes_stock",
  "success": true
}
2026-05-27T01:54:22.085Z | RESPONSE | POST | http://127.0.0.1:5000/api/dashboard/query | 200 | ok=true | duration_ms=941 | {
  "data": [
    {
      "nb_produits_actifs": 103
    }
  ],
  "name": "kpi_nb_produits_actifs",
  "success": true
}
2026-05-27T01:54:22.107Z | RESPONSE | POST | http://127.0.0.1:5000/api/dashboard/query | 200 | ok=true | duration_ms=965 | {
  "data": [
    {
      "nb_ventes_jour": 43
    }
  ],
  "name": "kpi_nb_ventes_jour",
  "success": true
}
2026-05-27T01:54:22.112Z | RESPONSE | POST | http://127.0.0.1:5000/api/dashboard/query | 200 | ok=true | duration_ms=967 | {
  "data": [
    {
      "valeur_stock": "6962846.18"
    }
  ],
  "name": "kpi_valeur_stock",
  "success": true
}
2026-05-27T01:54:22.127Z | RESPONSE | POST | http://127.0.0.1:5000/api/dashboard/query | 200 | ok=true | duration_ms=986 | {
  "data": [
    {
      "ca_jour": "928.19"
    }
  ],
  "name": "kpi_ca_jour",
  "success": true
}
2026-05-27T01:54:22.159Z | RESPONSE | POST | http://127.0.0.1:5000/api/dashboard/query | 200 | ok=true | duration_ms=1010 | {
  "data": [
    {
      "nb_produits_expires_en_stock": 1224
    }
  ],
  "name": "kpi_nb_produits_expires_en_stock",
  "success": true
}
2026-05-27T01:54:22.194Z | RESPONSE | POST | http://127.0.0.1:5000/api/dashboard/query | 200 | ok=true | duration_ms=1042 | {
  "data": [
    {
      "nb_fournisseurs_30j": 19
    }
  ],
  "name": "kpi_nb_fournisseurs_30j",
  "success": true
}
2026-05-27T01:54:22.236Z | RESPONSE | POST | http://127.0.0.1:5000/api/dashboard/query | 200 | ok=true | duration_ms=1085 | {
  "data": [
    {
      "marge_brute_30j": "26441.59"
    }
  ],
  "name": "kpi_marge_brute_30j",
  "success": true
}
2026-05-27T01:54:22.258Z | RESPONSE | POST | http://127.0.0.1:5000/api/dashboard/query | 200 | ok=true | duration_ms=1111 | {
  "data": [
    {
      "ca_ytd": "461110.12"
    }
  ],
  "name": "kpi_ca_ytd",
  "success": true
}
2026-05-27T01:54:22.282Z | RESPONSE | POST | http://127.0.0.1:5000/api/dashboard/query | 200 | ok=true | duration_ms=1130 | {
  "data": [
    {
      "jour": "Sun, 26 Apr 2026 00:00:00 GMT",
      "total_vente": "3250.49"
    },
    {
      "jour": "Mon, 27 Apr 2026 00:00:00 GMT",
      "total_vente": "3832.93"
    },
    {
      "jour": "Tue, 28 Apr 2026 00:00:00 GMT",
      "total_vente": "3350.95"
    },
    {
      "jour": "Wed, 29 Apr 2026 00:00:00 GMT",
      "total_vente": "4535.96"
    },
    {
      "jour": "Thu, 30 Apr 2026 00:00:00 GMT",
      "total_vente": "3229.09"
    },
    {
      "jour": "Fri, 01 May 2026 00:00:00 GMT",
      "total_vente": "3534.75"
    },
    {
      "jour": "Sat, 02 May 2026 00:00:00 GMT",
      "total_vente": "3533.46"
    },
    {
      "jour": "Sun, 03 May 2026 00:00:00 GMT",
      "total_vente": "3818.29"
    },
    {
      "jour": "Mon, 04 May 2026 00:00:00 GMT",
      "total_vente": "3258.37"
    },
    {
      "jour": "Tue, 05 May 2026 00:00:00 GMT",
      "total_vente": "4242.67"
    },
    {
      "jour": "Wed, 06 May 2026 00:00:00 GMT",
      "total_vente": "2688.34"
    },
    {
      "jour": "Thu, 07 May 2026 00:00:00 GMT",
      "total_vente": "3031.54"
    },
    {
      "jour": "Fri, 08 May 2026 00:00:00 GMT",
      "total_vente": "3207.59"
    },
    {
      "jour": "Sat, 09 May 2026 00:00:00 GMT",
      "total_vente": "3490.51"
    },
    {
      "jour": "Sun, 10 May 2026 00:00:00 GMT",
      "total_vente": "1577.46"
    },
    {
      "jour": "Mon, 11 May 2026 00:00:00 GMT",
      "total_vente": "1612.53"
    },
    {
      "jour": "Tue, 12 May 2026 00:00:00 GMT",
      "total_vente": "1687.91"
    },
    {
      "jour": "Wed, 13 May 2026 00:00:00 GMT",
      "total_vente": "1875.71"
    },
    {
      "jour": "Thu, 14 May 2026 00:00:00 GMT",
      "total_vente": "1100.89"
    },
    {
      "jour": "Fri, 15 May 2026 00:00:00 GMT",
      "total_vente": "793.77"
    },
    {
      "jour": "Sat, 16 May 2026 00:00:00 GMT",
      "total_vente": "879.22"
    },
    {
      "jour": "Sun, 17 May 2026 00:00:00 GMT",
      "total_vente": "12
2026-05-27T01:54:22.332Z | RESPONSE | POST | http://127.0.0.1:5000/api/dashboard/query | 200 | ok=true | duration_ms=1178 | {
  "data": [
    {
      "an_semaine": 202610,
      "ca_semaine": "21316.03",
      "debut_semaine": "Tue, 03 Mar 2026 00:00:00 GMT"
    },
    {
      "an_semaine": 202611,
      "ca_semaine": "23229.52",
      "debut_semaine": "Mon, 09 Mar 2026 00:00:00 GMT"
    },
    {
      "an_semaine": 202612,
      "ca_semaine": "23284.39",
      "debut_semaine": "Mon, 16 Mar 2026 00:00:00 GMT"
    },
    {
      "an_semaine": 202613,
      "ca_semaine": "25578.41",
      "debut_semaine": "Mon, 23 Mar 2026 00:00:00 GMT"
    },
    {
      "an_semaine": 202614,
      "ca_semaine": "21878.27",
      "debut_semaine": "Mon, 30 Mar 2026 00:00:00 GMT"
    },
    {
      "an_semaine": 202615,
      "ca_semaine": "24147.35",
      "debut_semaine": "Mon, 06 Apr 2026 00:00:00 GMT"
    },
    {
      "an_semaine": 202616,
      "ca_semaine": "24453.80",
      "debut_semaine": "Mon, 13 Apr 2026 00:00:00 GMT"
    },
    {
      "an_semaine": 202617,
      "ca_semaine": "22792.89",
      "debut_semaine": "Mon, 20 Apr 2026 00:00:00 GMT"
    },
    {
      "an_semaine": 202618,
      "ca_semaine": "25605.97",
      "debut_semaine": "Mon, 27 Apr 2026 00:00:00 GMT"
    },
    {
      "an_semaine": 202619,
      "ca_semaine": "21382.67",
      "debut_semaine": "Mon, 04 May 2026 00:00:00 GMT"
    },
    {
      "an_semaine": 202620,
      "ca_semaine": "8964.66",
      "debut_semaine": "Mon, 11 May 2026 00:00:00 GMT"
    },
    {
      "an_semaine": 202621,
      "ca_semaine": "8691.31",
      "debut_semaine": "Mon, 18 May 2026 00:00:00 GMT"
    },
    {
      "an_semaine": 202622,
      "ca_semaine": "1979.26",
      "debut_semaine": "Mon, 25 May 2026 00:00:00 GMT"
    }
  ],
  "name": "chart_ca_par_semaine_12",
  "success": true
}
2026-05-27T01:54:22.390Z | RESPONSE | POST | http://127.0.0.1:5000/api/dashboard/query | 200 | ok=true | duration_ms=1230 | {
  "data": [
    {
      "fournisseur": "GlobalCare Supplies",
      "total_achat": "24229.34"
    },
    {
      "fournisseur": "PharmaNord Distribution",
      "total_achat": "19052.78"
    },
    {
      "fournisseur": "BioPharm Montr\u251c\u00aeal",
      "total_achat": "11489.32"
    },
    {
      "fournisseur": "Vitalis Grossiste",
      "total_achat": "11085.50"
    },
    {
      "fournisseur": "OmniHealth Supply",
      "total_achat": "10598.35"
    },
    {
      "fournisseur": "MediStock Qu\u251c\u00aebec",
      "total_achat": "7974.48"
    },
    {
      "fournisseur": "Clinimed Canada",
      "total_achat": "7275.10"
    }
  ],
  "name": "chart_top_fournisseurs_30j",
  "success": true
}
2026-05-27T01:54:22.390Z | RESPONSE | POST | http://127.0.0.1:5000/api/dashboard/query | 200 | ok=true | duration_ms=1235 | {
  "data": [
    {
      "produit": "Solution lentilles 360 ml",
      "total_vendu": "143"
    },
    {
      "produit": "Pseudoephedrine 30 mg",
      "total_vendu": "128"
    },
    {
      "produit": "Gouttes yeux secs 15 ml",
      "total_vendu": "123"
    },
    {
      "produit": "Tensiom\u251c\u00bftre poignet",
      "total_vendu": "120"
    },
    {
      "produit": "Peroxyde hydrog\u251c\u00bfne 3%",
      "total_vendu": "116"
    }
  ],
  "name": "top5_produits_30j",
  "success": true
}
2026-05-27T01:54:22.392Z | RESPONSE | POST | http://127.0.0.1:5000/api/dashboard/query | 200 | ok=true | duration_ms=1234 | {
  "data": [
    {
      "date_expiration": "01-06-2026",
      "produit": "Amoxicilline 500mg",
      "quantite": 78
    },
    {
      "date_expiration": "04-06-2026",
      "produit": "Glucose comprim\u251c\u00aes",
      "quantite": 623
    },
    {
      "date_expiration": "05-06-2026",
      "produit": "Test grossesse",
      "quantite": 362
    },
    {
      "date_expiration": "09-06-2026",
      "produit": "Bandage \u251c\u00aelastique",
      "quantite": 428
    },
    {
      "date_expiration": "09-06-2026",
      "produit": "Bandelettes glyc\u251c\u00aemie",
      "quantite": 387
    },
    {
      "date_expiration": "09-06-2026",
      "produit": "Baume l\u251c\u00bfvres SPF",
      "quantite": 526
    },
    {
      "date_expiration": "11-06-2026",
      "produit": "Atorvastatine 20mg",
      "quantite": 705
    },
    {
      "date_expiration": "11-06-2026",
      "produit": "Amoxicilline 500mg",
      "quantite": 1015
    },
    {
      "date_expiration": "12-06-2026",
      "produit": "Cr\u251c\u00bfme hydrocortisone 1%",
      "quantite": 855
    },
    {
      "date_expiration": "13-06-2026",
      "produit": "Pansements assortis",
      "quantite": 702
    },
    {
      "date_expiration": "14-06-2026",
      "produit": "Acetaminophene 500 mg",
      "quantite": 890
    },
    {
      "date_expiration": "14-06-2026",
      "produit": "Sels de r\u251c\u00aehydratation orale",
      "quantite": 973
    },
    {
      "date_expiration": "15-06-2026",
      "produit": "Hydrocortisone creme",
      "quantite": 927
    },
    {
      "date_expiration": "16-06-2026",
      "produit": "Salbutamol inhalateur",
      "quantite": 1
    },
    {
      "date_expiration": "17-06-2026",
      "produit": "Vitamine D 1000 UI",
      "quantite": 1019
    },
    {
      "date_expiration": "19-06-2026",
      "produit": "Ibuprofene 200 mg",
      "quantite": 737
    },
    {
      "date_expiration": "20-06-2026",
      "produit": "Dentifrice sensibilit\u251c\u00ae"
2026-05-27T01:54:22.424Z | RESPONSE | POST | http://127.0.0.1:5000/api/dashboard/query | 200 | ok=true | duration_ms=1271 | {
  "data": [
    {
      "ca_mois": "103061.70",
      "mois": "2026-01"
    },
    {
      "ca_mois": "97187.26",
      "mois": "2026-02"
    },
    {
      "ca_mois": "106767.12",
      "mois": "2026-03"
    },
    {
      "ca_mois": "102276.00",
      "mois": "2026-04"
    },
    {
      "ca_mois": "51818.04",
      "mois": "2026-05"
    }
  ],
  "name": "chart_ca_mensuel_ytd",
  "success": true
}
2026-05-27T01:54:22.433Z | RESPONSE | POST | http://127.0.0.1:5000/api/dashboard/query | 200 | ok=true | duration_ms=1274 | {
  "data": [],
  "name": "stock_bas",
  "success": true
}
2026-05-27T01:54:22.445Z | RESPONSE | POST | http://127.0.0.1:5000/api/dashboard/query | 200 | ok=true | duration_ms=1284 | {
  "data": [
    {
      "produit": "Gouttes anti-allergies 10 ml",
      "total_stock": "19629"
    },
    {
      "produit": "Glucose comprim\u251c\u00aes",
      "total_stock": "17955"
    },
    {
      "produit": "Peroxyde hydrog\u251c\u00bfne 3%",
      "total_stock": "17511"
    },
    {
      "produit": "Electrolytes sport",
      "total_stock": "17305"
    },
    {
      "produit": "ORS sachet",
      "total_stock": "17233"
    },
    {
      "produit": "Calcium 500 mg",
      "total_stock": "17218"
    },
    {
      "produit": "Paracetamol 500mg",
      "total_stock": "15605"
    },
    {
      "produit": "Val\u251c\u00aeriane capsules",
      "total_stock": "15304"
    },
    {
      "produit": "Solution lentilles 360 ml",
      "total_stock": "15230"
    },
    {
      "produit": "Aspirine 81 mg",
      "total_stock": "14807"
    },
    {
      "produit": "Tensiom\u251c\u00bftre poignet",
      "total_stock": "14620"
    },
    {
      "produit": "Cr\u251c\u00bfme douleur musculaire",
      "total_stock": "14540"
    },
    {
      "produit": "Gants nitrile boite",
      "total_stock": "14447"
    },
    {
      "produit": "Test grossesse",
      "total_stock": "14299"
    },
    {
      "produit": "Seringues 5ml boite",
      "total_stock": "14249"
    },
    {
      "produit": "Patch chaleur",
      "total_stock": "14073"
    },
    {
      "produit": "Tensiometre bras",
      "total_stock": "13940"
    },
    {
      "produit": "Rince-bouche antiseptique",
      "total_stock": "13880"
    },
    {
      "produit": "Gants nitrile bo\u251c\u00abte 100",
      "total_stock": "13823"
    },
    {
      "produit": "Acetaminophene 500 mg",
      "total_stock": "13779"
    },
    {
      "produit": "Thermometre digital",
      "total_stock": "13774"
    },
    {
      "produit": "Masques m\u251c\u00aedicaux bo\u251c\u00abte 50",
      "total_stock": "13631"
    },
    {
      "produit": "Dolaren plus 250mg",
      "total_stock": "13546"
    },
    {
2026-05-27T01:54:22.476Z | RESPONSE | POST | http://127.0.0.1:5000/api/dashboard/query | 200 | ok=true | duration_ms=1320 | {
  "data": [
    {
      "ca": "11833.14",
      "category": "Vitamines"
    },
    {
      "ca": "9310.72",
      "category": "Rhume et grippe"
    },
    {
      "ca": "9308.37",
      "category": "Premiers soins"
    },
    {
      "ca": "8398.95",
      "category": "Soins oculaires"
    },
    {
      "ca": "7821.38",
      "category": "Digestif"
    },
    {
      "ca": "7363.35",
      "category": "Mat\u251c\u00aeriel m\u251c\u00aedical"
    },
    {
      "ca": "6491.40",
      "category": "Dermatologie"
    },
    {
      "ca": "6485.06",
      "category": "Diab\u251c\u00bfte"
    },
    {
      "ca": "6221.86",
      "category": "Respiratoire"
    },
    {
      "ca": "6017.57",
      "category": "Protection"
    },
    {
      "ca": "5421.12",
      "category": "MATERIEL"
    },
    {
      "ca": "5045.66",
      "category": "Allergies"
    },
    {
      "ca": "4719.86",
      "category": "Soins peau"
    },
    {
      "ca": "4642.99",
      "category": "Douleurs musculaires"
    },
    {
      "ca": "3944.79",
      "category": "Sommeil"
    },
    {
      "ca": "3620.03",
      "category": "Cardio"
    },
    {
      "ca": "3437.17",
      "category": "Analgesiques"
    },
    {
      "ca": "3154.76",
      "category": "Bucco-dentaire"
    },
    {
      "ca": "3026.99",
      "category": "ANTIBIO"
    },
    {
      "ca": "2856.25",
      "category": "DOULEUR"
    },
    {
      "ca": "2446.11",
      "category": "Sport sant\u251c\u00ae"
    },
    {
      "ca": "2190.77",
      "category": "PALUDISME"
    },
    {
      "ca": "2117.55",
      "category": "Cortico"
    },
    {
      "ca": "2103.05",
      "category": "SUPPLEMENT"
    },
    {
      "ca": "1895.63",
      "category": "DIABETE"
    },
    {
      "ca": "1698.22",
      "category": "GASTRO"
    },
    {
      "ca": "1635.45",
      "category": "Soins cheveux"
    },
    {
      "ca": "1389.75",
      "category": "Infection"
    },
    {
      "ca": "1320.85",
      "category": "Sant\u2
2026-05-27T01:54:22.502Z | RESPONSE | POST | http://127.0.0.1:5000/api/dashboard/query | 200 | ok=true | duration_ms=1340 | {
  "data": [
    {
      "ca": "4067.43",
      "jour": "Fri, 27 Mar 2026 00:00:00 GMT",
      "sma7": "4067.430000"
    },
    {
      "ca": "3569.57",
      "jour": "Sat, 28 Mar 2026 00:00:00 GMT",
      "sma7": "3818.500000"
    },
    {
      "ca": "3787.88",
      "jour": "Sun, 29 Mar 2026 00:00:00 GMT",
      "sma7": "3808.293333"
    },
    {
      "ca": "2937.31",
      "jour": "Mon, 30 Mar 2026 00:00:00 GMT",
      "sma7": "3590.547500"
    },
    {
      "ca": "2864.83",
      "jour": "Tue, 31 Mar 2026 00:00:00 GMT",
      "sma7": "3445.404000"
    },
    {
      "ca": "2478.87",
      "jour": "Wed, 01 Apr 2026 00:00:00 GMT",
      "sma7": "3284.315000"
    },
    {
      "ca": "4755.54",
      "jour": "Thu, 02 Apr 2026 00:00:00 GMT",
      "sma7": "3494.490000"
    },
    {
      "ca": "3310.04",
      "jour": "Fri, 03 Apr 2026 00:00:00 GMT",
      "sma7": "3386.291429"
    },
    {
      "ca": "2674.99",
      "jour": "Sat, 04 Apr 2026 00:00:00 GMT",
      "sma7": "3258.494286"
    },
    {
      "ca": "2856.69",
      "jour": "Sun, 05 Apr 2026 00:00:00 GMT",
      "sma7": "3125.467143"
    },
    {
      "ca": "3541.67",
      "jour": "Mon, 06 Apr 2026 00:00:00 GMT",
      "sma7": "3211.804286"
    },
    {
      "ca": "3626.86",
      "jour": "Tue, 07 Apr 2026 00:00:00 GMT",
      "sma7": "3320.665714"
    },
    {
      "ca": "3925.10",
      "jour": "Wed, 08 Apr 2026 00:00:00 GMT",
      "sma7": "3527.270000"
    },
    {
      "ca": "3213.05",
      "jour": "Thu, 09 Apr 2026 00:00:00 GMT",
      "sma7": "3306.914286"
    },
    {
      "ca": "3687.98",
      "jour": "Fri, 10 Apr 2026 00:00:00 GMT",
      "sma7": "3360.905714"
    },
    {
      "ca": "2738.24",
      "jour": "Sat, 11 Apr 2026 00:00:00 GMT",
      "sma7": "3369.941429"
    },
    {
      "ca": "3414.45",
      "jour": "Sun, 12 Apr 2026 00:00:00 GMT",
      "sma7": "3449.621429"
    },
    {
      "ca": "3447.77",
      "jour": "Mon, 13 Apr 2026 00:00:00 GMT",
      "sma7": "3436.207
2026-05-27T01:55:13.140Z | REQUEST  | POST | http://127.0.0.1:5000/api/dashboard/query
2026-05-27T01:55:13.142Z | REQUEST  | POST | http://127.0.0.1:5000/api/dashboard/query
2026-05-27T01:55:13.143Z | REQUEST  | POST | http://127.0.0.1:5000/api/dashboard/query
2026-05-27T01:55:13.147Z | REQUEST  | POST | http://127.0.0.1:5000/api/dashboard/query
2026-05-27T01:55:13.148Z | REQUEST  | POST | http://127.0.0.1:5000/api/dashboard/query
2026-05-27T01:55:13.149Z | REQUEST  | POST | http://127.0.0.1:5000/api/dashboard/query
2026-05-27T01:55:13.150Z | REQUEST  | POST | http://127.0.0.1:5000/api/dashboard/query
2026-05-27T01:55:13.150Z | REQUEST  | POST | http://127.0.0.1:5000/api/dashboard/query
2026-05-27T01:55:13.151Z | REQUEST  | POST | http://127.0.0.1:5000/api/dashboard/query
2026-05-27T01:55:13.152Z | REQUEST  | POST | http://127.0.0.1:5000/api/dashboard/query
2026-05-27T01:55:13.152Z | REQUEST  | POST | http://127.0.0.1:5000/api/dashboard/query
2026-05-27T01:55:13.153Z | REQUEST  | POST | http://127.0.0.1:5000/api/dashboard/query
2026-05-27T01:55:13.154Z | REQUEST  | POST | http://127.0.0.1:5000/api/dashboard/query
2026-05-27T01:55:13.156Z | REQUEST  | POST | http://127.0.0.1:5000/api/dashboard/query
2026-05-27T01:55:13.158Z | REQUEST  | POST | http://127.0.0.1:5000/api/dashboard/query
2026-05-27T01:55:13.160Z | REQUEST  | POST | http://127.0.0.1:5000/api/dashboard/query
2026-05-27T01:55:13.161Z | REQUEST  | POST | http://127.0.0.1:5000/api/dashboard/query
2026-05-27T01:55:13.161Z | REQUEST  | POST | http://127.0.0.1:5000/api/dashboard/query
2026-05-27T01:55:13.162Z | REQUEST  | POST | http://127.0.0.1:5000/api/dashboard/query
2026-05-27T01:55:13.823Z | RESPONSE | POST | http://127.0.0.1:5000/api/dashboard/query | 200 | ok=true | duration_ms=671 | {
  "data": [
    {
      "nb_alertes_stock": 0
    }
  ],
  "name": "kpi_nb_alertes_stock",
  "success": true
}
2026-05-27T01:55:13.824Z | RESPONSE | POST | http://127.0.0.1:5000/api/dashboard/query | 200 | ok=true | duration_ms=675 | {
  "data": [
    {
      "nb_ventes_jour": 43
    }
  ],
  "name": "kpi_nb_ventes_jour",
  "success": true
}
2026-05-27T01:55:13.846Z | RESPONSE | POST | http://127.0.0.1:5000/api/dashboard/query | 200 | ok=true | duration_ms=704 | {
  "data": [
    {
      "ca_jour": "928.19"
    }
  ],
  "name": "kpi_ca_jour",
  "success": true
}
2026-05-27T01:55:13.853Z | RESPONSE | POST | http://127.0.0.1:5000/api/dashboard/query | 200 | ok=true | duration_ms=704 | {
  "data": [
    {
      "valeur_stock": "6962846.18"
    }
  ],
  "name": "kpi_valeur_stock",
  "success": true
}
2026-05-27T01:55:13.865Z | RESPONSE | POST | http://127.0.0.1:5000/api/dashboard/query | 200 | ok=true | duration_ms=716 | {
  "data": [
    {
      "nb_produits_actifs": 103
    }
  ],
  "name": "kpi_nb_produits_actifs",
  "success": true
}
2026-05-27T01:55:13.964Z | RESPONSE | POST | http://127.0.0.1:5000/api/dashboard/query | 200 | ok=true | duration_ms=813 | {
  "data": [
    {
      "marge_brute_30j": "26441.59"
    }
  ],
  "name": "kpi_marge_brute_30j",
  "success": true
}
2026-05-27T01:55:14.000Z | RESPONSE | POST | http://127.0.0.1:5000/api/dashboard/query | 200 | ok=true | duration_ms=849 | {
  "data": [
    {
      "nb_produits_expires_en_stock": 1224
    }
  ],
  "name": "kpi_nb_produits_expires_en_stock",
  "success": true
}
2026-05-27T01:55:14.055Z | RESPONSE | POST | http://127.0.0.1:5000/api/dashboard/query | 200 | ok=true | duration_ms=902 | {
  "data": [
    {
      "nb_fournisseurs_30j": 19
    }
  ],
  "name": "kpi_nb_fournisseurs_30j",
  "success": true
}
2026-05-27T01:55:14.065Z | RESPONSE | POST | http://127.0.0.1:5000/api/dashboard/query | 200 | ok=true | duration_ms=915 | {
  "data": [
    {
      "ca_ytd": "461110.12"
    }
  ],
  "name": "kpi_ca_ytd",
  "success": true
}
2026-05-27T01:55:14.183Z | RESPONSE | POST | http://127.0.0.1:5000/api/dashboard/query | 200 | ok=true | duration_ms=1029 | {
  "data": [
    {
      "jour": "Sun, 26 Apr 2026 00:00:00 GMT",
      "total_vente": "3250.49"
    },
    {
      "jour": "Mon, 27 Apr 2026 00:00:00 GMT",
      "total_vente": "3832.93"
    },
    {
      "jour": "Tue, 28 Apr 2026 00:00:00 GMT",
      "total_vente": "3350.95"
    },
    {
      "jour": "Wed, 29 Apr 2026 00:00:00 GMT",
      "total_vente": "4535.96"
    },
    {
      "jour": "Thu, 30 Apr 2026 00:00:00 GMT",
      "total_vente": "3229.09"
    },
    {
      "jour": "Fri, 01 May 2026 00:00:00 GMT",
      "total_vente": "3534.75"
    },
    {
      "jour": "Sat, 02 May 2026 00:00:00 GMT",
      "total_vente": "3533.46"
    },
    {
      "jour": "Sun, 03 May 2026 00:00:00 GMT",
      "total_vente": "3818.29"
    },
    {
      "jour": "Mon, 04 May 2026 00:00:00 GMT",
      "total_vente": "3258.37"
    },
    {
      "jour": "Tue, 05 May 2026 00:00:00 GMT",
      "total_vente": "4242.67"
    },
    {
      "jour": "Wed, 06 May 2026 00:00:00 GMT",
      "total_vente": "2688.34"
    },
    {
      "jour": "Thu, 07 May 2026 00:00:00 GMT",
      "total_vente": "3031.54"
    },
    {
      "jour": "Fri, 08 May 2026 00:00:00 GMT",
      "total_vente": "3207.59"
    },
    {
      "jour": "Sat, 09 May 2026 00:00:00 GMT",
      "total_vente": "3490.51"
    },
    {
      "jour": "Sun, 10 May 2026 00:00:00 GMT",
      "total_vente": "1577.46"
    },
    {
      "jour": "Mon, 11 May 2026 00:00:00 GMT",
      "total_vente": "1612.53"
    },
    {
      "jour": "Tue, 12 May 2026 00:00:00 GMT",
      "total_vente": "1687.91"
    },
    {
      "jour": "Wed, 13 May 2026 00:00:00 GMT",
      "total_vente": "1875.71"
    },
    {
      "jour": "Thu, 14 May 2026 00:00:00 GMT",
      "total_vente": "1100.89"
    },
    {
      "jour": "Fri, 15 May 2026 00:00:00 GMT",
      "total_vente": "793.77"
    },
    {
      "jour": "Sat, 16 May 2026 00:00:00 GMT",
      "total_vente": "879.22"
    },
    {
      "jour": "Sun, 17 May 2026 00:00:00 GMT",
      "total_vente": "12
2026-05-27T01:55:14.184Z | RESPONSE | POST | http://127.0.0.1:5000/api/dashboard/query | 200 | ok=true | duration_ms=1031 | {
  "data": [
    {
      "an_semaine": 202610,
      "ca_semaine": "21316.03",
      "debut_semaine": "Tue, 03 Mar 2026 00:00:00 GMT"
    },
    {
      "an_semaine": 202611,
      "ca_semaine": "23229.52",
      "debut_semaine": "Mon, 09 Mar 2026 00:00:00 GMT"
    },
    {
      "an_semaine": 202612,
      "ca_semaine": "23284.39",
      "debut_semaine": "Mon, 16 Mar 2026 00:00:00 GMT"
    },
    {
      "an_semaine": 202613,
      "ca_semaine": "25578.41",
      "debut_semaine": "Mon, 23 Mar 2026 00:00:00 GMT"
    },
    {
      "an_semaine": 202614,
      "ca_semaine": "21878.27",
      "debut_semaine": "Mon, 30 Mar 2026 00:00:00 GMT"
    },
    {
      "an_semaine": 202615,
      "ca_semaine": "24147.35",
      "debut_semaine": "Mon, 06 Apr 2026 00:00:00 GMT"
    },
    {
      "an_semaine": 202616,
      "ca_semaine": "24453.80",
      "debut_semaine": "Mon, 13 Apr 2026 00:00:00 GMT"
    },
    {
      "an_semaine": 202617,
      "ca_semaine": "22792.89",
      "debut_semaine": "Mon, 20 Apr 2026 00:00:00 GMT"
    },
    {
      "an_semaine": 202618,
      "ca_semaine": "25605.97",
      "debut_semaine": "Mon, 27 Apr 2026 00:00:00 GMT"
    },
    {
      "an_semaine": 202619,
      "ca_semaine": "21382.67",
      "debut_semaine": "Mon, 04 May 2026 00:00:00 GMT"
    },
    {
      "an_semaine": 202620,
      "ca_semaine": "8964.66",
      "debut_semaine": "Mon, 11 May 2026 00:00:00 GMT"
    },
    {
      "an_semaine": 202621,
      "ca_semaine": "8691.31",
      "debut_semaine": "Mon, 18 May 2026 00:00:00 GMT"
    },
    {
      "an_semaine": 202622,
      "ca_semaine": "1979.26",
      "debut_semaine": "Mon, 25 May 2026 00:00:00 GMT"
    }
  ],
  "name": "chart_ca_par_semaine_12",
  "success": true
}
2026-05-27T01:55:14.215Z | RESPONSE | POST | http://127.0.0.1:5000/api/dashboard/query | 200 | ok=true | duration_ms=1056 | {
  "data": [
    {
      "fournisseur": "GlobalCare Supplies",
      "total_achat": "24229.34"
    },
    {
      "fournisseur": "PharmaNord Distribution",
      "total_achat": "19052.78"
    },
    {
      "fournisseur": "BioPharm Montr\u251c\u00aeal",
      "total_achat": "11489.32"
    },
    {
      "fournisseur": "Vitalis Grossiste",
      "total_achat": "11085.50"
    },
    {
      "fournisseur": "OmniHealth Supply",
      "total_achat": "10598.35"
    },
    {
      "fournisseur": "MediStock Qu\u251c\u00aebec",
      "total_achat": "7974.48"
    },
    {
      "fournisseur": "Clinimed Canada",
      "total_achat": "7275.10"
    }
  ],
  "name": "chart_top_fournisseurs_30j",
  "success": true
}
2026-05-27T01:55:14.232Z | RESPONSE | POST | http://127.0.0.1:5000/api/dashboard/query | 200 | ok=true | duration_ms=1069 | {
  "data": [
    {
      "date_expiration": "01-06-2026",
      "produit": "Amoxicilline 500mg",
      "quantite": 78
    },
    {
      "date_expiration": "04-06-2026",
      "produit": "Glucose comprim\u251c\u00aes",
      "quantite": 623
    },
    {
      "date_expiration": "05-06-2026",
      "produit": "Test grossesse",
      "quantite": 362
    },
    {
      "date_expiration": "09-06-2026",
      "produit": "Bandage \u251c\u00aelastique",
      "quantite": 428
    },
    {
      "date_expiration": "09-06-2026",
      "produit": "Bandelettes glyc\u251c\u00aemie",
      "quantite": 387
    },
    {
      "date_expiration": "09-06-2026",
      "produit": "Baume l\u251c\u00bfvres SPF",
      "quantite": 526
    },
    {
      "date_expiration": "11-06-2026",
      "produit": "Atorvastatine 20mg",
      "quantite": 705
    },
    {
      "date_expiration": "11-06-2026",
      "produit": "Amoxicilline 500mg",
      "quantite": 1015
    },
    {
      "date_expiration": "12-06-2026",
      "produit": "Cr\u251c\u00bfme hydrocortisone 1%",
      "quantite": 855
    },
    {
      "date_expiration": "13-06-2026",
      "produit": "Pansements assortis",
      "quantite": 702
    },
    {
      "date_expiration": "14-06-2026",
      "produit": "Acetaminophene 500 mg",
      "quantite": 890
    },
    {
      "date_expiration": "14-06-2026",
      "produit": "Sels de r\u251c\u00aehydratation orale",
      "quantite": 973
    },
    {
      "date_expiration": "15-06-2026",
      "produit": "Hydrocortisone creme",
      "quantite": 927
    },
    {
      "date_expiration": "16-06-2026",
      "produit": "Salbutamol inhalateur",
      "quantite": 1
    },
    {
      "date_expiration": "17-06-2026",
      "produit": "Vitamine D 1000 UI",
      "quantite": 1019
    },
    {
      "date_expiration": "19-06-2026",
      "produit": "Ibuprofene 200 mg",
      "quantite": 737
    },
    {
      "date_expiration": "20-06-2026",
      "produit": "Dentifrice sensibilit\u251c\u00ae"
2026-05-27T01:55:14.240Z | RESPONSE | POST | http://127.0.0.1:5000/api/dashboard/query | 200 | ok=true | duration_ms=1085 | {
  "data": [
    {
      "produit": "Solution lentilles 360 ml",
      "total_vendu": "143"
    },
    {
      "produit": "Pseudoephedrine 30 mg",
      "total_vendu": "128"
    },
    {
      "produit": "Gouttes yeux secs 15 ml",
      "total_vendu": "123"
    },
    {
      "produit": "Tensiom\u251c\u00bftre poignet",
      "total_vendu": "120"
    },
    {
      "produit": "Peroxyde hydrog\u251c\u00bfne 3%",
      "total_vendu": "116"
    }
  ],
  "name": "top5_produits_30j",
  "success": true
}
2026-05-27T01:55:14.270Z | RESPONSE | POST | http://127.0.0.1:5000/api/dashboard/query | 200 | ok=true | duration_ms=1116 | {
  "data": [
    {
      "ca_mois": "103061.70",
      "mois": "2026-01"
    },
    {
      "ca_mois": "97187.26",
      "mois": "2026-02"
    },
    {
      "ca_mois": "106767.12",
      "mois": "2026-03"
    },
    {
      "ca_mois": "102276.00",
      "mois": "2026-04"
    },
    {
      "ca_mois": "51818.04",
      "mois": "2026-05"
    }
  ],
  "name": "chart_ca_mensuel_ytd",
  "success": true
}
2026-05-27T01:55:14.284Z | RESPONSE | POST | http://127.0.0.1:5000/api/dashboard/query | 200 | ok=true | duration_ms=1123 | {
  "data": [],
  "name": "stock_bas",
  "success": true
}
2026-05-27T01:55:14.286Z | RESPONSE | POST | http://127.0.0.1:5000/api/dashboard/query | 200 | ok=true | duration_ms=1124 | {
  "data": [
    {
      "produit": "Gouttes anti-allergies 10 ml",
      "total_stock": "19629"
    },
    {
      "produit": "Glucose comprim\u251c\u00aes",
      "total_stock": "17955"
    },
    {
      "produit": "Peroxyde hydrog\u251c\u00bfne 3%",
      "total_stock": "17511"
    },
    {
      "produit": "Electrolytes sport",
      "total_stock": "17305"
    },
    {
      "produit": "ORS sachet",
      "total_stock": "17233"
    },
    {
      "produit": "Calcium 500 mg",
      "total_stock": "17218"
    },
    {
      "produit": "Paracetamol 500mg",
      "total_stock": "15605"
    },
    {
      "produit": "Val\u251c\u00aeriane capsules",
      "total_stock": "15304"
    },
    {
      "produit": "Solution lentilles 360 ml",
      "total_stock": "15230"
    },
    {
      "produit": "Aspirine 81 mg",
      "total_stock": "14807"
    },
    {
      "produit": "Tensiom\u251c\u00bftre poignet",
      "total_stock": "14620"
    },
    {
      "produit": "Cr\u251c\u00bfme douleur musculaire",
      "total_stock": "14540"
    },
    {
      "produit": "Gants nitrile boite",
      "total_stock": "14447"
    },
    {
      "produit": "Test grossesse",
      "total_stock": "14299"
    },
    {
      "produit": "Seringues 5ml boite",
      "total_stock": "14249"
    },
    {
      "produit": "Patch chaleur",
      "total_stock": "14073"
    },
    {
      "produit": "Tensiometre bras",
      "total_stock": "13940"
    },
    {
      "produit": "Rince-bouche antiseptique",
      "total_stock": "13880"
    },
    {
      "produit": "Gants nitrile bo\u251c\u00abte 100",
      "total_stock": "13823"
    },
    {
      "produit": "Acetaminophene 500 mg",
      "total_stock": "13779"
    },
    {
      "produit": "Thermometre digital",
      "total_stock": "13774"
    },
    {
      "produit": "Masques m\u251c\u00aedicaux bo\u251c\u00abte 50",
      "total_stock": "13631"
    },
    {
      "produit": "Dolaren plus 250mg",
      "total_stock": "13546"
    },
    {
2026-05-27T01:55:14.314Z | RESPONSE | POST | http://127.0.0.1:5000/api/dashboard/query | 200 | ok=true | duration_ms=1151 | {
  "data": [
    {
      "ca": "4067.43",
      "jour": "Fri, 27 Mar 2026 00:00:00 GMT",
      "sma7": "4067.430000"
    },
    {
      "ca": "3569.57",
      "jour": "Sat, 28 Mar 2026 00:00:00 GMT",
      "sma7": "3818.500000"
    },
    {
      "ca": "3787.88",
      "jour": "Sun, 29 Mar 2026 00:00:00 GMT",
      "sma7": "3808.293333"
    },
    {
      "ca": "2937.31",
      "jour": "Mon, 30 Mar 2026 00:00:00 GMT",
      "sma7": "3590.547500"
    },
    {
      "ca": "2864.83",
      "jour": "Tue, 31 Mar 2026 00:00:00 GMT",
      "sma7": "3445.404000"
    },
    {
      "ca": "2478.87",
      "jour": "Wed, 01 Apr 2026 00:00:00 GMT",
      "sma7": "3284.315000"
    },
    {
      "ca": "4755.54",
      "jour": "Thu, 02 Apr 2026 00:00:00 GMT",
      "sma7": "3494.490000"
    },
    {
      "ca": "3310.04",
      "jour": "Fri, 03 Apr 2026 00:00:00 GMT",
      "sma7": "3386.291429"
    },
    {
      "ca": "2674.99",
      "jour": "Sat, 04 Apr 2026 00:00:00 GMT",
      "sma7": "3258.494286"
    },
    {
      "ca": "2856.69",
      "jour": "Sun, 05 Apr 2026 00:00:00 GMT",
      "sma7": "3125.467143"
    },
    {
      "ca": "3541.67",
      "jour": "Mon, 06 Apr 2026 00:00:00 GMT",
      "sma7": "3211.804286"
    },
    {
      "ca": "3626.86",
      "jour": "Tue, 07 Apr 2026 00:00:00 GMT",
      "sma7": "3320.665714"
    },
    {
      "ca": "3925.10",
      "jour": "Wed, 08 Apr 2026 00:00:00 GMT",
      "sma7": "3527.270000"
    },
    {
      "ca": "3213.05",
      "jour": "Thu, 09 Apr 2026 00:00:00 GMT",
      "sma7": "3306.914286"
    },
    {
      "ca": "3687.98",
      "jour": "Fri, 10 Apr 2026 00:00:00 GMT",
      "sma7": "3360.905714"
    },
    {
      "ca": "2738.24",
      "jour": "Sat, 11 Apr 2026 00:00:00 GMT",
      "sma7": "3369.941429"
    },
    {
      "ca": "3414.45",
      "jour": "Sun, 12 Apr 2026 00:00:00 GMT",
      "sma7": "3449.621429"
    },
    {
      "ca": "3447.77",
      "jour": "Mon, 13 Apr 2026 00:00:00 GMT",
      "sma7": "3436.207
2026-05-27T01:55:14.333Z | RESPONSE | POST | http://127.0.0.1:5000/api/dashboard/query | 200 | ok=true | duration_ms=1173 | {
  "data": [
    {
      "ca": "11833.14",
      "category": "Vitamines"
    },
    {
      "ca": "9310.72",
      "category": "Rhume et grippe"
    },
    {
      "ca": "9308.37",
      "category": "Premiers soins"
    },
    {
      "ca": "8398.95",
      "category": "Soins oculaires"
    },
    {
      "ca": "7821.38",
      "category": "Digestif"
    },
    {
      "ca": "7363.35",
      "category": "Mat\u251c\u00aeriel m\u251c\u00aedical"
    },
    {
      "ca": "6491.40",
      "category": "Dermatologie"
    },
    {
      "ca": "6485.06",
      "category": "Diab\u251c\u00bfte"
    },
    {
      "ca": "6221.86",
      "category": "Respiratoire"
    },
    {
      "ca": "6017.57",
      "category": "Protection"
    },
    {
      "ca": "5421.12",
      "category": "MATERIEL"
    },
    {
      "ca": "5045.66",
      "category": "Allergies"
    },
    {
      "ca": "4719.86",
      "category": "Soins peau"
    },
    {
      "ca": "4642.99",
      "category": "Douleurs musculaires"
    },
    {
      "ca": "3944.79",
      "category": "Sommeil"
    },
    {
      "ca": "3620.03",
      "category": "Cardio"
    },
    {
      "ca": "3437.17",
      "category": "Analgesiques"
    },
    {
      "ca": "3154.76",
      "category": "Bucco-dentaire"
    },
    {
      "ca": "3026.99",
      "category": "ANTIBIO"
    },
    {
      "ca": "2856.25",
      "category": "DOULEUR"
    },
    {
      "ca": "2446.11",
      "category": "Sport sant\u251c\u00ae"
    },
    {
      "ca": "2190.77",
      "category": "PALUDISME"
    },
    {
      "ca": "2117.55",
      "category": "Cortico"
    },
    {
      "ca": "2103.05",
      "category": "SUPPLEMENT"
    },
    {
      "ca": "1895.63",
      "category": "DIABETE"
    },
    {
      "ca": "1698.22",
      "category": "GASTRO"
    },
    {
      "ca": "1635.45",
      "category": "Soins cheveux"
    },
    {
      "ca": "1389.75",
      "category": "Infection"
    },
    {
      "ca": "1320.85",
      "category": "Sant\u2
2026-05-27T01:55:30.654Z | REQUEST  | POST | http://127.0.0.1:5000/api/dashboard/query
2026-05-27T01:55:30.655Z | REQUEST  | POST | http://127.0.0.1:5000/api/dashboard/query
2026-05-27T01:55:30.656Z | REQUEST  | POST | http://127.0.0.1:5000/api/dashboard/query
2026-05-27T01:55:30.657Z | REQUEST  | POST | http://127.0.0.1:5000/api/dashboard/query
2026-05-27T01:55:30.657Z | REQUEST  | POST | http://127.0.0.1:5000/api/dashboard/query
2026-05-27T01:55:30.660Z | REQUEST  | POST | http://127.0.0.1:5000/api/dashboard/query
2026-05-27T01:55:30.661Z | REQUEST  | POST | http://127.0.0.1:5000/api/dashboard/query
2026-05-27T01:55:30.665Z | REQUEST  | POST | http://127.0.0.1:5000/api/dashboard/query
2026-05-27T01:55:30.667Z | REQUEST  | POST | http://127.0.0.1:5000/api/dashboard/query
2026-05-27T01:55:30.669Z | REQUEST  | POST | http://127.0.0.1:5000/api/dashboard/query
2026-05-27T01:55:30.670Z | REQUEST  | POST | http://127.0.0.1:5000/api/dashboard/query
2026-05-27T01:55:30.670Z | REQUEST  | POST | http://127.0.0.1:5000/api/dashboard/query
2026-05-27T01:55:30.671Z | REQUEST  | POST | http://127.0.0.1:5000/api/dashboard/query
2026-05-27T01:55:30.672Z | REQUEST  | POST | http://127.0.0.1:5000/api/dashboard/query
2026-05-27T01:55:30.673Z | REQUEST  | POST | http://127.0.0.1:5000/api/dashboard/query
2026-05-27T01:55:30.674Z | REQUEST  | POST | http://127.0.0.1:5000/api/dashboard/query
2026-05-27T01:55:30.675Z | REQUEST  | POST | http://127.0.0.1:5000/api/dashboard/query
2026-05-27T01:55:30.677Z | REQUEST  | POST | http://127.0.0.1:5000/api/dashboard/query
2026-05-27T01:55:30.678Z | REQUEST  | POST | http://127.0.0.1:5000/api/dashboard/query
2026-05-27T01:55:30.930Z | RESPONSE | POST | http://127.0.0.1:5000/api/dashboard/query | 200 | ok=true | duration_ms=273 | {
  "data": [
    {
      "nb_ventes_jour": 43
    }
  ],
  "name": "kpi_nb_ventes_jour",
  "success": true
}
2026-05-27T01:55:31.079Z | RESPONSE | POST | http://127.0.0.1:5000/api/dashboard/query | 200 | ok=true | duration_ms=422 | {
  "data": [
    {
      "nb_alertes_stock": 0
    }
  ],
  "name": "kpi_nb_alertes_stock",
  "success": true
}
2026-05-27T01:55:31.109Z | RESPONSE | POST | http://127.0.0.1:5000/api/dashboard/query | 200 | ok=true | duration_ms=455 | {
  "data": [
    {
      "ca_jour": "928.19"
    }
  ],
  "name": "kpi_ca_jour",
  "success": true
}
2026-05-27T01:55:31.163Z | RESPONSE | POST | http://127.0.0.1:5000/api/dashboard/query | 200 | ok=true | duration_ms=506 | {
  "data": [
    {
      "valeur_stock": "6962846.18"
    }
  ],
  "name": "kpi_valeur_stock",
  "success": true
}
2026-05-27T01:55:31.168Z | RESPONSE | POST | http://127.0.0.1:5000/api/dashboard/query | 200 | ok=true | duration_ms=510 | {
  "data": [
    {
      "nb_produits_actifs": 103
    }
  ],
  "name": "kpi_nb_produits_actifs",
  "success": true
}
2026-05-27T01:55:31.266Z | RESPONSE | POST | http://127.0.0.1:5000/api/dashboard/query | 200 | ok=true | duration_ms=601 | {
  "data": [
    {
      "nb_produits_expires_en_stock": 1224
    }
  ],
  "name": "kpi_nb_produits_expires_en_stock",
  "success": true
}
2026-05-27T01:55:31.267Z | RESPONSE | POST | http://127.0.0.1:5000/api/dashboard/query | 200 | ok=true | duration_ms=607 | {
  "data": [
    {
      "ca_ytd": "461110.12"
    }
  ],
  "name": "kpi_ca_ytd",
  "success": true
}
2026-05-27T01:55:31.288Z | RESPONSE | POST | http://127.0.0.1:5000/api/dashboard/query | 200 | ok=true | duration_ms=621 | {
  "data": [
    {
      "marge_brute_30j": "26441.59"
    }
  ],
  "name": "kpi_marge_brute_30j",
  "success": true
}
2026-05-27T01:55:31.290Z | RESPONSE | POST | http://127.0.0.1:5000/api/dashboard/query | 200 | ok=true | duration_ms=621 | {
  "data": [
    {
      "nb_fournisseurs_30j": 19
    }
  ],
  "name": "kpi_nb_fournisseurs_30j",
  "success": true
}
2026-05-27T01:55:31.372Z | RESPONSE | POST | http://127.0.0.1:5000/api/dashboard/query | 200 | ok=true | duration_ms=702 | {
  "data": [
    {
      "jour": "Sun, 26 Apr 2026 00:00:00 GMT",
      "total_vente": "3250.49"
    },
    {
      "jour": "Mon, 27 Apr 2026 00:00:00 GMT",
      "total_vente": "3832.93"
    },
    {
      "jour": "Tue, 28 Apr 2026 00:00:00 GMT",
      "total_vente": "3350.95"
    },
    {
      "jour": "Wed, 29 Apr 2026 00:00:00 GMT",
      "total_vente": "4535.96"
    },
    {
      "jour": "Thu, 30 Apr 2026 00:00:00 GMT",
      "total_vente": "3229.09"
    },
    {
      "jour": "Fri, 01 May 2026 00:00:00 GMT",
      "total_vente": "3534.75"
    },
    {
      "jour": "Sat, 02 May 2026 00:00:00 GMT",
      "total_vente": "3533.46"
    },
    {
      "jour": "Sun, 03 May 2026 00:00:00 GMT",
      "total_vente": "3818.29"
    },
    {
      "jour": "Mon, 04 May 2026 00:00:00 GMT",
      "total_vente": "3258.37"
    },
    {
      "jour": "Tue, 05 May 2026 00:00:00 GMT",
      "total_vente": "4242.67"
    },
    {
      "jour": "Wed, 06 May 2026 00:00:00 GMT",
      "total_vente": "2688.34"
    },
    {
      "jour": "Thu, 07 May 2026 00:00:00 GMT",
      "total_vente": "3031.54"
    },
    {
      "jour": "Fri, 08 May 2026 00:00:00 GMT",
      "total_vente": "3207.59"
    },
    {
      "jour": "Sat, 09 May 2026 00:00:00 GMT",
      "total_vente": "3490.51"
    },
    {
      "jour": "Sun, 10 May 2026 00:00:00 GMT",
      "total_vente": "1577.46"
    },
    {
      "jour": "Mon, 11 May 2026 00:00:00 GMT",
      "total_vente": "1612.53"
    },
    {
      "jour": "Tue, 12 May 2026 00:00:00 GMT",
      "total_vente": "1687.91"
    },
    {
      "jour": "Wed, 13 May 2026 00:00:00 GMT",
      "total_vente": "1875.71"
    },
    {
      "jour": "Thu, 14 May 2026 00:00:00 GMT",
      "total_vente": "1100.89"
    },
    {
      "jour": "Fri, 15 May 2026 00:00:00 GMT",
      "total_vente": "793.77"
    },
    {
      "jour": "Sat, 16 May 2026 00:00:00 GMT",
      "total_vente": "879.22"
    },
    {
      "jour": "Sun, 17 May 2026 00:00:00 GMT",
      "total_vente": "12
2026-05-27T01:55:31.427Z | RESPONSE | POST | http://127.0.0.1:5000/api/dashboard/query | 200 | ok=true | duration_ms=753 | {
  "data": [
    {
      "an_semaine": 202610,
      "ca_semaine": "21316.03",
      "debut_semaine": "Tue, 03 Mar 2026 00:00:00 GMT"
    },
    {
      "an_semaine": 202611,
      "ca_semaine": "23229.52",
      "debut_semaine": "Mon, 09 Mar 2026 00:00:00 GMT"
    },
    {
      "an_semaine": 202612,
      "ca_semaine": "23284.39",
      "debut_semaine": "Mon, 16 Mar 2026 00:00:00 GMT"
    },
    {
      "an_semaine": 202613,
      "ca_semaine": "25578.41",
      "debut_semaine": "Mon, 23 Mar 2026 00:00:00 GMT"
    },
    {
      "an_semaine": 202614,
      "ca_semaine": "21878.27",
      "debut_semaine": "Mon, 30 Mar 2026 00:00:00 GMT"
    },
    {
      "an_semaine": 202615,
      "ca_semaine": "24147.35",
      "debut_semaine": "Mon, 06 Apr 2026 00:00:00 GMT"
    },
    {
      "an_semaine": 202616,
      "ca_semaine": "24453.80",
      "debut_semaine": "Mon, 13 Apr 2026 00:00:00 GMT"
    },
    {
      "an_semaine": 202617,
      "ca_semaine": "22792.89",
      "debut_semaine": "Mon, 20 Apr 2026 00:00:00 GMT"
    },
    {
      "an_semaine": 202618,
      "ca_semaine": "25605.97",
      "debut_semaine": "Mon, 27 Apr 2026 00:00:00 GMT"
    },
    {
      "an_semaine": 202619,
      "ca_semaine": "21382.67",
      "debut_semaine": "Mon, 04 May 2026 00:00:00 GMT"
    },
    {
      "an_semaine": 202620,
      "ca_semaine": "8964.66",
      "debut_semaine": "Mon, 11 May 2026 00:00:00 GMT"
    },
    {
      "an_semaine": 202621,
      "ca_semaine": "8691.31",
      "debut_semaine": "Mon, 18 May 2026 00:00:00 GMT"
    },
    {
      "an_semaine": 202622,
      "ca_semaine": "1979.26",
      "debut_semaine": "Mon, 25 May 2026 00:00:00 GMT"
    }
  ],
  "name": "chart_ca_par_semaine_12",
  "success": true
}
2026-05-27T01:55:31.457Z | RESPONSE | POST | http://127.0.0.1:5000/api/dashboard/query | 200 | ok=true | duration_ms=785 | {
  "data": [
    {
      "ca_mois": "103061.70",
      "mois": "2026-01"
    },
    {
      "ca_mois": "97187.26",
      "mois": "2026-02"
    },
    {
      "ca_mois": "106767.12",
      "mois": "2026-03"
    },
    {
      "ca_mois": "102276.00",
      "mois": "2026-04"
    },
    {
      "ca_mois": "51818.04",
      "mois": "2026-05"
    }
  ],
  "name": "chart_ca_mensuel_ytd",
  "success": true
}
2026-05-27T01:55:31.492Z | RESPONSE | POST | http://127.0.0.1:5000/api/dashboard/query | 200 | ok=true | duration_ms=817 | {
  "data": [
    {
      "date_expiration": "01-06-2026",
      "produit": "Amoxicilline 500mg",
      "quantite": 78
    },
    {
      "date_expiration": "04-06-2026",
      "produit": "Glucose comprim\u251c\u00aes",
      "quantite": 623
    },
    {
      "date_expiration": "05-06-2026",
      "produit": "Test grossesse",
      "quantite": 362
    },
    {
      "date_expiration": "09-06-2026",
      "produit": "Bandage \u251c\u00aelastique",
      "quantite": 428
    },
    {
      "date_expiration": "09-06-2026",
      "produit": "Bandelettes glyc\u251c\u00aemie",
      "quantite": 387
    },
    {
      "date_expiration": "09-06-2026",
      "produit": "Baume l\u251c\u00bfvres SPF",
      "quantite": 526
    },
    {
      "date_expiration": "11-06-2026",
      "produit": "Atorvastatine 20mg",
      "quantite": 705
    },
    {
      "date_expiration": "11-06-2026",
      "produit": "Amoxicilline 500mg",
      "quantite": 1015
    },
    {
      "date_expiration": "12-06-2026",
      "produit": "Cr\u251c\u00bfme hydrocortisone 1%",
      "quantite": 855
    },
    {
      "date_expiration": "13-06-2026",
      "produit": "Pansements assortis",
      "quantite": 702
    },
    {
      "date_expiration": "14-06-2026",
      "produit": "Acetaminophene 500 mg",
      "quantite": 890
    },
    {
      "date_expiration": "14-06-2026",
      "produit": "Sels de r\u251c\u00aehydratation orale",
      "quantite": 973
    },
    {
      "date_expiration": "15-06-2026",
      "produit": "Hydrocortisone creme",
      "quantite": 927
    },
    {
      "date_expiration": "16-06-2026",
      "produit": "Salbutamol inhalateur",
      "quantite": 1
    },
    {
      "date_expiration": "17-06-2026",
      "produit": "Vitamine D 1000 UI",
      "quantite": 1019
    },
    {
      "date_expiration": "19-06-2026",
      "produit": "Ibuprofene 200 mg",
      "quantite": 737
    },
    {
      "date_expiration": "20-06-2026",
      "produit": "Dentifrice sensibilit\u251c\u00ae"
2026-05-27T01:55:31.501Z | RESPONSE | POST | http://127.0.0.1:5000/api/dashboard/query | 200 | ok=true | duration_ms=828 | {
  "data": [
    {
      "fournisseur": "GlobalCare Supplies",
      "total_achat": "24229.34"
    },
    {
      "fournisseur": "PharmaNord Distribution",
      "total_achat": "19052.78"
    },
    {
      "fournisseur": "BioPharm Montr\u251c\u00aeal",
      "total_achat": "11489.32"
    },
    {
      "fournisseur": "Vitalis Grossiste",
      "total_achat": "11085.50"
    },
    {
      "fournisseur": "OmniHealth Supply",
      "total_achat": "10598.35"
    },
    {
      "fournisseur": "MediStock Qu\u251c\u00aebec",
      "total_achat": "7974.48"
    },
    {
      "fournisseur": "Clinimed Canada",
      "total_achat": "7275.10"
    }
  ],
  "name": "chart_top_fournisseurs_30j",
  "success": true
}
2026-05-27T01:55:31.517Z | RESPONSE | POST | http://127.0.0.1:5000/api/dashboard/query | 200 | ok=true | duration_ms=841 | {
  "data": [],
  "name": "stock_bas",
  "success": true
}
2026-05-27T01:55:31.532Z | RESPONSE | POST | http://127.0.0.1:5000/api/dashboard/query | 200 | ok=true | duration_ms=860 | {
  "data": [
    {
      "produit": "Solution lentilles 360 ml",
      "total_vendu": "143"
    },
    {
      "produit": "Pseudoephedrine 30 mg",
      "total_vendu": "128"
    },
    {
      "produit": "Gouttes yeux secs 15 ml",
      "total_vendu": "123"
    },
    {
      "produit": "Tensiom\u251c\u00bftre poignet",
      "total_vendu": "120"
    },
    {
      "produit": "Peroxyde hydrog\u251c\u00bfne 3%",
      "total_vendu": "116"
    }
  ],
  "name": "top5_produits_30j",
  "success": true
}
2026-05-27T01:55:31.544Z | RESPONSE | POST | http://127.0.0.1:5000/api/dashboard/query | 200 | ok=true | duration_ms=867 | {
  "data": [
    {
      "produit": "Gouttes anti-allergies 10 ml",
      "total_stock": "19629"
    },
    {
      "produit": "Glucose comprim\u251c\u00aes",
      "total_stock": "17955"
    },
    {
      "produit": "Peroxyde hydrog\u251c\u00bfne 3%",
      "total_stock": "17511"
    },
    {
      "produit": "Electrolytes sport",
      "total_stock": "17305"
    },
    {
      "produit": "ORS sachet",
      "total_stock": "17233"
    },
    {
      "produit": "Calcium 500 mg",
      "total_stock": "17218"
    },
    {
      "produit": "Paracetamol 500mg",
      "total_stock": "15605"
    },
    {
      "produit": "Val\u251c\u00aeriane capsules",
      "total_stock": "15304"
    },
    {
      "produit": "Solution lentilles 360 ml",
      "total_stock": "15230"
    },
    {
      "produit": "Aspirine 81 mg",
      "total_stock": "14807"
    },
    {
      "produit": "Tensiom\u251c\u00bftre poignet",
      "total_stock": "14620"
    },
    {
      "produit": "Cr\u251c\u00bfme douleur musculaire",
      "total_stock": "14540"
    },
    {
      "produit": "Gants nitrile boite",
      "total_stock": "14447"
    },
    {
      "produit": "Test grossesse",
      "total_stock": "14299"
    },
    {
      "produit": "Seringues 5ml boite",
      "total_stock": "14249"
    },
    {
      "produit": "Patch chaleur",
      "total_stock": "14073"
    },
    {
      "produit": "Tensiometre bras",
      "total_stock": "13940"
    },
    {
      "produit": "Rince-bouche antiseptique",
      "total_stock": "13880"
    },
    {
      "produit": "Gants nitrile bo\u251c\u00abte 100",
      "total_stock": "13823"
    },
    {
      "produit": "Acetaminophene 500 mg",
      "total_stock": "13779"
    },
    {
      "produit": "Thermometre digital",
      "total_stock": "13774"
    },
    {
      "produit": "Masques m\u251c\u00aedicaux bo\u251c\u00abte 50",
      "total_stock": "13631"
    },
    {
      "produit": "Dolaren plus 250mg",
      "total_stock": "13546"
    },
    {
2026-05-27T01:55:31.550Z | RESPONSE | POST | http://127.0.0.1:5000/api/dashboard/query | 200 | ok=true | duration_ms=877 | {
  "data": [
    {
      "ca": "11833.14",
      "category": "Vitamines"
    },
    {
      "ca": "9310.72",
      "category": "Rhume et grippe"
    },
    {
      "ca": "9308.37",
      "category": "Premiers soins"
    },
    {
      "ca": "8398.95",
      "category": "Soins oculaires"
    },
    {
      "ca": "7821.38",
      "category": "Digestif"
    },
    {
      "ca": "7363.35",
      "category": "Mat\u251c\u00aeriel m\u251c\u00aedical"
    },
    {
      "ca": "6491.40",
      "category": "Dermatologie"
    },
    {
      "ca": "6485.06",
      "category": "Diab\u251c\u00bfte"
    },
    {
      "ca": "6221.86",
      "category": "Respiratoire"
    },
    {
      "ca": "6017.57",
      "category": "Protection"
    },
    {
      "ca": "5421.12",
      "category": "MATERIEL"
    },
    {
      "ca": "5045.66",
      "category": "Allergies"
    },
    {
      "ca": "4719.86",
      "category": "Soins peau"
    },
    {
      "ca": "4642.99",
      "category": "Douleurs musculaires"
    },
    {
      "ca": "3944.79",
      "category": "Sommeil"
    },
    {
      "ca": "3620.03",
      "category": "Cardio"
    },
    {
      "ca": "3437.17",
      "category": "Analgesiques"
    },
    {
      "ca": "3154.76",
      "category": "Bucco-dentaire"
    },
    {
      "ca": "3026.99",
      "category": "ANTIBIO"
    },
    {
      "ca": "2856.25",
      "category": "DOULEUR"
    },
    {
      "ca": "2446.11",
      "category": "Sport sant\u251c\u00ae"
    },
    {
      "ca": "2190.77",
      "category": "PALUDISME"
    },
    {
      "ca": "2117.55",
      "category": "Cortico"
    },
    {
      "ca": "2103.05",
      "category": "SUPPLEMENT"
    },
    {
      "ca": "1895.63",
      "category": "DIABETE"
    },
    {
      "ca": "1698.22",
      "category": "GASTRO"
    },
    {
      "ca": "1635.45",
      "category": "Soins cheveux"
    },
    {
      "ca": "1389.75",
      "category": "Infection"
    },
    {
      "ca": "1320.85",
      "category": "Sant\u2
2026-05-27T01:55:31.567Z | RESPONSE | POST | http://127.0.0.1:5000/api/dashboard/query | 200 | ok=true | duration_ms=889 | {
  "data": [
    {
      "ca": "4067.43",
      "jour": "Fri, 27 Mar 2026 00:00:00 GMT",
      "sma7": "4067.430000"
    },
    {
      "ca": "3569.57",
      "jour": "Sat, 28 Mar 2026 00:00:00 GMT",
      "sma7": "3818.500000"
    },
    {
      "ca": "3787.88",
      "jour": "Sun, 29 Mar 2026 00:00:00 GMT",
      "sma7": "3808.293333"
    },
    {
      "ca": "2937.31",
      "jour": "Mon, 30 Mar 2026 00:00:00 GMT",
      "sma7": "3590.547500"
    },
    {
      "ca": "2864.83",
      "jour": "Tue, 31 Mar 2026 00:00:00 GMT",
      "sma7": "3445.404000"
    },
    {
      "ca": "2478.87",
      "jour": "Wed, 01 Apr 2026 00:00:00 GMT",
      "sma7": "3284.315000"
    },
    {
      "ca": "4755.54",
      "jour": "Thu, 02 Apr 2026 00:00:00 GMT",
      "sma7": "3494.490000"
    },
    {
      "ca": "3310.04",
      "jour": "Fri, 03 Apr 2026 00:00:00 GMT",
      "sma7": "3386.291429"
    },
    {
      "ca": "2674.99",
      "jour": "Sat, 04 Apr 2026 00:00:00 GMT",
      "sma7": "3258.494286"
    },
    {
      "ca": "2856.69",
      "jour": "Sun, 05 Apr 2026 00:00:00 GMT",
      "sma7": "3125.467143"
    },
    {
      "ca": "3541.67",
      "jour": "Mon, 06 Apr 2026 00:00:00 GMT",
      "sma7": "3211.804286"
    },
    {
      "ca": "3626.86",
      "jour": "Tue, 07 Apr 2026 00:00:00 GMT",
      "sma7": "3320.665714"
    },
    {
      "ca": "3925.10",
      "jour": "Wed, 08 Apr 2026 00:00:00 GMT",
      "sma7": "3527.270000"
    },
    {
      "ca": "3213.05",
      "jour": "Thu, 09 Apr 2026 00:00:00 GMT",
      "sma7": "3306.914286"
    },
    {
      "ca": "3687.98",
      "jour": "Fri, 10 Apr 2026 00:00:00 GMT",
      "sma7": "3360.905714"
    },
    {
      "ca": "2738.24",
      "jour": "Sat, 11 Apr 2026 00:00:00 GMT",
      "sma7": "3369.941429"
    },
    {
      "ca": "3414.45",
      "jour": "Sun, 12 Apr 2026 00:00:00 GMT",
      "sma7": "3449.621429"
    },
    {
      "ca": "3447.77",
      "jour": "Mon, 13 Apr 2026 00:00:00 GMT",
      "sma7": "3436.207
2026-05-27T01:55:48.175Z | REQUEST  | POST | http://127.0.0.1:5000/api/dashboard/query
2026-05-27T01:55:48.176Z | REQUEST  | POST | http://127.0.0.1:5000/api/dashboard/query
2026-05-27T01:55:48.177Z | REQUEST  | POST | http://127.0.0.1:5000/api/dashboard/query
2026-05-27T01:55:48.181Z | REQUEST  | POST | http://127.0.0.1:5000/api/dashboard/query
2026-05-27T01:55:48.182Z | REQUEST  | POST | http://127.0.0.1:5000/api/dashboard/query
2026-05-27T01:55:48.185Z | REQUEST  | POST | http://127.0.0.1:5000/api/dashboard/query
2026-05-27T01:55:48.186Z | REQUEST  | POST | http://127.0.0.1:5000/api/dashboard/query
2026-05-27T01:55:48.187Z | REQUEST  | POST | http://127.0.0.1:5000/api/dashboard/query
2026-05-27T01:55:48.188Z | REQUEST  | POST | http://127.0.0.1:5000/api/dashboard/query
2026-05-27T01:55:48.190Z | REQUEST  | POST | http://127.0.0.1:5000/api/dashboard/query
2026-05-27T01:55:48.192Z | REQUEST  | POST | http://127.0.0.1:5000/api/dashboard/query
2026-05-27T01:55:48.193Z | REQUEST  | POST | http://127.0.0.1:5000/api/dashboard/query
2026-05-27T01:55:48.195Z | REQUEST  | POST | http://127.0.0.1:5000/api/dashboard/query
2026-05-27T01:55:48.198Z | REQUEST  | POST | http://127.0.0.1:5000/api/dashboard/query
2026-05-27T01:55:48.199Z | REQUEST  | POST | http://127.0.0.1:5000/api/dashboard/query
2026-05-27T01:55:48.200Z | REQUEST  | POST | http://127.0.0.1:5000/api/dashboard/query
2026-05-27T01:55:48.201Z | REQUEST  | POST | http://127.0.0.1:5000/api/dashboard/query
2026-05-27T01:55:48.203Z | REQUEST  | POST | http://127.0.0.1:5000/api/dashboard/query
2026-05-27T01:55:48.207Z | REQUEST  | POST | http://127.0.0.1:5000/api/dashboard/query
2026-05-27T01:55:48.531Z | RESPONSE | POST | http://127.0.0.1:5000/api/dashboard/query | 200 | ok=true | duration_ms=351 | {
  "data": [
    {
      "nb_ventes_jour": 43
    }
  ],
  "name": "kpi_nb_ventes_jour",
  "success": true
}
2026-05-27T01:55:48.576Z | RESPONSE | POST | http://127.0.0.1:5000/api/dashboard/query | 200 | ok=true | duration_ms=392 | {
  "data": [
    {
      "valeur_stock": "6962846.18"
    }
  ],
  "name": "kpi_valeur_stock",
  "success": true
}
2026-05-27T01:55:48.619Z | RESPONSE | POST | http://127.0.0.1:5000/api/dashboard/query | 200 | ok=true | duration_ms=437 | {
  "data": [
    {
      "nb_produits_actifs": 103
    }
  ],
  "name": "kpi_nb_produits_actifs",
  "success": true
}
2026-05-27T01:55:48.623Z | RESPONSE | POST | http://127.0.0.1:5000/api/dashboard/query | 200 | ok=true | duration_ms=447 | {
  "data": [
    {
      "ca_jour": "928.19"
    }
  ],
  "name": "kpi_ca_jour",
  "success": true
}
2026-05-27T01:55:48.656Z | RESPONSE | POST | http://127.0.0.1:5000/api/dashboard/query | 200 | ok=true | duration_ms=478 | {
  "data": [
    {
      "nb_alertes_stock": 0
    }
  ],
  "name": "kpi_nb_alertes_stock",
  "success": true
}
2026-05-27T01:55:48.689Z | RESPONSE | POST | http://127.0.0.1:5000/api/dashboard/query | 200 | ok=true | duration_ms=502 | {
  "data": [
    {
      "nb_produits_expires_en_stock": 1224
    }
  ],
  "name": "kpi_nb_produits_expires_en_stock",
  "success": true
}
2026-05-27T01:55:48.737Z | RESPONSE | POST | http://127.0.0.1:5000/api/dashboard/query | 200 | ok=true | duration_ms=547 | {
  "data": [
    {
      "nb_fournisseurs_30j": 19
    }
  ],
  "name": "kpi_nb_fournisseurs_30j",
  "success": true
}
2026-05-27T01:55:48.787Z | RESPONSE | POST | http://127.0.0.1:5000/api/dashboard/query | 200 | ok=true | duration_ms=600 | {
  "data": [
    {
      "marge_brute_30j": "26441.59"
    }
  ],
  "name": "kpi_marge_brute_30j",
  "success": true
}
2026-05-27T01:55:48.804Z | RESPONSE | POST | http://127.0.0.1:5000/api/dashboard/query | 200 | ok=true | duration_ms=618 | {
  "data": [
    {
      "ca_ytd": "461110.12"
    }
  ],
  "name": "kpi_ca_ytd",
  "success": true
}
2026-05-27T01:55:48.836Z | RESPONSE | POST | http://127.0.0.1:5000/api/dashboard/query | 200 | ok=true | duration_ms=644 | {
  "data": [
    {
      "jour": "Sun, 26 Apr 2026 00:00:00 GMT",
      "total_vente": "3250.49"
    },
    {
      "jour": "Mon, 27 Apr 2026 00:00:00 GMT",
      "total_vente": "3832.93"
    },
    {
      "jour": "Tue, 28 Apr 2026 00:00:00 GMT",
      "total_vente": "3350.95"
    },
    {
      "jour": "Wed, 29 Apr 2026 00:00:00 GMT",
      "total_vente": "4535.96"
    },
    {
      "jour": "Thu, 30 Apr 2026 00:00:00 GMT",
      "total_vente": "3229.09"
    },
    {
      "jour": "Fri, 01 May 2026 00:00:00 GMT",
      "total_vente": "3534.75"
    },
    {
      "jour": "Sat, 02 May 2026 00:00:00 GMT",
      "total_vente": "3533.46"
    },
    {
      "jour": "Sun, 03 May 2026 00:00:00 GMT",
      "total_vente": "3818.29"
    },
    {
      "jour": "Mon, 04 May 2026 00:00:00 GMT",
      "total_vente": "3258.37"
    },
    {
      "jour": "Tue, 05 May 2026 00:00:00 GMT",
      "total_vente": "4242.67"
    },
    {
      "jour": "Wed, 06 May 2026 00:00:00 GMT",
      "total_vente": "2688.34"
    },
    {
      "jour": "Thu, 07 May 2026 00:00:00 GMT",
      "total_vente": "3031.54"
    },
    {
      "jour": "Fri, 08 May 2026 00:00:00 GMT",
      "total_vente": "3207.59"
    },
    {
      "jour": "Sat, 09 May 2026 00:00:00 GMT",
      "total_vente": "3490.51"
    },
    {
      "jour": "Sun, 10 May 2026 00:00:00 GMT",
      "total_vente": "1577.46"
    },
    {
      "jour": "Mon, 11 May 2026 00:00:00 GMT",
      "total_vente": "1612.53"
    },
    {
      "jour": "Tue, 12 May 2026 00:00:00 GMT",
      "total_vente": "1687.91"
    },
    {
      "jour": "Wed, 13 May 2026 00:00:00 GMT",
      "total_vente": "1875.71"
    },
    {
      "jour": "Thu, 14 May 2026 00:00:00 GMT",
      "total_vente": "1100.89"
    },
    {
      "jour": "Fri, 15 May 2026 00:00:00 GMT",
      "total_vente": "793.77"
    },
    {
      "jour": "Sat, 16 May 2026 00:00:00 GMT",
      "total_vente": "879.22"
    },
    {
      "jour": "Sun, 17 May 2026 00:00:00 GMT",
      "total_vente": "12
2026-05-27T01:55:48.903Z | RESPONSE | POST | http://127.0.0.1:5000/api/dashboard/query | 200 | ok=true | duration_ms=709 | {
  "data": [
    {
      "an_semaine": 202610,
      "ca_semaine": "21316.03",
      "debut_semaine": "Tue, 03 Mar 2026 00:00:00 GMT"
    },
    {
      "an_semaine": 202611,
      "ca_semaine": "23229.52",
      "debut_semaine": "Mon, 09 Mar 2026 00:00:00 GMT"
    },
    {
      "an_semaine": 202612,
      "ca_semaine": "23284.39",
      "debut_semaine": "Mon, 16 Mar 2026 00:00:00 GMT"
    },
    {
      "an_semaine": 202613,
      "ca_semaine": "25578.41",
      "debut_semaine": "Mon, 23 Mar 2026 00:00:00 GMT"
    },
    {
      "an_semaine": 202614,
      "ca_semaine": "21878.27",
      "debut_semaine": "Mon, 30 Mar 2026 00:00:00 GMT"
    },
    {
      "an_semaine": 202615,
      "ca_semaine": "24147.35",
      "debut_semaine": "Mon, 06 Apr 2026 00:00:00 GMT"
    },
    {
      "an_semaine": 202616,
      "ca_semaine": "24453.80",
      "debut_semaine": "Mon, 13 Apr 2026 00:00:00 GMT"
    },
    {
      "an_semaine": 202617,
      "ca_semaine": "22792.89",
      "debut_semaine": "Mon, 20 Apr 2026 00:00:00 GMT"
    },
    {
      "an_semaine": 202618,
      "ca_semaine": "25605.97",
      "debut_semaine": "Mon, 27 Apr 2026 00:00:00 GMT"
    },
    {
      "an_semaine": 202619,
      "ca_semaine": "21382.67",
      "debut_semaine": "Mon, 04 May 2026 00:00:00 GMT"
    },
    {
      "an_semaine": 202620,
      "ca_semaine": "8964.66",
      "debut_semaine": "Mon, 11 May 2026 00:00:00 GMT"
    },
    {
      "an_semaine": 202621,
      "ca_semaine": "8691.31",
      "debut_semaine": "Mon, 18 May 2026 00:00:00 GMT"
    },
    {
      "an_semaine": 202622,
      "ca_semaine": "1979.26",
      "debut_semaine": "Mon, 25 May 2026 00:00:00 GMT"
    }
  ],
  "name": "chart_ca_par_semaine_12",
  "success": true
}
2026-05-27T01:55:48.945Z | RESPONSE | POST | http://127.0.0.1:5000/api/dashboard/query | 200 | ok=true | duration_ms=748 | {
  "data": [
    {
      "produit": "Solution lentilles 360 ml",
      "total_vendu": "143"
    },
    {
      "produit": "Pseudoephedrine 30 mg",
      "total_vendu": "128"
    },
    {
      "produit": "Gouttes yeux secs 15 ml",
      "total_vendu": "123"
    },
    {
      "produit": "Tensiom\u251c\u00bftre poignet",
      "total_vendu": "120"
    },
    {
      "produit": "Peroxyde hydrog\u251c\u00bfne 3%",
      "total_vendu": "116"
    }
  ],
  "name": "top5_produits_30j",
  "success": true
}
2026-05-27T01:55:48.985Z | RESPONSE | POST | http://127.0.0.1:5000/api/dashboard/query | 200 | ok=true | duration_ms=793 | {
  "data": [
    {
      "ca_mois": "103061.70",
      "mois": "2026-01"
    },
    {
      "ca_mois": "97187.26",
      "mois": "2026-02"
    },
    {
      "ca_mois": "106767.12",
      "mois": "2026-03"
    },
    {
      "ca_mois": "102276.00",
      "mois": "2026-04"
    },
    {
      "ca_mois": "51818.04",
      "mois": "2026-05"
    }
  ],
  "name": "chart_ca_mensuel_ytd",
  "success": true
}
2026-05-27T01:55:48.993Z | RESPONSE | POST | http://127.0.0.1:5000/api/dashboard/query | 200 | ok=true | duration_ms=793 | {
  "data": [
    {
      "date_expiration": "01-06-2026",
      "produit": "Amoxicilline 500mg",
      "quantite": 78
    },
    {
      "date_expiration": "04-06-2026",
      "produit": "Glucose comprim\u251c\u00aes",
      "quantite": 623
    },
    {
      "date_expiration": "05-06-2026",
      "produit": "Test grossesse",
      "quantite": 362
    },
    {
      "date_expiration": "09-06-2026",
      "produit": "Bandage \u251c\u00aelastique",
      "quantite": 428
    },
    {
      "date_expiration": "09-06-2026",
      "produit": "Bandelettes glyc\u251c\u00aemie",
      "quantite": 387
    },
    {
      "date_expiration": "09-06-2026",
      "produit": "Baume l\u251c\u00bfvres SPF",
      "quantite": 526
    },
    {
      "date_expiration": "11-06-2026",
      "produit": "Atorvastatine 20mg",
      "quantite": 705
    },
    {
      "date_expiration": "11-06-2026",
      "produit": "Amoxicilline 500mg",
      "quantite": 1015
    },
    {
      "date_expiration": "12-06-2026",
      "produit": "Cr\u251c\u00bfme hydrocortisone 1%",
      "quantite": 855
    },
    {
      "date_expiration": "13-06-2026",
      "produit": "Pansements assortis",
      "quantite": 702
    },
    {
      "date_expiration": "14-06-2026",
      "produit": "Acetaminophene 500 mg",
      "quantite": 890
    },
    {
      "date_expiration": "14-06-2026",
      "produit": "Sels de r\u251c\u00aehydratation orale",
      "quantite": 973
    },
    {
      "date_expiration": "15-06-2026",
      "produit": "Hydrocortisone creme",
      "quantite": 927
    },
    {
      "date_expiration": "16-06-2026",
      "produit": "Salbutamol inhalateur",
      "quantite": 1
    },
    {
      "date_expiration": "17-06-2026",
      "produit": "Vitamine D 1000 UI",
      "quantite": 1019
    },
    {
      "date_expiration": "19-06-2026",
      "produit": "Ibuprofene 200 mg",
      "quantite": 737
    },
    {
      "date_expiration": "20-06-2026",
      "produit": "Dentifrice sensibilit\u251c\u00ae"
2026-05-27T01:55:49.000Z | RESPONSE | POST | http://127.0.0.1:5000/api/dashboard/query | 200 | ok=true | duration_ms=798 | {
  "data": [
    {
      "fournisseur": "GlobalCare Supplies",
      "total_achat": "24229.34"
    },
    {
      "fournisseur": "PharmaNord Distribution",
      "total_achat": "19052.78"
    },
    {
      "fournisseur": "BioPharm Montr\u251c\u00aeal",
      "total_achat": "11489.32"
    },
    {
      "fournisseur": "Vitalis Grossiste",
      "total_achat": "11085.50"
    },
    {
      "fournisseur": "OmniHealth Supply",
      "total_achat": "10598.35"
    },
    {
      "fournisseur": "MediStock Qu\u251c\u00aebec",
      "total_achat": "7974.48"
    },
    {
      "fournisseur": "Clinimed Canada",
      "total_achat": "7275.10"
    }
  ],
  "name": "chart_top_fournisseurs_30j",
  "success": true
}
2026-05-27T01:55:49.006Z | RESPONSE | POST | http://127.0.0.1:5000/api/dashboard/query | 200 | ok=true | duration_ms=804 | {
  "data": [],
  "name": "stock_bas",
  "success": true
}
2026-05-27T01:55:49.013Z | RESPONSE | POST | http://127.0.0.1:5000/api/dashboard/query | 200 | ok=true | duration_ms=815 | {
  "data": [
    {
      "ca": "11833.14",
      "category": "Vitamines"
    },
    {
      "ca": "9310.72",
      "category": "Rhume et grippe"
    },
    {
      "ca": "9308.37",
      "category": "Premiers soins"
    },
    {
      "ca": "8398.95",
      "category": "Soins oculaires"
    },
    {
      "ca": "7821.38",
      "category": "Digestif"
    },
    {
      "ca": "7363.35",
      "category": "Mat\u251c\u00aeriel m\u251c\u00aedical"
    },
    {
      "ca": "6491.40",
      "category": "Dermatologie"
    },
    {
      "ca": "6485.06",
      "category": "Diab\u251c\u00bfte"
    },
    {
      "ca": "6221.86",
      "category": "Respiratoire"
    },
    {
      "ca": "6017.57",
      "category": "Protection"
    },
    {
      "ca": "5421.12",
      "category": "MATERIEL"
    },
    {
      "ca": "5045.66",
      "category": "Allergies"
    },
    {
      "ca": "4719.86",
      "category": "Soins peau"
    },
    {
      "ca": "4642.99",
      "category": "Douleurs musculaires"
    },
    {
      "ca": "3944.79",
      "category": "Sommeil"
    },
    {
      "ca": "3620.03",
      "category": "Cardio"
    },
    {
      "ca": "3437.17",
      "category": "Analgesiques"
    },
    {
      "ca": "3154.76",
      "category": "Bucco-dentaire"
    },
    {
      "ca": "3026.99",
      "category": "ANTIBIO"
    },
    {
      "ca": "2856.25",
      "category": "DOULEUR"
    },
    {
      "ca": "2446.11",
      "category": "Sport sant\u251c\u00ae"
    },
    {
      "ca": "2190.77",
      "category": "PALUDISME"
    },
    {
      "ca": "2117.55",
      "category": "Cortico"
    },
    {
      "ca": "2103.05",
      "category": "SUPPLEMENT"
    },
    {
      "ca": "1895.63",
      "category": "DIABETE"
    },
    {
      "ca": "1698.22",
      "category": "GASTRO"
    },
    {
      "ca": "1635.45",
      "category": "Soins cheveux"
    },
    {
      "ca": "1389.75",
      "category": "Infection"
    },
    {
      "ca": "1320.85",
      "category": "Sant\u2
2026-05-27T01:55:49.043Z | RESPONSE | POST | http://127.0.0.1:5000/api/dashboard/query | 200 | ok=true | duration_ms=839 | {
  "data": [
    {
      "produit": "Gouttes anti-allergies 10 ml",
      "total_stock": "19629"
    },
    {
      "produit": "Glucose comprim\u251c\u00aes",
      "total_stock": "17955"
    },
    {
      "produit": "Peroxyde hydrog\u251c\u00bfne 3%",
      "total_stock": "17511"
    },
    {
      "produit": "Electrolytes sport",
      "total_stock": "17305"
    },
    {
      "produit": "ORS sachet",
      "total_stock": "17233"
    },
    {
      "produit": "Calcium 500 mg",
      "total_stock": "17218"
    },
    {
      "produit": "Paracetamol 500mg",
      "total_stock": "15605"
    },
    {
      "produit": "Val\u251c\u00aeriane capsules",
      "total_stock": "15304"
    },
    {
      "produit": "Solution lentilles 360 ml",
      "total_stock": "15230"
    },
    {
      "produit": "Aspirine 81 mg",
      "total_stock": "14807"
    },
    {
      "produit": "Tensiom\u251c\u00bftre poignet",
      "total_stock": "14620"
    },
    {
      "produit": "Cr\u251c\u00bfme douleur musculaire",
      "total_stock": "14540"
    },
    {
      "produit": "Gants nitrile boite",
      "total_stock": "14447"
    },
    {
      "produit": "Test grossesse",
      "total_stock": "14299"
    },
    {
      "produit": "Seringues 5ml boite",
      "total_stock": "14249"
    },
    {
      "produit": "Patch chaleur",
      "total_stock": "14073"
    },
    {
      "produit": "Tensiometre bras",
      "total_stock": "13940"
    },
    {
      "produit": "Rince-bouche antiseptique",
      "total_stock": "13880"
    },
    {
      "produit": "Gants nitrile bo\u251c\u00abte 100",
      "total_stock": "13823"
    },
    {
      "produit": "Acetaminophene 500 mg",
      "total_stock": "13779"
    },
    {
      "produit": "Thermometre digital",
      "total_stock": "13774"
    },
    {
      "produit": "Masques m\u251c\u00aedicaux bo\u251c\u00abte 50",
      "total_stock": "13631"
    },
    {
      "produit": "Dolaren plus 250mg",
      "total_stock": "13546"
    },
    {
2026-05-27T01:55:49.057Z | RESPONSE | POST | http://127.0.0.1:5000/api/dashboard/query | 200 | ok=true | duration_ms=849 | {
  "data": [
    {
      "ca": "4067.43",
      "jour": "Fri, 27 Mar 2026 00:00:00 GMT",
      "sma7": "4067.430000"
    },
    {
      "ca": "3569.57",
      "jour": "Sat, 28 Mar 2026 00:00:00 GMT",
      "sma7": "3818.500000"
    },
    {
      "ca": "3787.88",
      "jour": "Sun, 29 Mar 2026 00:00:00 GMT",
      "sma7": "3808.293333"
    },
    {
      "ca": "2937.31",
      "jour": "Mon, 30 Mar 2026 00:00:00 GMT",
      "sma7": "3590.547500"
    },
    {
      "ca": "2864.83",
      "jour": "Tue, 31 Mar 2026 00:00:00 GMT",
      "sma7": "3445.404000"
    },
    {
      "ca": "2478.87",
      "jour": "Wed, 01 Apr 2026 00:00:00 GMT",
      "sma7": "3284.315000"
    },
    {
      "ca": "4755.54",
      "jour": "Thu, 02 Apr 2026 00:00:00 GMT",
      "sma7": "3494.490000"
    },
    {
      "ca": "3310.04",
      "jour": "Fri, 03 Apr 2026 00:00:00 GMT",
      "sma7": "3386.291429"
    },
    {
      "ca": "2674.99",
      "jour": "Sat, 04 Apr 2026 00:00:00 GMT",
      "sma7": "3258.494286"
    },
    {
      "ca": "2856.69",
      "jour": "Sun, 05 Apr 2026 00:00:00 GMT",
      "sma7": "3125.467143"
    },
    {
      "ca": "3541.67",
      "jour": "Mon, 06 Apr 2026 00:00:00 GMT",
      "sma7": "3211.804286"
    },
    {
      "ca": "3626.86",
      "jour": "Tue, 07 Apr 2026 00:00:00 GMT",
      "sma7": "3320.665714"
    },
    {
      "ca": "3925.10",
      "jour": "Wed, 08 Apr 2026 00:00:00 GMT",
      "sma7": "3527.270000"
    },
    {
      "ca": "3213.05",
      "jour": "Thu, 09 Apr 2026 00:00:00 GMT",
      "sma7": "3306.914286"
    },
    {
      "ca": "3687.98",
      "jour": "Fri, 10 Apr 2026 00:00:00 GMT",
      "sma7": "3360.905714"
    },
    {
      "ca": "2738.24",
      "jour": "Sat, 11 Apr 2026 00:00:00 GMT",
      "sma7": "3369.941429"
    },
    {
      "ca": "3414.45",
      "jour": "Sun, 12 Apr 2026 00:00:00 GMT",
      "sma7": "3449.621429"
    },
    {
      "ca": "3447.77",
      "jour": "Mon, 13 Apr 2026 00:00:00 GMT",
      "sma7": "3436.207
2026-05-27T01:56:03.825Z | REQUEST  | POST | http://127.0.0.1:5000/api/dashboard/query
2026-05-27T01:56:03.826Z | REQUEST  | POST | http://127.0.0.1:5000/api/dashboard/query
2026-05-27T01:56:03.827Z | REQUEST  | POST | http://127.0.0.1:5000/api/dashboard/query
2026-05-27T01:56:03.828Z | REQUEST  | POST | http://127.0.0.1:5000/api/dashboard/query
2026-05-27T01:56:03.830Z | REQUEST  | POST | http://127.0.0.1:5000/api/dashboard/query
2026-05-27T01:56:03.835Z | REQUEST  | POST | http://127.0.0.1:5000/api/dashboard/query
2026-05-27T01:56:03.837Z | REQUEST  | POST | http://127.0.0.1:5000/api/dashboard/query
2026-05-27T01:56:03.839Z | REQUEST  | POST | http://127.0.0.1:5000/api/dashboard/query
2026-05-27T01:56:03.841Z | REQUEST  | POST | http://127.0.0.1:5000/api/dashboard/query
2026-05-27T01:56:03.842Z | REQUEST  | POST | http://127.0.0.1:5000/api/dashboard/query
2026-05-27T01:56:03.843Z | REQUEST  | POST | http://127.0.0.1:5000/api/dashboard/query
2026-05-27T01:56:03.845Z | REQUEST  | POST | http://127.0.0.1:5000/api/dashboard/query
2026-05-27T01:56:03.847Z | REQUEST  | POST | http://127.0.0.1:5000/api/dashboard/query
2026-05-27T01:56:03.849Z | REQUEST  | POST | http://127.0.0.1:5000/api/dashboard/query
2026-05-27T01:56:03.851Z | REQUEST  | POST | http://127.0.0.1:5000/api/dashboard/query
2026-05-27T01:56:03.852Z | REQUEST  | POST | http://127.0.0.1:5000/api/dashboard/query
2026-05-27T01:56:03.853Z | REQUEST  | POST | http://127.0.0.1:5000/api/dashboard/query
2026-05-27T01:56:03.855Z | REQUEST  | POST | http://127.0.0.1:5000/api/dashboard/query
2026-05-27T01:56:03.856Z | REQUEST  | POST | http://127.0.0.1:5000/api/dashboard/query
2026-05-27T01:56:04.626Z | RESPONSE | POST | http://127.0.0.1:5000/api/dashboard/query | 200 | ok=true | duration_ms=795 | {
  "data": [
    {
      "valeur_stock": "6962846.18"
    }
  ],
  "name": "kpi_valeur_stock",
  "success": true
}
2026-05-27T01:56:04.656Z | RESPONSE | POST | http://127.0.0.1:5000/api/dashboard/query | 200 | ok=true | duration_ms=827 | {
  "data": [
    {
      "nb_produits_actifs": 103
    }
  ],
  "name": "kpi_nb_produits_actifs",
  "success": true
}
2026-05-27T01:56:04.677Z | RESPONSE | POST | http://127.0.0.1:5000/api/dashboard/query | 200 | ok=true | duration_ms=848 | {
  "data": [
    {
      "nb_alertes_stock": 0
    }
  ],
  "name": "kpi_nb_alertes_stock",
  "success": true
}
2026-05-27T01:56:04.737Z | RESPONSE | POST | http://127.0.0.1:5000/api/dashboard/query | 200 | ok=true | duration_ms=901 | {
  "data": [
    {
      "ca_ytd": "461110.12"
    }
  ],
  "name": "kpi_ca_ytd",
  "success": true
}
2026-05-27T01:56:04.746Z | RESPONSE | POST | http://127.0.0.1:5000/api/dashboard/query | 200 | ok=true | duration_ms=908 | {
  "data": [
    {
      "nb_produits_expires_en_stock": 1224
    }
  ],
  "name": "kpi_nb_produits_expires_en_stock",
  "success": true
}
2026-05-27T01:56:04.764Z | RESPONSE | POST | http://127.0.0.1:5000/api/dashboard/query | 200 | ok=true | duration_ms=936 | {
  "data": [
    {
      "nb_ventes_jour": 43
    }
  ],
  "name": "kpi_nb_ventes_jour",
  "success": true
}
2026-05-27T01:56:04.780Z | RESPONSE | POST | http://127.0.0.1:5000/api/dashboard/query | 200 | ok=true | duration_ms=955 | {
  "data": [
    {
      "ca_jour": "928.19"
    }
  ],
  "name": "kpi_ca_jour",
  "success": true
}
2026-05-27T01:56:04.785Z | RESPONSE | POST | http://127.0.0.1:5000/api/dashboard/query | 200 | ok=true | duration_ms=943 | {
  "data": [
    {
      "nb_fournisseurs_30j": 19
    }
  ],
  "name": "kpi_nb_fournisseurs_30j",
  "success": true
}
2026-05-27T01:56:04.815Z | RESPONSE | POST | http://127.0.0.1:5000/api/dashboard/query | 200 | ok=true | duration_ms=975 | {
  "data": [
    {
      "marge_brute_30j": "26441.59"
    }
  ],
  "name": "kpi_marge_brute_30j",
  "success": true
}
2026-05-27T01:56:04.864Z | RESPONSE | POST | http://127.0.0.1:5000/api/dashboard/query | 200 | ok=true | duration_ms=1020 | {
  "data": [
    {
      "jour": "Sun, 26 Apr 2026 00:00:00 GMT",
      "total_vente": "3250.49"
    },
    {
      "jour": "Mon, 27 Apr 2026 00:00:00 GMT",
      "total_vente": "3832.93"
    },
    {
      "jour": "Tue, 28 Apr 2026 00:00:00 GMT",
      "total_vente": "3350.95"
    },
    {
      "jour": "Wed, 29 Apr 2026 00:00:00 GMT",
      "total_vente": "4535.96"
    },
    {
      "jour": "Thu, 30 Apr 2026 00:00:00 GMT",
      "total_vente": "3229.09"
    },
    {
      "jour": "Fri, 01 May 2026 00:00:00 GMT",
      "total_vente": "3534.75"
    },
    {
      "jour": "Sat, 02 May 2026 00:00:00 GMT",
      "total_vente": "3533.46"
    },
    {
      "jour": "Sun, 03 May 2026 00:00:00 GMT",
      "total_vente": "3818.29"
    },
    {
      "jour": "Mon, 04 May 2026 00:00:00 GMT",
      "total_vente": "3258.37"
    },
    {
      "jour": "Tue, 05 May 2026 00:00:00 GMT",
      "total_vente": "4242.67"
    },
    {
      "jour": "Wed, 06 May 2026 00:00:00 GMT",
      "total_vente": "2688.34"
    },
    {
      "jour": "Thu, 07 May 2026 00:00:00 GMT",
      "total_vente": "3031.54"
    },
    {
      "jour": "Fri, 08 May 2026 00:00:00 GMT",
      "total_vente": "3207.59"
    },
    {
      "jour": "Sat, 09 May 2026 00:00:00 GMT",
      "total_vente": "3490.51"
    },
    {
      "jour": "Sun, 10 May 2026 00:00:00 GMT",
      "total_vente": "1577.46"
    },
    {
      "jour": "Mon, 11 May 2026 00:00:00 GMT",
      "total_vente": "1612.53"
    },
    {
      "jour": "Tue, 12 May 2026 00:00:00 GMT",
      "total_vente": "1687.91"
    },
    {
      "jour": "Wed, 13 May 2026 00:00:00 GMT",
      "total_vente": "1875.71"
    },
    {
      "jour": "Thu, 14 May 2026 00:00:00 GMT",
      "total_vente": "1100.89"
    },
    {
      "jour": "Fri, 15 May 2026 00:00:00 GMT",
      "total_vente": "793.77"
    },
    {
      "jour": "Sat, 16 May 2026 00:00:00 GMT",
      "total_vente": "879.22"
    },
    {
      "jour": "Sun, 17 May 2026 00:00:00 GMT",
      "total_vente": "12
2026-05-27T01:56:04.879Z | RESPONSE | POST | http://127.0.0.1:5000/api/dashboard/query | 200 | ok=true | duration_ms=1032 | {
  "data": [
    {
      "an_semaine": 202610,
      "ca_semaine": "21316.03",
      "debut_semaine": "Tue, 03 Mar 2026 00:00:00 GMT"
    },
    {
      "an_semaine": 202611,
      "ca_semaine": "23229.52",
      "debut_semaine": "Mon, 09 Mar 2026 00:00:00 GMT"
    },
    {
      "an_semaine": 202612,
      "ca_semaine": "23284.39",
      "debut_semaine": "Mon, 16 Mar 2026 00:00:00 GMT"
    },
    {
      "an_semaine": 202613,
      "ca_semaine": "25578.41",
      "debut_semaine": "Mon, 23 Mar 2026 00:00:00 GMT"
    },
    {
      "an_semaine": 202614,
      "ca_semaine": "21878.27",
      "debut_semaine": "Mon, 30 Mar 2026 00:00:00 GMT"
    },
    {
      "an_semaine": 202615,
      "ca_semaine": "24147.35",
      "debut_semaine": "Mon, 06 Apr 2026 00:00:00 GMT"
    },
    {
      "an_semaine": 202616,
      "ca_semaine": "24453.80",
      "debut_semaine": "Mon, 13 Apr 2026 00:00:00 GMT"
    },
    {
      "an_semaine": 202617,
      "ca_semaine": "22792.89",
      "debut_semaine": "Mon, 20 Apr 2026 00:00:00 GMT"
    },
    {
      "an_semaine": 202618,
      "ca_semaine": "25605.97",
      "debut_semaine": "Mon, 27 Apr 2026 00:00:00 GMT"
    },
    {
      "an_semaine": 202619,
      "ca_semaine": "21382.67",
      "debut_semaine": "Mon, 04 May 2026 00:00:00 GMT"
    },
    {
      "an_semaine": 202620,
      "ca_semaine": "8964.66",
      "debut_semaine": "Mon, 11 May 2026 00:00:00 GMT"
    },
    {
      "an_semaine": 202621,
      "ca_semaine": "8691.31",
      "debut_semaine": "Mon, 18 May 2026 00:00:00 GMT"
    },
    {
      "an_semaine": 202622,
      "ca_semaine": "1979.26",
      "debut_semaine": "Mon, 25 May 2026 00:00:00 GMT"
    }
  ],
  "name": "chart_ca_par_semaine_12",
  "success": true
}
2026-05-27T01:56:04.933Z | RESPONSE | POST | http://127.0.0.1:5000/api/dashboard/query | 200 | ok=true | duration_ms=1088 | {
  "data": [
    {
      "ca_mois": "103061.70",
      "mois": "2026-01"
    },
    {
      "ca_mois": "97187.26",
      "mois": "2026-02"
    },
    {
      "ca_mois": "106767.12",
      "mois": "2026-03"
    },
    {
      "ca_mois": "102276.00",
      "mois": "2026-04"
    },
    {
      "ca_mois": "51818.04",
      "mois": "2026-05"
    }
  ],
  "name": "chart_ca_mensuel_ytd",
  "success": true
}
2026-05-27T01:56:04.941Z | RESPONSE | POST | http://127.0.0.1:5000/api/dashboard/query | 200 | ok=true | duration_ms=1092 | {
  "data": [
    {
      "produit": "Solution lentilles 360 ml",
      "total_vendu": "143"
    },
    {
      "produit": "Pseudoephedrine 30 mg",
      "total_vendu": "128"
    },
    {
      "produit": "Gouttes yeux secs 15 ml",
      "total_vendu": "123"
    },
    {
      "produit": "Tensiom\u251c\u00bftre poignet",
      "total_vendu": "120"
    },
    {
      "produit": "Peroxyde hydrog\u251c\u00bfne 3%",
      "total_vendu": "116"
    }
  ],
  "name": "top5_produits_30j",
  "success": true
}
2026-05-27T01:56:04.968Z | RESPONSE | POST | http://127.0.0.1:5000/api/dashboard/query | 200 | ok=true | duration_ms=1116 | {
  "data": [
    {
      "fournisseur": "GlobalCare Supplies",
      "total_achat": "24229.34"
    },
    {
      "fournisseur": "PharmaNord Distribution",
      "total_achat": "19052.78"
    },
    {
      "fournisseur": "BioPharm Montr\u251c\u00aeal",
      "total_achat": "11489.32"
    },
    {
      "fournisseur": "Vitalis Grossiste",
      "total_achat": "11085.50"
    },
    {
      "fournisseur": "OmniHealth Supply",
      "total_achat": "10598.35"
    },
    {
      "fournisseur": "MediStock Qu\u251c\u00aebec",
      "total_achat": "7974.48"
    },
    {
      "fournisseur": "Clinimed Canada",
      "total_achat": "7275.10"
    }
  ],
  "name": "chart_top_fournisseurs_30j",
  "success": true
}
2026-05-27T01:56:04.974Z | RESPONSE | POST | http://127.0.0.1:5000/api/dashboard/query | 200 | ok=true | duration_ms=1124 | {
  "data": [
    {
      "ca": "11833.14",
      "category": "Vitamines"
    },
    {
      "ca": "9310.72",
      "category": "Rhume et grippe"
    },
    {
      "ca": "9308.37",
      "category": "Premiers soins"
    },
    {
      "ca": "8398.95",
      "category": "Soins oculaires"
    },
    {
      "ca": "7821.38",
      "category": "Digestif"
    },
    {
      "ca": "7363.35",
      "category": "Mat\u251c\u00aeriel m\u251c\u00aedical"
    },
    {
      "ca": "6491.40",
      "category": "Dermatologie"
    },
    {
      "ca": "6485.06",
      "category": "Diab\u251c\u00bfte"
    },
    {
      "ca": "6221.86",
      "category": "Respiratoire"
    },
    {
      "ca": "6017.57",
      "category": "Protection"
    },
    {
      "ca": "5421.12",
      "category": "MATERIEL"
    },
    {
      "ca": "5045.66",
      "category": "Allergies"
    },
    {
      "ca": "4719.86",
      "category": "Soins peau"
    },
    {
      "ca": "4642.99",
      "category": "Douleurs musculaires"
    },
    {
      "ca": "3944.79",
      "category": "Sommeil"
    },
    {
      "ca": "3620.03",
      "category": "Cardio"
    },
    {
      "ca": "3437.17",
      "category": "Analgesiques"
    },
    {
      "ca": "3154.76",
      "category": "Bucco-dentaire"
    },
    {
      "ca": "3026.99",
      "category": "ANTIBIO"
    },
    {
      "ca": "2856.25",
      "category": "DOULEUR"
    },
    {
      "ca": "2446.11",
      "category": "Sport sant\u251c\u00ae"
    },
    {
      "ca": "2190.77",
      "category": "PALUDISME"
    },
    {
      "ca": "2117.55",
      "category": "Cortico"
    },
    {
      "ca": "2103.05",
      "category": "SUPPLEMENT"
    },
    {
      "ca": "1895.63",
      "category": "DIABETE"
    },
    {
      "ca": "1698.22",
      "category": "GASTRO"
    },
    {
      "ca": "1635.45",
      "category": "Soins cheveux"
    },
    {
      "ca": "1389.75",
      "category": "Infection"
    },
    {
      "ca": "1320.85",
      "category": "Sant\u2
2026-05-27T01:56:04.993Z | RESPONSE | POST | http://127.0.0.1:5000/api/dashboard/query | 200 | ok=true | duration_ms=1141 | {
  "data": [
    {
      "date_expiration": "01-06-2026",
      "produit": "Amoxicilline 500mg",
      "quantite": 78
    },
    {
      "date_expiration": "04-06-2026",
      "produit": "Glucose comprim\u251c\u00aes",
      "quantite": 623
    },
    {
      "date_expiration": "05-06-2026",
      "produit": "Test grossesse",
      "quantite": 362
    },
    {
      "date_expiration": "09-06-2026",
      "produit": "Bandage \u251c\u00aelastique",
      "quantite": 428
    },
    {
      "date_expiration": "09-06-2026",
      "produit": "Bandelettes glyc\u251c\u00aemie",
      "quantite": 387
    },
    {
      "date_expiration": "09-06-2026",
      "produit": "Baume l\u251c\u00bfvres SPF",
      "quantite": 526
    },
    {
      "date_expiration": "11-06-2026",
      "produit": "Atorvastatine 20mg",
      "quantite": 705
    },
    {
      "date_expiration": "11-06-2026",
      "produit": "Amoxicilline 500mg",
      "quantite": 1015
    },
    {
      "date_expiration": "12-06-2026",
      "produit": "Cr\u251c\u00bfme hydrocortisone 1%",
      "quantite": 855
    },
    {
      "date_expiration": "13-06-2026",
      "produit": "Pansements assortis",
      "quantite": 702
    },
    {
      "date_expiration": "14-06-2026",
      "produit": "Acetaminophene 500 mg",
      "quantite": 890
    },
    {
      "date_expiration": "14-06-2026",
      "produit": "Sels de r\u251c\u00aehydratation orale",
      "quantite": 973
    },
    {
      "date_expiration": "15-06-2026",
      "produit": "Hydrocortisone creme",
      "quantite": 927
    },
    {
      "date_expiration": "16-06-2026",
      "produit": "Salbutamol inhalateur",
      "quantite": 1
    },
    {
      "date_expiration": "17-06-2026",
      "produit": "Vitamine D 1000 UI",
      "quantite": 1019
    },
    {
      "date_expiration": "19-06-2026",
      "produit": "Ibuprofene 200 mg",
      "quantite": 737
    },
    {
      "date_expiration": "20-06-2026",
      "produit": "Dentifrice sensibilit\u251c\u00ae"
2026-05-27T01:56:05.026Z | RESPONSE | POST | http://127.0.0.1:5000/api/dashboard/query | 200 | ok=true | duration_ms=1172 | {
  "data": [],
  "name": "stock_bas",
  "success": true
}
2026-05-27T01:56:05.037Z | RESPONSE | POST | http://127.0.0.1:5000/api/dashboard/query | 200 | ok=true | duration_ms=1182 | {
  "data": [
    {
      "produit": "Gouttes anti-allergies 10 ml",
      "total_stock": "19629"
    },
    {
      "produit": "Glucose comprim\u251c\u00aes",
      "total_stock": "17955"
    },
    {
      "produit": "Peroxyde hydrog\u251c\u00bfne 3%",
      "total_stock": "17511"
    },
    {
      "produit": "Electrolytes sport",
      "total_stock": "17305"
    },
    {
      "produit": "ORS sachet",
      "total_stock": "17233"
    },
    {
      "produit": "Calcium 500 mg",
      "total_stock": "17218"
    },
    {
      "produit": "Paracetamol 500mg",
      "total_stock": "15605"
    },
    {
      "produit": "Val\u251c\u00aeriane capsules",
      "total_stock": "15304"
    },
    {
      "produit": "Solution lentilles 360 ml",
      "total_stock": "15230"
    },
    {
      "produit": "Aspirine 81 mg",
      "total_stock": "14807"
    },
    {
      "produit": "Tensiom\u251c\u00bftre poignet",
      "total_stock": "14620"
    },
    {
      "produit": "Cr\u251c\u00bfme douleur musculaire",
      "total_stock": "14540"
    },
    {
      "produit": "Gants nitrile boite",
      "total_stock": "14447"
    },
    {
      "produit": "Test grossesse",
      "total_stock": "14299"
    },
    {
      "produit": "Seringues 5ml boite",
      "total_stock": "14249"
    },
    {
      "produit": "Patch chaleur",
      "total_stock": "14073"
    },
    {
      "produit": "Tensiometre bras",
      "total_stock": "13940"
    },
    {
      "produit": "Rince-bouche antiseptique",
      "total_stock": "13880"
    },
    {
      "produit": "Gants nitrile bo\u251c\u00abte 100",
      "total_stock": "13823"
    },
    {
      "produit": "Acetaminophene 500 mg",
      "total_stock": "13779"
    },
    {
      "produit": "Thermometre digital",
      "total_stock": "13774"
    },
    {
      "produit": "Masques m\u251c\u00aedicaux bo\u251c\u00abte 50",
      "total_stock": "13631"
    },
    {
      "produit": "Dolaren plus 250mg",
      "total_stock": "13546"
    },
    {
2026-05-27T01:56:05.078Z | RESPONSE | POST | http://127.0.0.1:5000/api/dashboard/query | 200 | ok=true | duration_ms=1221 | {
  "data": [
    {
      "ca": "4067.43",
      "jour": "Fri, 27 Mar 2026 00:00:00 GMT",
      "sma7": "4067.430000"
    },
    {
      "ca": "3569.57",
      "jour": "Sat, 28 Mar 2026 00:00:00 GMT",
      "sma7": "3818.500000"
    },
    {
      "ca": "3787.88",
      "jour": "Sun, 29 Mar 2026 00:00:00 GMT",
      "sma7": "3808.293333"
    },
    {
      "ca": "2937.31",
      "jour": "Mon, 30 Mar 2026 00:00:00 GMT",
      "sma7": "3590.547500"
    },
    {
      "ca": "2864.83",
      "jour": "Tue, 31 Mar 2026 00:00:00 GMT",
      "sma7": "3445.404000"
    },
    {
      "ca": "2478.87",
      "jour": "Wed, 01 Apr 2026 00:00:00 GMT",
      "sma7": "3284.315000"
    },
    {
      "ca": "4755.54",
      "jour": "Thu, 02 Apr 2026 00:00:00 GMT",
      "sma7": "3494.490000"
    },
    {
      "ca": "3310.04",
      "jour": "Fri, 03 Apr 2026 00:00:00 GMT",
      "sma7": "3386.291429"
    },
    {
      "ca": "2674.99",
      "jour": "Sat, 04 Apr 2026 00:00:00 GMT",
      "sma7": "3258.494286"
    },
    {
      "ca": "2856.69",
      "jour": "Sun, 05 Apr 2026 00:00:00 GMT",
      "sma7": "3125.467143"
    },
    {
      "ca": "3541.67",
      "jour": "Mon, 06 Apr 2026 00:00:00 GMT",
      "sma7": "3211.804286"
    },
    {
      "ca": "3626.86",
      "jour": "Tue, 07 Apr 2026 00:00:00 GMT",
      "sma7": "3320.665714"
    },
    {
      "ca": "3925.10",
      "jour": "Wed, 08 Apr 2026 00:00:00 GMT",
      "sma7": "3527.270000"
    },
    {
      "ca": "3213.05",
      "jour": "Thu, 09 Apr 2026 00:00:00 GMT",
      "sma7": "3306.914286"
    },
    {
      "ca": "3687.98",
      "jour": "Fri, 10 Apr 2026 00:00:00 GMT",
      "sma7": "3360.905714"
    },
    {
      "ca": "2738.24",
      "jour": "Sat, 11 Apr 2026 00:00:00 GMT",
      "sma7": "3369.941429"
    },
    {
      "ca": "3414.45",
      "jour": "Sun, 12 Apr 2026 00:00:00 GMT",
      "sma7": "3449.621429"
    },
    {
      "ca": "3447.77",
      "jour": "Mon, 13 Apr 2026 00:00:00 GMT",
      "sma7": "3436.207
2026-05-27T02:02:28.370Z | REQUEST  | POST | http://127.0.0.1:5000/api/dashboard/query
2026-05-27T02:02:28.373Z | REQUEST  | POST | http://127.0.0.1:5000/api/dashboard/query
2026-05-27T02:02:28.374Z | REQUEST  | POST | http://127.0.0.1:5000/api/dashboard/query
2026-05-27T02:02:28.378Z | REQUEST  | POST | http://127.0.0.1:5000/api/dashboard/query
2026-05-27T02:02:28.380Z | REQUEST  | POST | http://127.0.0.1:5000/api/dashboard/query
2026-05-27T02:02:28.382Z | REQUEST  | POST | http://127.0.0.1:5000/api/dashboard/query
2026-05-27T02:02:28.382Z | REQUEST  | POST | http://127.0.0.1:5000/api/dashboard/query
2026-05-27T02:02:28.383Z | REQUEST  | POST | http://127.0.0.1:5000/api/dashboard/query
2026-05-27T02:02:28.384Z | REQUEST  | POST | http://127.0.0.1:5000/api/dashboard/query
2026-05-27T02:02:28.385Z | REQUEST  | POST | http://127.0.0.1:5000/api/dashboard/query
2026-05-27T02:02:28.386Z | REQUEST  | POST | http://127.0.0.1:5000/api/dashboard/query
2026-05-27T02:02:28.389Z | REQUEST  | POST | http://127.0.0.1:5000/api/dashboard/query
2026-05-27T02:02:28.391Z | REQUEST  | POST | http://127.0.0.1:5000/api/dashboard/query
2026-05-27T02:02:28.392Z | REQUEST  | POST | http://127.0.0.1:5000/api/dashboard/query
2026-05-27T02:02:28.394Z | REQUEST  | POST | http://127.0.0.1:5000/api/dashboard/query
2026-05-27T02:02:28.395Z | REQUEST  | POST | http://127.0.0.1:5000/api/dashboard/query
2026-05-27T02:02:28.398Z | REQUEST  | POST | http://127.0.0.1:5000/api/dashboard/query
2026-05-27T02:02:28.399Z | REQUEST  | POST | http://127.0.0.1:5000/api/dashboard/query
2026-05-27T02:02:28.401Z | REQUEST  | POST | http://127.0.0.1:5000/api/dashboard/query
2026-05-27T02:02:28.968Z | RESPONSE | POST | http://127.0.0.1:5000/api/dashboard/query | 200 | ok=true | duration_ms=593 | {
  "data": [
    {
      "nb_alertes_stock": 0
    }
  ],
  "name": "kpi_nb_alertes_stock",
  "success": true
}
2026-05-27T02:02:29.021Z | RESPONSE | POST | http://127.0.0.1:5000/api/dashboard/query | 200 | ok=true | duration_ms=641 | {
  "data": [
    {
      "nb_produits_actifs": 103
    }
  ],
  "name": "kpi_nb_produits_actifs",
  "success": true
}
2026-05-27T02:02:29.067Z | RESPONSE | POST | http://127.0.0.1:5000/api/dashboard/query | 200 | ok=true | duration_ms=696 | {
  "data": [
    {
      "ca_jour": "2365.22"
    }
  ],
  "name": "kpi_ca_jour",
  "success": true
}
2026-05-27T02:02:29.109Z | RESPONSE | POST | http://127.0.0.1:5000/api/dashboard/query | 200 | ok=true | duration_ms=736 | {
  "data": [
    {
      "nb_ventes_jour": 45
    }
  ],
  "name": "kpi_nb_ventes_jour",
  "success": true
}
2026-05-27T02:02:29.129Z | RESPONSE | POST | http://127.0.0.1:5000/api/dashboard/query | 200 | ok=true | duration_ms=747 | {
  "data": [
    {
      "valeur_stock": "6961911.38"
    }
  ],
  "name": "kpi_valeur_stock",
  "success": true
}
2026-05-27T02:02:29.165Z | RESPONSE | POST | http://127.0.0.1:5000/api/dashboard/query | 200 | ok=true | duration_ms=782 | {
  "data": [
    {
      "nb_produits_expires_en_stock": 1224
    }
  ],
  "name": "kpi_nb_produits_expires_en_stock",
  "success": true
}
2026-05-27T02:02:29.181Z | RESPONSE | POST | http://127.0.0.1:5000/api/dashboard/query | 200 | ok=true | duration_ms=799 | {
  "data": [
    {
      "ca_ytd": "462547.15"
    }
  ],
  "name": "kpi_ca_ytd",
  "success": true
}
2026-05-27T02:02:29.204Z | RESPONSE | POST | http://127.0.0.1:5000/api/dashboard/query | 200 | ok=true | duration_ms=819 | {
  "data": [
    {
      "nb_fournisseurs_30j": 19
    }
  ],
  "name": "kpi_nb_fournisseurs_30j",
  "success": true
}
2026-05-27T02:02:29.247Z | RESPONSE | POST | http://127.0.0.1:5000/api/dashboard/query | 200 | ok=true | duration_ms=862 | {
  "data": [
    {
      "marge_brute_30j": "26943.82"
    }
  ],
  "name": "kpi_marge_brute_30j",
  "success": true
}
2026-05-27T02:02:29.254Z | RESPONSE | POST | http://127.0.0.1:5000/api/dashboard/query | 200 | ok=true | duration_ms=867 | {
  "data": [
    {
      "jour": "Sun, 26 Apr 2026 00:00:00 GMT",
      "total_vente": "3250.49"
    },
    {
      "jour": "Mon, 27 Apr 2026 00:00:00 GMT",
      "total_vente": "3832.93"
    },
    {
      "jour": "Tue, 28 Apr 2026 00:00:00 GMT",
      "total_vente": "3350.95"
    },
    {
      "jour": "Wed, 29 Apr 2026 00:00:00 GMT",
      "total_vente": "4535.96"
    },
    {
      "jour": "Thu, 30 Apr 2026 00:00:00 GMT",
      "total_vente": "3229.09"
    },
    {
      "jour": "Fri, 01 May 2026 00:00:00 GMT",
      "total_vente": "3534.75"
    },
    {
      "jour": "Sat, 02 May 2026 00:00:00 GMT",
      "total_vente": "3533.46"
    },
    {
      "jour": "Sun, 03 May 2026 00:00:00 GMT",
      "total_vente": "3818.29"
    },
    {
      "jour": "Mon, 04 May 2026 00:00:00 GMT",
      "total_vente": "3258.37"
    },
    {
      "jour": "Tue, 05 May 2026 00:00:00 GMT",
      "total_vente": "4242.67"
    },
    {
      "jour": "Wed, 06 May 2026 00:00:00 GMT",
      "total_vente": "2688.34"
    },
    {
      "jour": "Thu, 07 May 2026 00:00:00 GMT",
      "total_vente": "3031.54"
    },
    {
      "jour": "Fri, 08 May 2026 00:00:00 GMT",
      "total_vente": "3207.59"
    },
    {
      "jour": "Sat, 09 May 2026 00:00:00 GMT",
      "total_vente": "3490.51"
    },
    {
      "jour": "Sun, 10 May 2026 00:00:00 GMT",
      "total_vente": "1577.46"
    },
    {
      "jour": "Mon, 11 May 2026 00:00:00 GMT",
      "total_vente": "1612.53"
    },
    {
      "jour": "Tue, 12 May 2026 00:00:00 GMT",
      "total_vente": "1687.91"
    },
    {
      "jour": "Wed, 13 May 2026 00:00:00 GMT",
      "total_vente": "1875.71"
    },
    {
      "jour": "Thu, 14 May 2026 00:00:00 GMT",
      "total_vente": "1100.89"
    },
    {
      "jour": "Fri, 15 May 2026 00:00:00 GMT",
      "total_vente": "793.77"
    },
    {
      "jour": "Sat, 16 May 2026 00:00:00 GMT",
      "total_vente": "879.22"
    },
    {
      "jour": "Sun, 17 May 2026 00:00:00 GMT",
      "total_vente": "12
2026-05-27T02:02:29.273Z | RESPONSE | POST | http://127.0.0.1:5000/api/dashboard/query | 200 | ok=true | duration_ms=883 | {
  "data": [
    {
      "an_semaine": 202610,
      "ca_semaine": "21316.03",
      "debut_semaine": "Tue, 03 Mar 2026 00:00:00 GMT"
    },
    {
      "an_semaine": 202611,
      "ca_semaine": "23229.52",
      "debut_semaine": "Mon, 09 Mar 2026 00:00:00 GMT"
    },
    {
      "an_semaine": 202612,
      "ca_semaine": "23284.39",
      "debut_semaine": "Mon, 16 Mar 2026 00:00:00 GMT"
    },
    {
      "an_semaine": 202613,
      "ca_semaine": "25578.41",
      "debut_semaine": "Mon, 23 Mar 2026 00:00:00 GMT"
    },
    {
      "an_semaine": 202614,
      "ca_semaine": "21878.27",
      "debut_semaine": "Mon, 30 Mar 2026 00:00:00 GMT"
    },
    {
      "an_semaine": 202615,
      "ca_semaine": "24147.35",
      "debut_semaine": "Mon, 06 Apr 2026 00:00:00 GMT"
    },
    {
      "an_semaine": 202616,
      "ca_semaine": "24453.80",
      "debut_semaine": "Mon, 13 Apr 2026 00:00:00 GMT"
    },
    {
      "an_semaine": 202617,
      "ca_semaine": "22792.89",
      "debut_semaine": "Mon, 20 Apr 2026 00:00:00 GMT"
    },
    {
      "an_semaine": 202618,
      "ca_semaine": "25605.97",
      "debut_semaine": "Mon, 27 Apr 2026 00:00:00 GMT"
    },
    {
      "an_semaine": 202619,
      "ca_semaine": "21382.67",
      "debut_semaine": "Mon, 04 May 2026 00:00:00 GMT"
    },
    {
      "an_semaine": 202620,
      "ca_semaine": "8964.66",
      "debut_semaine": "Mon, 11 May 2026 00:00:00 GMT"
    },
    {
      "an_semaine": 202621,
      "ca_semaine": "8691.31",
      "debut_semaine": "Mon, 18 May 2026 00:00:00 GMT"
    },
    {
      "an_semaine": 202622,
      "ca_semaine": "3416.29",
      "debut_semaine": "Mon, 25 May 2026 00:00:00 GMT"
    }
  ],
  "name": "chart_ca_par_semaine_12",
  "success": true
}
2026-05-27T02:02:29.313Z | RESPONSE | POST | http://127.0.0.1:5000/api/dashboard/query | 200 | ok=true | duration_ms=917 | {
  "data": [
    {
      "date_expiration": "01-06-2026",
      "produit": "Amoxicilline 500mg",
      "quantite": 78
    },
    {
      "date_expiration": "04-06-2026",
      "produit": "Glucose comprim\u251c\u00aes",
      "quantite": 623
    },
    {
      "date_expiration": "05-06-2026",
      "produit": "Test grossesse",
      "quantite": 362
    },
    {
      "date_expiration": "09-06-2026",
      "produit": "Bandage \u251c\u00aelastique",
      "quantite": 428
    },
    {
      "date_expiration": "09-06-2026",
      "produit": "Bandelettes glyc\u251c\u00aemie",
      "quantite": 387
    },
    {
      "date_expiration": "09-06-2026",
      "produit": "Baume l\u251c\u00bfvres SPF",
      "quantite": 526
    },
    {
      "date_expiration": "11-06-2026",
      "produit": "Atorvastatine 20mg",
      "quantite": 705
    },
    {
      "date_expiration": "11-06-2026",
      "produit": "Amoxicilline 500mg",
      "quantite": 1015
    },
    {
      "date_expiration": "12-06-2026",
      "produit": "Cr\u251c\u00bfme hydrocortisone 1%",
      "quantite": 855
    },
    {
      "date_expiration": "13-06-2026",
      "produit": "Pansements assortis",
      "quantite": 702
    },
    {
      "date_expiration": "14-06-2026",
      "produit": "Acetaminophene 500 mg",
      "quantite": 890
    },
    {
      "date_expiration": "14-06-2026",
      "produit": "Sels de r\u251c\u00aehydratation orale",
      "quantite": 959
    },
    {
      "date_expiration": "15-06-2026",
      "produit": "Hydrocortisone creme",
      "quantite": 927
    },
    {
      "date_expiration": "16-06-2026",
      "produit": "Salbutamol inhalateur",
      "quantite": 1
    },
    {
      "date_expiration": "17-06-2026",
      "produit": "Vitamine D 1000 UI",
      "quantite": 1019
    },
    {
      "date_expiration": "19-06-2026",
      "produit": "Ibuprofene 200 mg",
      "quantite": 737
    },
    {
      "date_expiration": "20-06-2026",
      "produit": "Dentifrice sensibilit\u251c\u00ae"
2026-05-27T02:02:29.320Z | RESPONSE | POST | http://127.0.0.1:5000/api/dashboard/query | 200 | ok=true | duration_ms=924 | {
  "data": [
    {
      "fournisseur": "GlobalCare Supplies",
      "total_achat": "24229.34"
    },
    {
      "fournisseur": "PharmaNord Distribution",
      "total_achat": "19052.78"
    },
    {
      "fournisseur": "BioPharm Montr\u251c\u00aeal",
      "total_achat": "11489.32"
    },
    {
      "fournisseur": "Vitalis Grossiste",
      "total_achat": "11085.50"
    },
    {
      "fournisseur": "OmniHealth Supply",
      "total_achat": "10598.35"
    },
    {
      "fournisseur": "MediStock Qu\u251c\u00aebec",
      "total_achat": "7974.48"
    },
    {
      "fournisseur": "Clinimed Canada",
      "total_achat": "7275.10"
    }
  ],
  "name": "chart_top_fournisseurs_30j",
  "success": true
}
2026-05-27T02:02:29.341Z | RESPONSE | POST | http://127.0.0.1:5000/api/dashboard/query | 200 | ok=true | duration_ms=954 | {
  "data": [
    {
      "ca_mois": "103061.70",
      "mois": "2026-01"
    },
    {
      "ca_mois": "97187.26",
      "mois": "2026-02"
    },
    {
      "ca_mois": "106767.12",
      "mois": "2026-03"
    },
    {
      "ca_mois": "102276.00",
      "mois": "2026-04"
    },
    {
      "ca_mois": "53255.07",
      "mois": "2026-05"
    }
  ],
  "name": "chart_ca_mensuel_ytd",
  "success": true
}
2026-05-27T02:02:29.349Z | RESPONSE | POST | http://127.0.0.1:5000/api/dashboard/query | 200 | ok=true | duration_ms=958 | {
  "data": [
    {
      "produit": "Tensiom\u251c\u00bftre poignet",
      "total_vendu": "145"
    },
    {
      "produit": "Solution lentilles 360 ml",
      "total_vendu": "143"
    },
    {
      "produit": "Gel antiseptique 100 ml",
      "total_vendu": "129"
    },
    {
      "produit": "Pseudoephedrine 30 mg",
      "total_vendu": "128"
    },
    {
      "produit": "Gouttes yeux secs 15 ml",
      "total_vendu": "123"
    }
  ],
  "name": "top5_produits_30j",
  "success": true
}
2026-05-27T02:02:29.369Z | RESPONSE | POST | http://127.0.0.1:5000/api/dashboard/query | 200 | ok=true | duration_ms=976 | {
  "data": [
    {
      "ca": "11833.14",
      "category": "Vitamines"
    },
    {
      "ca": "9626.79",
      "category": "Premiers soins"
    },
    {
      "ca": "9310.72",
      "category": "Rhume et grippe"
    },
    {
      "ca": "8939.99",
      "category": "Digestif"
    },
    {
      "ca": "8481.96",
      "category": "Mat\u251c\u00aeriel m\u251c\u00aedical"
    },
    {
      "ca": "8398.95",
      "category": "Soins oculaires"
    },
    {
      "ca": "6491.40",
      "category": "Dermatologie"
    },
    {
      "ca": "6485.06",
      "category": "Diab\u251c\u00bfte"
    },
    {
      "ca": "6221.86",
      "category": "Respiratoire"
    },
    {
      "ca": "6017.57",
      "category": "Protection"
    },
    {
      "ca": "5421.12",
      "category": "MATERIEL"
    },
    {
      "ca": "5045.66",
      "category": "Allergies"
    },
    {
      "ca": "4719.86",
      "category": "Soins peau"
    },
    {
      "ca": "4642.99",
      "category": "Douleurs musculaires"
    },
    {
      "ca": "3944.79",
      "category": "Sommeil"
    },
    {
      "ca": "3620.03",
      "category": "Cardio"
    },
    {
      "ca": "3437.17",
      "category": "Analgesiques"
    },
    {
      "ca": "3154.76",
      "category": "Bucco-dentaire"
    },
    {
      "ca": "3026.99",
      "category": "ANTIBIO"
    },
    {
      "ca": "2856.25",
      "category": "DOULEUR"
    },
    {
      "ca": "2446.11",
      "category": "Sport sant\u251c\u00ae"
    },
    {
      "ca": "2190.77",
      "category": "PALUDISME"
    },
    {
      "ca": "2117.55",
      "category": "Cortico"
    },
    {
      "ca": "2103.05",
      "category": "SUPPLEMENT"
    },
    {
      "ca": "1895.63",
      "category": "DIABETE"
    },
    {
      "ca": "1698.22",
      "category": "GASTRO"
    },
    {
      "ca": "1635.45",
      "category": "Soins cheveux"
    },
    {
      "ca": "1389.75",
      "category": "Infection"
    },
    {
      "ca": "1320.85",
      "category": "Sant\u2
2026-05-27T02:02:29.374Z | RESPONSE | POST | http://127.0.0.1:5000/api/dashboard/query | 200 | ok=true | duration_ms=976 | {
  "data": [],
  "name": "stock_bas",
  "success": true
}
2026-05-27T02:02:29.412Z | RESPONSE | POST | http://127.0.0.1:5000/api/dashboard/query | 200 | ok=true | duration_ms=1011 | {
  "data": [
    {
      "produit": "Gouttes anti-allergies 10 ml",
      "total_stock": "19629"
    },
    {
      "produit": "Glucose comprim\u251c\u00aes",
      "total_stock": "17955"
    },
    {
      "produit": "Peroxyde hydrog\u251c\u00bfne 3%",
      "total_stock": "17511"
    },
    {
      "produit": "Electrolytes sport",
      "total_stock": "17305"
    },
    {
      "produit": "ORS sachet",
      "total_stock": "17233"
    },
    {
      "produit": "Calcium 500 mg",
      "total_stock": "17218"
    },
    {
      "produit": "Paracetamol 500mg",
      "total_stock": "15605"
    },
    {
      "produit": "Val\u251c\u00aeriane capsules",
      "total_stock": "15304"
    },
    {
      "produit": "Solution lentilles 360 ml",
      "total_stock": "15230"
    },
    {
      "produit": "Aspirine 81 mg",
      "total_stock": "14807"
    },
    {
      "produit": "Tensiom\u251c\u00bftre poignet",
      "total_stock": "14595"
    },
    {
      "produit": "Cr\u251c\u00bfme douleur musculaire",
      "total_stock": "14540"
    },
    {
      "produit": "Gants nitrile boite",
      "total_stock": "14447"
    },
    {
      "produit": "Test grossesse",
      "total_stock": "14299"
    },
    {
      "produit": "Seringues 5ml boite",
      "total_stock": "14249"
    },
    {
      "produit": "Patch chaleur",
      "total_stock": "14073"
    },
    {
      "produit": "Tensiometre bras",
      "total_stock": "13940"
    },
    {
      "produit": "Rince-bouche antiseptique",
      "total_stock": "13880"
    },
    {
      "produit": "Gants nitrile bo\u251c\u00abte 100",
      "total_stock": "13823"
    },
    {
      "produit": "Acetaminophene 500 mg",
      "total_stock": "13779"
    },
    {
      "produit": "Thermometre digital",
      "total_stock": "13774"
    },
    {
      "produit": "Masques m\u251c\u00aedicaux bo\u251c\u00abte 50",
      "total_stock": "13631"
    },
    {
      "produit": "Dolaren plus 250mg",
      "total_stock": "13546"
    },
    {
2026-05-27T02:02:29.423Z | RESPONSE | POST | http://127.0.0.1:5000/api/dashboard/query | 200 | ok=true | duration_ms=1022 | {
  "data": [
    {
      "ca": "4067.43",
      "jour": "Fri, 27 Mar 2026 00:00:00 GMT",
      "sma7": "4067.430000"
    },
    {
      "ca": "3569.57",
      "jour": "Sat, 28 Mar 2026 00:00:00 GMT",
      "sma7": "3818.500000"
    },
    {
      "ca": "3787.88",
      "jour": "Sun, 29 Mar 2026 00:00:00 GMT",
      "sma7": "3808.293333"
    },
    {
      "ca": "2937.31",
      "jour": "Mon, 30 Mar 2026 00:00:00 GMT",
      "sma7": "3590.547500"
    },
    {
      "ca": "2864.83",
      "jour": "Tue, 31 Mar 2026 00:00:00 GMT",
      "sma7": "3445.404000"
    },
    {
      "ca": "2478.87",
      "jour": "Wed, 01 Apr 2026 00:00:00 GMT",
      "sma7": "3284.315000"
    },
    {
      "ca": "4755.54",
      "jour": "Thu, 02 Apr 2026 00:00:00 GMT",
      "sma7": "3494.490000"
    },
    {
      "ca": "3310.04",
      "jour": "Fri, 03 Apr 2026 00:00:00 GMT",
      "sma7": "3386.291429"
    },
    {
      "ca": "2674.99",
      "jour": "Sat, 04 Apr 2026 00:00:00 GMT",
      "sma7": "3258.494286"
    },
    {
      "ca": "2856.69",
      "jour": "Sun, 05 Apr 2026 00:00:00 GMT",
      "sma7": "3125.467143"
    },
    {
      "ca": "3541.67",
      "jour": "Mon, 06 Apr 2026 00:00:00 GMT",
      "sma7": "3211.804286"
    },
    {
      "ca": "3626.86",
      "jour": "Tue, 07 Apr 2026 00:00:00 GMT",
      "sma7": "3320.665714"
    },
    {
      "ca": "3925.10",
      "jour": "Wed, 08 Apr 2026 00:00:00 GMT",
      "sma7": "3527.270000"
    },
    {
      "ca": "3213.05",
      "jour": "Thu, 09 Apr 2026 00:00:00 GMT",
      "sma7": "3306.914286"
    },
    {
      "ca": "3687.98",
      "jour": "Fri, 10 Apr 2026 00:00:00 GMT",
      "sma7": "3360.905714"
    },
    {
      "ca": "2738.24",
      "jour": "Sat, 11 Apr 2026 00:00:00 GMT",
      "sma7": "3369.941429"
    },
    {
      "ca": "3414.45",
      "jour": "Sun, 12 Apr 2026 00:00:00 GMT",
      "sma7": "3449.621429"
    },
    {
      "ca": "3447.77",
      "jour": "Mon, 13 Apr 2026 00:00:00 GMT",
      "sma7": "3436.207
2026-05-27T02:02:46.469Z | REQUEST  | POST | http://127.0.0.1:5000/api/dashboard/query
2026-05-27T02:02:46.470Z | REQUEST  | POST | http://127.0.0.1:5000/api/dashboard/query
2026-05-27T02:02:46.471Z | REQUEST  | POST | http://127.0.0.1:5000/api/dashboard/query
2026-05-27T02:02:46.472Z | REQUEST  | POST | http://127.0.0.1:5000/api/dashboard/query
2026-05-27T02:02:46.474Z | REQUEST  | POST | http://127.0.0.1:5000/api/dashboard/query
2026-05-27T02:02:46.476Z | REQUEST  | POST | http://127.0.0.1:5000/api/dashboard/query
2026-05-27T02:02:46.478Z | REQUEST  | POST | http://127.0.0.1:5000/api/dashboard/query
2026-05-27T02:02:46.480Z | REQUEST  | POST | http://127.0.0.1:5000/api/dashboard/query
2026-05-27T02:02:46.482Z | REQUEST  | POST | http://127.0.0.1:5000/api/dashboard/query
2026-05-27T02:02:46.484Z | REQUEST  | POST | http://127.0.0.1:5000/api/dashboard/query
2026-05-27T02:02:46.486Z | REQUEST  | POST | http://127.0.0.1:5000/api/dashboard/query
2026-05-27T02:02:46.487Z | REQUEST  | POST | http://127.0.0.1:5000/api/dashboard/query
2026-05-27T02:02:46.489Z | REQUEST  | POST | http://127.0.0.1:5000/api/dashboard/query
2026-05-27T02:02:46.492Z | REQUEST  | POST | http://127.0.0.1:5000/api/dashboard/query
2026-05-27T02:02:46.493Z | REQUEST  | POST | http://127.0.0.1:5000/api/dashboard/query
2026-05-27T02:02:46.494Z | REQUEST  | POST | http://127.0.0.1:5000/api/dashboard/query
2026-05-27T02:02:46.495Z | REQUEST  | POST | http://127.0.0.1:5000/api/dashboard/query
2026-05-27T02:02:46.498Z | REQUEST  | POST | http://127.0.0.1:5000/api/dashboard/query
2026-05-27T02:02:46.499Z | REQUEST  | POST | http://127.0.0.1:5000/api/dashboard/query
2026-05-27T02:02:46.796Z | RESPONSE | POST | http://127.0.0.1:5000/api/dashboard/query | 200 | ok=true | duration_ms=321 | {
  "data": [
    {
      "valeur_stock": "6961911.38"
    }
  ],
  "name": "kpi_valeur_stock",
  "success": true
}
2026-05-27T02:02:46.800Z | RESPONSE | POST | http://127.0.0.1:5000/api/dashboard/query | 200 | ok=true | duration_ms=323 | {
  "data": [
    {
      "ca_ytd": "462547.15"
    }
  ],
  "name": "kpi_ca_ytd",
  "success": true
}
2026-05-27T02:02:46.856Z | RESPONSE | POST | http://127.0.0.1:5000/api/dashboard/query | 200 | ok=true | duration_ms=382 | {
  "data": [
    {
      "nb_produits_actifs": 103
    }
  ],
  "name": "kpi_nb_produits_actifs",
  "success": true
}
2026-05-27T02:02:46.886Z | RESPONSE | POST | http://127.0.0.1:5000/api/dashboard/query | 200 | ok=true | duration_ms=414 | {
  "data": [
    {
      "nb_alertes_stock": 0
    }
  ],
  "name": "kpi_nb_alertes_stock",
  "success": true
}
2026-05-27T02:02:46.980Z | RESPONSE | POST | http://127.0.0.1:5000/api/dashboard/query | 200 | ok=true | duration_ms=509 | {
  "data": [
    {
      "nb_ventes_jour": 45
    }
  ],
  "name": "kpi_nb_ventes_jour",
  "success": true
}
2026-05-27T02:02:47.003Z | RESPONSE | POST | http://127.0.0.1:5000/api/dashboard/query | 200 | ok=true | duration_ms=524 | {
  "data": [
    {
      "nb_produits_expires_en_stock": 1224
    }
  ],
  "name": "kpi_nb_produits_expires_en_stock",
  "success": true
}
2026-05-27T02:02:47.032Z | RESPONSE | POST | http://127.0.0.1:5000/api/dashboard/query | 200 | ok=true | duration_ms=562 | {
  "data": [
    {
      "ca_jour": "2365.22"
    }
  ],
  "name": "kpi_ca_jour",
  "success": true
}
2026-05-27T02:02:47.064Z | RESPONSE | POST | http://127.0.0.1:5000/api/dashboard/query | 200 | ok=true | duration_ms=581 | {
  "data": [
    {
      "nb_fournisseurs_30j": 19
    }
  ],
  "name": "kpi_nb_fournisseurs_30j",
  "success": true
}
2026-05-27T02:02:47.081Z | RESPONSE | POST | http://127.0.0.1:5000/api/dashboard/query | 200 | ok=true | duration_ms=600 | {
  "data": [
    {
      "marge_brute_30j": "26943.82"
    }
  ],
  "name": "kpi_marge_brute_30j",
  "success": true
}
2026-05-27T02:02:47.138Z | RESPONSE | POST | http://127.0.0.1:5000/api/dashboard/query | 200 | ok=true | duration_ms=654 | {
  "data": [
    {
      "jour": "Sun, 26 Apr 2026 00:00:00 GMT",
      "total_vente": "3250.49"
    },
    {
      "jour": "Mon, 27 Apr 2026 00:00:00 GMT",
      "total_vente": "3832.93"
    },
    {
      "jour": "Tue, 28 Apr 2026 00:00:00 GMT",
      "total_vente": "3350.95"
    },
    {
      "jour": "Wed, 29 Apr 2026 00:00:00 GMT",
      "total_vente": "4535.96"
    },
    {
      "jour": "Thu, 30 Apr 2026 00:00:00 GMT",
      "total_vente": "3229.09"
    },
    {
      "jour": "Fri, 01 May 2026 00:00:00 GMT",
      "total_vente": "3534.75"
    },
    {
      "jour": "Sat, 02 May 2026 00:00:00 GMT",
      "total_vente": "3533.46"
    },
    {
      "jour": "Sun, 03 May 2026 00:00:00 GMT",
      "total_vente": "3818.29"
    },
    {
      "jour": "Mon, 04 May 2026 00:00:00 GMT",
      "total_vente": "3258.37"
    },
    {
      "jour": "Tue, 05 May 2026 00:00:00 GMT",
      "total_vente": "4242.67"
    },
    {
      "jour": "Wed, 06 May 2026 00:00:00 GMT",
      "total_vente": "2688.34"
    },
    {
      "jour": "Thu, 07 May 2026 00:00:00 GMT",
      "total_vente": "3031.54"
    },
    {
      "jour": "Fri, 08 May 2026 00:00:00 GMT",
      "total_vente": "3207.59"
    },
    {
      "jour": "Sat, 09 May 2026 00:00:00 GMT",
      "total_vente": "3490.51"
    },
    {
      "jour": "Sun, 10 May 2026 00:00:00 GMT",
      "total_vente": "1577.46"
    },
    {
      "jour": "Mon, 11 May 2026 00:00:00 GMT",
      "total_vente": "1612.53"
    },
    {
      "jour": "Tue, 12 May 2026 00:00:00 GMT",
      "total_vente": "1687.91"
    },
    {
      "jour": "Wed, 13 May 2026 00:00:00 GMT",
      "total_vente": "1875.71"
    },
    {
      "jour": "Thu, 14 May 2026 00:00:00 GMT",
      "total_vente": "1100.89"
    },
    {
      "jour": "Fri, 15 May 2026 00:00:00 GMT",
      "total_vente": "793.77"
    },
    {
      "jour": "Sat, 16 May 2026 00:00:00 GMT",
      "total_vente": "879.22"
    },
    {
      "jour": "Sun, 17 May 2026 00:00:00 GMT",
      "total_vente": "12
2026-05-27T02:02:47.146Z | RESPONSE | POST | http://127.0.0.1:5000/api/dashboard/query | 200 | ok=true | duration_ms=658 | {
  "data": [
    {
      "an_semaine": 202610,
      "ca_semaine": "21316.03",
      "debut_semaine": "Tue, 03 Mar 2026 00:00:00 GMT"
    },
    {
      "an_semaine": 202611,
      "ca_semaine": "23229.52",
      "debut_semaine": "Mon, 09 Mar 2026 00:00:00 GMT"
    },
    {
      "an_semaine": 202612,
      "ca_semaine": "23284.39",
      "debut_semaine": "Mon, 16 Mar 2026 00:00:00 GMT"
    },
    {
      "an_semaine": 202613,
      "ca_semaine": "25578.41",
      "debut_semaine": "Mon, 23 Mar 2026 00:00:00 GMT"
    },
    {
      "an_semaine": 202614,
      "ca_semaine": "21878.27",
      "debut_semaine": "Mon, 30 Mar 2026 00:00:00 GMT"
    },
    {
      "an_semaine": 202615,
      "ca_semaine": "24147.35",
      "debut_semaine": "Mon, 06 Apr 2026 00:00:00 GMT"
    },
    {
      "an_semaine": 202616,
      "ca_semaine": "24453.80",
      "debut_semaine": "Mon, 13 Apr 2026 00:00:00 GMT"
    },
    {
      "an_semaine": 202617,
      "ca_semaine": "22792.89",
      "debut_semaine": "Mon, 20 Apr 2026 00:00:00 GMT"
    },
    {
      "an_semaine": 202618,
      "ca_semaine": "25605.97",
      "debut_semaine": "Mon, 27 Apr 2026 00:00:00 GMT"
    },
    {
      "an_semaine": 202619,
      "ca_semaine": "21382.67",
      "debut_semaine": "Mon, 04 May 2026 00:00:00 GMT"
    },
    {
      "an_semaine": 202620,
      "ca_semaine": "8964.66",
      "debut_semaine": "Mon, 11 May 2026 00:00:00 GMT"
    },
    {
      "an_semaine": 202621,
      "ca_semaine": "8691.31",
      "debut_semaine": "Mon, 18 May 2026 00:00:00 GMT"
    },
    {
      "an_semaine": 202622,
      "ca_semaine": "3416.29",
      "debut_semaine": "Mon, 25 May 2026 00:00:00 GMT"
    }
  ],
  "name": "chart_ca_par_semaine_12",
  "success": true
}
2026-05-27T02:02:47.174Z | RESPONSE | POST | http://127.0.0.1:5000/api/dashboard/query | 200 | ok=true | duration_ms=684 | {
  "data": [
    {
      "produit": "Tensiom\u251c\u00bftre poignet",
      "total_vendu": "145"
    },
    {
      "produit": "Solution lentilles 360 ml",
      "total_vendu": "143"
    },
    {
      "produit": "Gel antiseptique 100 ml",
      "total_vendu": "129"
    },
    {
      "produit": "Pseudoephedrine 30 mg",
      "total_vendu": "128"
    },
    {
      "produit": "Gouttes yeux secs 15 ml",
      "total_vendu": "123"
    }
  ],
  "name": "top5_produits_30j",
  "success": true
}
2026-05-27T02:02:47.217Z | RESPONSE | POST | http://127.0.0.1:5000/api/dashboard/query | 200 | ok=true | duration_ms=722 | {
  "data": [
    {
      "fournisseur": "GlobalCare Supplies",
      "total_achat": "24229.34"
    },
    {
      "fournisseur": "PharmaNord Distribution",
      "total_achat": "19052.78"
    },
    {
      "fournisseur": "BioPharm Montr\u251c\u00aeal",
      "total_achat": "11489.32"
    },
    {
      "fournisseur": "Vitalis Grossiste",
      "total_achat": "11085.50"
    },
    {
      "fournisseur": "OmniHealth Supply",
      "total_achat": "10598.35"
    },
    {
      "fournisseur": "MediStock Qu\u251c\u00aebec",
      "total_achat": "7974.48"
    },
    {
      "fournisseur": "Clinimed Canada",
      "total_achat": "7275.10"
    }
  ],
  "name": "chart_top_fournisseurs_30j",
  "success": true
}
2026-05-27T02:02:47.236Z | RESPONSE | POST | http://127.0.0.1:5000/api/dashboard/query | 200 | ok=true | duration_ms=743 | {
  "data": [
    {
      "ca": "11833.14",
      "category": "Vitamines"
    },
    {
      "ca": "9626.79",
      "category": "Premiers soins"
    },
    {
      "ca": "9310.72",
      "category": "Rhume et grippe"
    },
    {
      "ca": "8939.99",
      "category": "Digestif"
    },
    {
      "ca": "8481.96",
      "category": "Mat\u251c\u00aeriel m\u251c\u00aedical"
    },
    {
      "ca": "8398.95",
      "category": "Soins oculaires"
    },
    {
      "ca": "6491.40",
      "category": "Dermatologie"
    },
    {
      "ca": "6485.06",
      "category": "Diab\u251c\u00bfte"
    },
    {
      "ca": "6221.86",
      "category": "Respiratoire"
    },
    {
      "ca": "6017.57",
      "category": "Protection"
    },
    {
      "ca": "5421.12",
      "category": "MATERIEL"
    },
    {
      "ca": "5045.66",
      "category": "Allergies"
    },
    {
      "ca": "4719.86",
      "category": "Soins peau"
    },
    {
      "ca": "4642.99",
      "category": "Douleurs musculaires"
    },
    {
      "ca": "3944.79",
      "category": "Sommeil"
    },
    {
      "ca": "3620.03",
      "category": "Cardio"
    },
    {
      "ca": "3437.17",
      "category": "Analgesiques"
    },
    {
      "ca": "3154.76",
      "category": "Bucco-dentaire"
    },
    {
      "ca": "3026.99",
      "category": "ANTIBIO"
    },
    {
      "ca": "2856.25",
      "category": "DOULEUR"
    },
    {
      "ca": "2446.11",
      "category": "Sport sant\u251c\u00ae"
    },
    {
      "ca": "2190.77",
      "category": "PALUDISME"
    },
    {
      "ca": "2117.55",
      "category": "Cortico"
    },
    {
      "ca": "2103.05",
      "category": "SUPPLEMENT"
    },
    {
      "ca": "1895.63",
      "category": "DIABETE"
    },
    {
      "ca": "1698.22",
      "category": "GASTRO"
    },
    {
      "ca": "1635.45",
      "category": "Soins cheveux"
    },
    {
      "ca": "1389.75",
      "category": "Infection"
    },
    {
      "ca": "1320.85",
      "category": "Sant\u2
2026-05-27T02:02:47.258Z | RESPONSE | POST | http://127.0.0.1:5000/api/dashboard/query | 200 | ok=true | duration_ms=770 | {
  "data": [
    {
      "ca_mois": "103061.70",
      "mois": "2026-01"
    },
    {
      "ca_mois": "97187.26",
      "mois": "2026-02"
    },
    {
      "ca_mois": "106767.12",
      "mois": "2026-03"
    },
    {
      "ca_mois": "102276.00",
      "mois": "2026-04"
    },
    {
      "ca_mois": "53255.07",
      "mois": "2026-05"
    }
  ],
  "name": "chart_ca_mensuel_ytd",
  "success": true
}
2026-05-27T02:02:47.258Z | RESPONSE | POST | http://127.0.0.1:5000/api/dashboard/query | 200 | ok=true | duration_ms=763 | {
  "data": [
    {
      "date_expiration": "01-06-2026",
      "produit": "Amoxicilline 500mg",
      "quantite": 78
    },
    {
      "date_expiration": "04-06-2026",
      "produit": "Glucose comprim\u251c\u00aes",
      "quantite": 623
    },
    {
      "date_expiration": "05-06-2026",
      "produit": "Test grossesse",
      "quantite": 362
    },
    {
      "date_expiration": "09-06-2026",
      "produit": "Bandage \u251c\u00aelastique",
      "quantite": 428
    },
    {
      "date_expiration": "09-06-2026",
      "produit": "Bandelettes glyc\u251c\u00aemie",
      "quantite": 387
    },
    {
      "date_expiration": "09-06-2026",
      "produit": "Baume l\u251c\u00bfvres SPF",
      "quantite": 526
    },
    {
      "date_expiration": "11-06-2026",
      "produit": "Atorvastatine 20mg",
      "quantite": 705
    },
    {
      "date_expiration": "11-06-2026",
      "produit": "Amoxicilline 500mg",
      "quantite": 1015
    },
    {
      "date_expiration": "12-06-2026",
      "produit": "Cr\u251c\u00bfme hydrocortisone 1%",
      "quantite": 855
    },
    {
      "date_expiration": "13-06-2026",
      "produit": "Pansements assortis",
      "quantite": 702
    },
    {
      "date_expiration": "14-06-2026",
      "produit": "Acetaminophene 500 mg",
      "quantite": 890
    },
    {
      "date_expiration": "14-06-2026",
      "produit": "Sels de r\u251c\u00aehydratation orale",
      "quantite": 959
    },
    {
      "date_expiration": "15-06-2026",
      "produit": "Hydrocortisone creme",
      "quantite": 927
    },
    {
      "date_expiration": "16-06-2026",
      "produit": "Salbutamol inhalateur",
      "quantite": 1
    },
    {
      "date_expiration": "17-06-2026",
      "produit": "Vitamine D 1000 UI",
      "quantite": 1019
    },
    {
      "date_expiration": "19-06-2026",
      "produit": "Ibuprofene 200 mg",
      "quantite": 737
    },
    {
      "date_expiration": "20-06-2026",
      "produit": "Dentifrice sensibilit\u251c\u00ae"
2026-05-27T02:02:47.303Z | RESPONSE | POST | http://127.0.0.1:5000/api/dashboard/query | 200 | ok=true | duration_ms=807 | {
  "data": [],
  "name": "stock_bas",
  "success": true
}
2026-05-27T02:02:47.323Z | RESPONSE | POST | http://127.0.0.1:5000/api/dashboard/query | 200 | ok=true | duration_ms=825 | {
  "data": [
    {
      "produit": "Gouttes anti-allergies 10 ml",
      "total_stock": "19629"
    },
    {
      "produit": "Glucose comprim\u251c\u00aes",
      "total_stock": "17955"
    },
    {
      "produit": "Peroxyde hydrog\u251c\u00bfne 3%",
      "total_stock": "17511"
    },
    {
      "produit": "Electrolytes sport",
      "total_stock": "17305"
    },
    {
      "produit": "ORS sachet",
      "total_stock": "17233"
    },
    {
      "produit": "Calcium 500 mg",
      "total_stock": "17218"
    },
    {
      "produit": "Paracetamol 500mg",
      "total_stock": "15605"
    },
    {
      "produit": "Val\u251c\u00aeriane capsules",
      "total_stock": "15304"
    },
    {
      "produit": "Solution lentilles 360 ml",
      "total_stock": "15230"
    },
    {
      "produit": "Aspirine 81 mg",
      "total_stock": "14807"
    },
    {
      "produit": "Tensiom\u251c\u00bftre poignet",
      "total_stock": "14595"
    },
    {
      "produit": "Cr\u251c\u00bfme douleur musculaire",
      "total_stock": "14540"
    },
    {
      "produit": "Gants nitrile boite",
      "total_stock": "14447"
    },
    {
      "produit": "Test grossesse",
      "total_stock": "14299"
    },
    {
      "produit": "Seringues 5ml boite",
      "total_stock": "14249"
    },
    {
      "produit": "Patch chaleur",
      "total_stock": "14073"
    },
    {
      "produit": "Tensiometre bras",
      "total_stock": "13940"
    },
    {
      "produit": "Rince-bouche antiseptique",
      "total_stock": "13880"
    },
    {
      "produit": "Gants nitrile bo\u251c\u00abte 100",
      "total_stock": "13823"
    },
    {
      "produit": "Acetaminophene 500 mg",
      "total_stock": "13779"
    },
    {
      "produit": "Thermometre digital",
      "total_stock": "13774"
    },
    {
      "produit": "Masques m\u251c\u00aedicaux bo\u251c\u00abte 50",
      "total_stock": "13631"
    },
    {
      "produit": "Dolaren plus 250mg",
      "total_stock": "13546"
    },
    {
2026-05-27T02:02:47.367Z | RESPONSE | POST | http://127.0.0.1:5000/api/dashboard/query | 200 | ok=true | duration_ms=868 | {
  "data": [
    {
      "ca": "4067.43",
      "jour": "Fri, 27 Mar 2026 00:00:00 GMT",
      "sma7": "4067.430000"
    },
    {
      "ca": "3569.57",
      "jour": "Sat, 28 Mar 2026 00:00:00 GMT",
      "sma7": "3818.500000"
    },
    {
      "ca": "3787.88",
      "jour": "Sun, 29 Mar 2026 00:00:00 GMT",
      "sma7": "3808.293333"
    },
    {
      "ca": "2937.31",
      "jour": "Mon, 30 Mar 2026 00:00:00 GMT",
      "sma7": "3590.547500"
    },
    {
      "ca": "2864.83",
      "jour": "Tue, 31 Mar 2026 00:00:00 GMT",
      "sma7": "3445.404000"
    },
    {
      "ca": "2478.87",
      "jour": "Wed, 01 Apr 2026 00:00:00 GMT",
      "sma7": "3284.315000"
    },
    {
      "ca": "4755.54",
      "jour": "Thu, 02 Apr 2026 00:00:00 GMT",
      "sma7": "3494.490000"
    },
    {
      "ca": "3310.04",
      "jour": "Fri, 03 Apr 2026 00:00:00 GMT",
      "sma7": "3386.291429"
    },
    {
      "ca": "2674.99",
      "jour": "Sat, 04 Apr 2026 00:00:00 GMT",
      "sma7": "3258.494286"
    },
    {
      "ca": "2856.69",
      "jour": "Sun, 05 Apr 2026 00:00:00 GMT",
      "sma7": "3125.467143"
    },
    {
      "ca": "3541.67",
      "jour": "Mon, 06 Apr 2026 00:00:00 GMT",
      "sma7": "3211.804286"
    },
    {
      "ca": "3626.86",
      "jour": "Tue, 07 Apr 2026 00:00:00 GMT",
      "sma7": "3320.665714"
    },
    {
      "ca": "3925.10",
      "jour": "Wed, 08 Apr 2026 00:00:00 GMT",
      "sma7": "3527.270000"
    },
    {
      "ca": "3213.05",
      "jour": "Thu, 09 Apr 2026 00:00:00 GMT",
      "sma7": "3306.914286"
    },
    {
      "ca": "3687.98",
      "jour": "Fri, 10 Apr 2026 00:00:00 GMT",
      "sma7": "3360.905714"
    },
    {
      "ca": "2738.24",
      "jour": "Sat, 11 Apr 2026 00:00:00 GMT",
      "sma7": "3369.941429"
    },
    {
      "ca": "3414.45",
      "jour": "Sun, 12 Apr 2026 00:00:00 GMT",
      "sma7": "3449.621429"
    },
    {
      "ca": "3447.77",
      "jour": "Mon, 13 Apr 2026 00:00:00 GMT",
      "sma7": "3436.207
2026-05-27T02:03:04.000Z | REQUEST  | POST | http://127.0.0.1:5000/api/dashboard/query
2026-05-27T02:03:04.001Z | REQUEST  | POST | http://127.0.0.1:5000/api/dashboard/query
2026-05-27T02:03:04.002Z | REQUEST  | POST | http://127.0.0.1:5000/api/dashboard/query
2026-05-27T02:03:04.004Z | REQUEST  | POST | http://127.0.0.1:5000/api/dashboard/query
2026-05-27T02:03:04.005Z | REQUEST  | POST | http://127.0.0.1:5000/api/dashboard/query
2026-05-27T02:03:04.006Z | REQUEST  | POST | http://127.0.0.1:5000/api/dashboard/query
2026-05-27T02:03:04.008Z | REQUEST  | POST | http://127.0.0.1:5000/api/dashboard/query
2026-05-27T02:03:04.009Z | REQUEST  | POST | http://127.0.0.1:5000/api/dashboard/query
2026-05-27T02:03:04.014Z | REQUEST  | POST | http://127.0.0.1:5000/api/dashboard/query
2026-05-27T02:03:04.017Z | REQUEST  | POST | http://127.0.0.1:5000/api/dashboard/query
2026-05-27T02:03:04.018Z | REQUEST  | POST | http://127.0.0.1:5000/api/dashboard/query
2026-05-27T02:03:04.018Z | REQUEST  | POST | http://127.0.0.1:5000/api/dashboard/query
2026-05-27T02:03:04.019Z | REQUEST  | POST | http://127.0.0.1:5000/api/dashboard/query
2026-05-27T02:03:04.020Z | REQUEST  | POST | http://127.0.0.1:5000/api/dashboard/query
2026-05-27T02:03:04.020Z | REQUEST  | POST | http://127.0.0.1:5000/api/dashboard/query
2026-05-27T02:03:04.021Z | REQUEST  | POST | http://127.0.0.1:5000/api/dashboard/query
2026-05-27T02:03:04.022Z | REQUEST  | POST | http://127.0.0.1:5000/api/dashboard/query
2026-05-27T02:03:04.024Z | REQUEST  | POST | http://127.0.0.1:5000/api/dashboard/query
2026-05-27T02:03:04.026Z | REQUEST  | POST | http://127.0.0.1:5000/api/dashboard/query
2026-05-27T02:03:04.292Z | RESPONSE | POST | http://127.0.0.1:5000/api/dashboard/query | 200 | ok=true | duration_ms=285 | {
  "data": [
    {
      "valeur_stock": "6961911.38"
    }
  ],
  "name": "kpi_valeur_stock",
  "success": true
}
2026-05-27T02:03:04.343Z | RESPONSE | POST | http://127.0.0.1:5000/api/dashboard/query | 200 | ok=true | duration_ms=337 | {
  "data": [
    {
      "nb_produits_actifs": 103
    }
  ],
  "name": "kpi_nb_produits_actifs",
  "success": true
}
2026-05-27T02:03:04.402Z | RESPONSE | POST | http://127.0.0.1:5000/api/dashboard/query | 200 | ok=true | duration_ms=398 | {
  "data": [
    {
      "nb_alertes_stock": 0
    }
  ],
  "name": "kpi_nb_alertes_stock",
  "success": true
}
2026-05-27T02:03:04.497Z | RESPONSE | POST | http://127.0.0.1:5000/api/dashboard/query | 200 | ok=true | duration_ms=495 | {
  "data": [
    {
      "nb_ventes_jour": 45
    }
  ],
  "name": "kpi_nb_ventes_jour",
  "success": true
}
2026-05-27T02:03:04.539Z | RESPONSE | POST | http://127.0.0.1:5000/api/dashboard/query | 200 | ok=true | duration_ms=529 | {
  "data": [
    {
      "nb_produits_expires_en_stock": 1224
    }
  ],
  "name": "kpi_nb_produits_expires_en_stock",
  "success": true
}
2026-05-27T02:03:04.541Z | RESPONSE | POST | http://127.0.0.1:5000/api/dashboard/query | 200 | ok=true | duration_ms=540 | {
  "data": [
    {
      "ca_jour": "2365.22"
    }
  ],
  "name": "kpi_ca_jour",
  "success": true
}
2026-05-27T02:03:04.621Z | RESPONSE | POST | http://127.0.0.1:5000/api/dashboard/query | 200 | ok=true | duration_ms=613 | {
  "data": [
    {
      "ca_ytd": "462547.15"
    }
  ],
  "name": "kpi_ca_ytd",
  "success": true
}
2026-05-27T02:03:04.631Z | RESPONSE | POST | http://127.0.0.1:5000/api/dashboard/query | 200 | ok=true | duration_ms=621 | {
  "data": [
    {
      "marge_brute_30j": "26943.82"
    }
  ],
  "name": "kpi_marge_brute_30j",
  "success": true
}
2026-05-27T02:03:04.661Z | RESPONSE | POST | http://127.0.0.1:5000/api/dashboard/query | 200 | ok=true | duration_ms=645 | {
  "data": [
    {
      "nb_fournisseurs_30j": 19
    }
  ],
  "name": "kpi_nb_fournisseurs_30j",
  "success": true
}
2026-05-27T02:03:04.753Z | RESPONSE | POST | http://127.0.0.1:5000/api/dashboard/query | 200 | ok=true | duration_ms=735 | {
  "data": [
    {
      "an_semaine": 202610,
      "ca_semaine": "21316.03",
      "debut_semaine": "Tue, 03 Mar 2026 00:00:00 GMT"
    },
    {
      "an_semaine": 202611,
      "ca_semaine": "23229.52",
      "debut_semaine": "Mon, 09 Mar 2026 00:00:00 GMT"
    },
    {
      "an_semaine": 202612,
      "ca_semaine": "23284.39",
      "debut_semaine": "Mon, 16 Mar 2026 00:00:00 GMT"
    },
    {
      "an_semaine": 202613,
      "ca_semaine": "25578.41",
      "debut_semaine": "Mon, 23 Mar 2026 00:00:00 GMT"
    },
    {
      "an_semaine": 202614,
      "ca_semaine": "21878.27",
      "debut_semaine": "Mon, 30 Mar 2026 00:00:00 GMT"
    },
    {
      "an_semaine": 202615,
      "ca_semaine": "24147.35",
      "debut_semaine": "Mon, 06 Apr 2026 00:00:00 GMT"
    },
    {
      "an_semaine": 202616,
      "ca_semaine": "24453.80",
      "debut_semaine": "Mon, 13 Apr 2026 00:00:00 GMT"
    },
    {
      "an_semaine": 202617,
      "ca_semaine": "22792.89",
      "debut_semaine": "Mon, 20 Apr 2026 00:00:00 GMT"
    },
    {
      "an_semaine": 202618,
      "ca_semaine": "25605.97",
      "debut_semaine": "Mon, 27 Apr 2026 00:00:00 GMT"
    },
    {
      "an_semaine": 202619,
      "ca_semaine": "21382.67",
      "debut_semaine": "Mon, 04 May 2026 00:00:00 GMT"
    },
    {
      "an_semaine": 202620,
      "ca_semaine": "8964.66",
      "debut_semaine": "Mon, 11 May 2026 00:00:00 GMT"
    },
    {
      "an_semaine": 202621,
      "ca_semaine": "8691.31",
      "debut_semaine": "Mon, 18 May 2026 00:00:00 GMT"
    },
    {
      "an_semaine": 202622,
      "ca_semaine": "3416.29",
      "debut_semaine": "Mon, 25 May 2026 00:00:00 GMT"
    }
  ],
  "name": "chart_ca_par_semaine_12",
  "success": true
}
2026-05-27T02:03:04.762Z | RESPONSE | POST | http://127.0.0.1:5000/api/dashboard/query | 200 | ok=true | duration_ms=743 | {
  "data": [
    {
      "jour": "Sun, 26 Apr 2026 00:00:00 GMT",
      "total_vente": "3250.49"
    },
    {
      "jour": "Mon, 27 Apr 2026 00:00:00 GMT",
      "total_vente": "3832.93"
    },
    {
      "jour": "Tue, 28 Apr 2026 00:00:00 GMT",
      "total_vente": "3350.95"
    },
    {
      "jour": "Wed, 29 Apr 2026 00:00:00 GMT",
      "total_vente": "4535.96"
    },
    {
      "jour": "Thu, 30 Apr 2026 00:00:00 GMT",
      "total_vente": "3229.09"
    },
    {
      "jour": "Fri, 01 May 2026 00:00:00 GMT",
      "total_vente": "3534.75"
    },
    {
      "jour": "Sat, 02 May 2026 00:00:00 GMT",
      "total_vente": "3533.46"
    },
    {
      "jour": "Sun, 03 May 2026 00:00:00 GMT",
      "total_vente": "3818.29"
    },
    {
      "jour": "Mon, 04 May 2026 00:00:00 GMT",
      "total_vente": "3258.37"
    },
    {
      "jour": "Tue, 05 May 2026 00:00:00 GMT",
      "total_vente": "4242.67"
    },
    {
      "jour": "Wed, 06 May 2026 00:00:00 GMT",
      "total_vente": "2688.34"
    },
    {
      "jour": "Thu, 07 May 2026 00:00:00 GMT",
      "total_vente": "3031.54"
    },
    {
      "jour": "Fri, 08 May 2026 00:00:00 GMT",
      "total_vente": "3207.59"
    },
    {
      "jour": "Sat, 09 May 2026 00:00:00 GMT",
      "total_vente": "3490.51"
    },
    {
      "jour": "Sun, 10 May 2026 00:00:00 GMT",
      "total_vente": "1577.46"
    },
    {
      "jour": "Mon, 11 May 2026 00:00:00 GMT",
      "total_vente": "1612.53"
    },
    {
      "jour": "Tue, 12 May 2026 00:00:00 GMT",
      "total_vente": "1687.91"
    },
    {
      "jour": "Wed, 13 May 2026 00:00:00 GMT",
      "total_vente": "1875.71"
    },
    {
      "jour": "Thu, 14 May 2026 00:00:00 GMT",
      "total_vente": "1100.89"
    },
    {
      "jour": "Fri, 15 May 2026 00:00:00 GMT",
      "total_vente": "793.77"
    },
    {
      "jour": "Sat, 16 May 2026 00:00:00 GMT",
      "total_vente": "879.22"
    },
    {
      "jour": "Sun, 17 May 2026 00:00:00 GMT",
      "total_vente": "12
2026-05-27T02:03:04.836Z | RESPONSE | POST | http://127.0.0.1:5000/api/dashboard/query | 200 | ok=true | duration_ms=797 | {
  "data": [
    {
      "produit": "Tensiom\u251c\u00bftre poignet",
      "total_vendu": "145"
    },
    {
      "produit": "Solution lentilles 360 ml",
      "total_vendu": "143"
    },
    {
      "produit": "Gel antiseptique 100 ml",
      "total_vendu": "129"
    },
    {
      "produit": "Pseudoephedrine 30 mg",
      "total_vendu": "128"
    },
    {
      "produit": "Gouttes yeux secs 15 ml",
      "total_vendu": "123"
    }
  ],
  "name": "top5_produits_30j",
  "success": true
}
2026-05-27T02:03:04.856Z | RESPONSE | POST | http://127.0.0.1:5000/api/dashboard/query | 200 | ok=true | duration_ms=833 | {
  "data": [
    {
      "ca": "11833.14",
      "category": "Vitamines"
    },
    {
      "ca": "9626.79",
      "category": "Premiers soins"
    },
    {
      "ca": "9310.72",
      "category": "Rhume et grippe"
    },
    {
      "ca": "8939.99",
      "category": "Digestif"
    },
    {
      "ca": "8481.96",
      "category": "Mat\u251c\u00aeriel m\u251c\u00aedical"
    },
    {
      "ca": "8398.95",
      "category": "Soins oculaires"
    },
    {
      "ca": "6491.40",
      "category": "Dermatologie"
    },
    {
      "ca": "6485.06",
      "category": "Diab\u251c\u00bfte"
    },
    {
      "ca": "6221.86",
      "category": "Respiratoire"
    },
    {
      "ca": "6017.57",
      "category": "Protection"
    },
    {
      "ca": "5421.12",
      "category": "MATERIEL"
    },
    {
      "ca": "5045.66",
      "category": "Allergies"
    },
    {
      "ca": "4719.86",
      "category": "Soins peau"
    },
    {
      "ca": "4642.99",
      "category": "Douleurs musculaires"
    },
    {
      "ca": "3944.79",
      "category": "Sommeil"
    },
    {
      "ca": "3620.03",
      "category": "Cardio"
    },
    {
      "ca": "3437.17",
      "category": "Analgesiques"
    },
    {
      "ca": "3154.76",
      "category": "Bucco-dentaire"
    },
    {
      "ca": "3026.99",
      "category": "ANTIBIO"
    },
    {
      "ca": "2856.25",
      "category": "DOULEUR"
    },
    {
      "ca": "2446.11",
      "category": "Sport sant\u251c\u00ae"
    },
    {
      "ca": "2190.77",
      "category": "PALUDISME"
    },
    {
      "ca": "2117.55",
      "category": "Cortico"
    },
    {
      "ca": "2103.05",
      "category": "SUPPLEMENT"
    },
    {
      "ca": "1895.63",
      "category": "DIABETE"
    },
    {
      "ca": "1698.22",
      "category": "GASTRO"
    },
    {
      "ca": "1635.45",
      "category": "Soins cheveux"
    },
    {
      "ca": "1389.75",
      "category": "Infection"
    },
    {
      "ca": "1320.85",
      "category": "Sant\u2
2026-05-27T02:03:04.856Z | RESPONSE | POST | http://127.0.0.1:5000/api/dashboard/query | 200 | ok=true | duration_ms=838 | {
  "data": [
    {
      "ca_mois": "103061.70",
      "mois": "2026-01"
    },
    {
      "ca_mois": "97187.26",
      "mois": "2026-02"
    },
    {
      "ca_mois": "106767.12",
      "mois": "2026-03"
    },
    {
      "ca_mois": "102276.00",
      "mois": "2026-04"
    },
    {
      "ca_mois": "53255.07",
      "mois": "2026-05"
    }
  ],
  "name": "chart_ca_mensuel_ytd",
  "success": true
}
2026-05-27T02:03:04.873Z | RESPONSE | POST | http://127.0.0.1:5000/api/dashboard/query | 200 | ok=true | duration_ms=851 | {
  "data": [
    {
      "date_expiration": "01-06-2026",
      "produit": "Amoxicilline 500mg",
      "quantite": 78
    },
    {
      "date_expiration": "04-06-2026",
      "produit": "Glucose comprim\u251c\u00aes",
      "quantite": 623
    },
    {
      "date_expiration": "05-06-2026",
      "produit": "Test grossesse",
      "quantite": 362
    },
    {
      "date_expiration": "09-06-2026",
      "produit": "Bandage \u251c\u00aelastique",
      "quantite": 428
    },
    {
      "date_expiration": "09-06-2026",
      "produit": "Bandelettes glyc\u251c\u00aemie",
      "quantite": 387
    },
    {
      "date_expiration": "09-06-2026",
      "produit": "Baume l\u251c\u00bfvres SPF",
      "quantite": 526
    },
    {
      "date_expiration": "11-06-2026",
      "produit": "Atorvastatine 20mg",
      "quantite": 705
    },
    {
      "date_expiration": "11-06-2026",
      "produit": "Amoxicilline 500mg",
      "quantite": 1015
    },
    {
      "date_expiration": "12-06-2026",
      "produit": "Cr\u251c\u00bfme hydrocortisone 1%",
      "quantite": 855
    },
    {
      "date_expiration": "13-06-2026",
      "produit": "Pansements assortis",
      "quantite": 702
    },
    {
      "date_expiration": "14-06-2026",
      "produit": "Acetaminophene 500 mg",
      "quantite": 890
    },
    {
      "date_expiration": "14-06-2026",
      "produit": "Sels de r\u251c\u00aehydratation orale",
      "quantite": 959
    },
    {
      "date_expiration": "15-06-2026",
      "produit": "Hydrocortisone creme",
      "quantite": 927
    },
    {
      "date_expiration": "16-06-2026",
      "produit": "Salbutamol inhalateur",
      "quantite": 1
    },
    {
      "date_expiration": "17-06-2026",
      "produit": "Vitamine D 1000 UI",
      "quantite": 1019
    },
    {
      "date_expiration": "19-06-2026",
      "produit": "Ibuprofene 200 mg",
      "quantite": 737
    },
    {
      "date_expiration": "20-06-2026",
      "produit": "Dentifrice sensibilit\u251c\u00ae"
2026-05-27T02:03:04.877Z | RESPONSE | POST | http://127.0.0.1:5000/api/dashboard/query | 200 | ok=true | duration_ms=856 | {
  "data": [
    {
      "fournisseur": "GlobalCare Supplies",
      "total_achat": "24229.34"
    },
    {
      "fournisseur": "PharmaNord Distribution",
      "total_achat": "19052.78"
    },
    {
      "fournisseur": "BioPharm Montr\u251c\u00aeal",
      "total_achat": "11489.32"
    },
    {
      "fournisseur": "Vitalis Grossiste",
      "total_achat": "11085.50"
    },
    {
      "fournisseur": "OmniHealth Supply",
      "total_achat": "10598.35"
    },
    {
      "fournisseur": "MediStock Qu\u251c\u00aebec",
      "total_achat": "7974.48"
    },
    {
      "fournisseur": "Clinimed Canada",
      "total_achat": "7275.10"
    }
  ],
  "name": "chart_top_fournisseurs_30j",
  "success": true
}
2026-05-27T02:03:04.905Z | RESPONSE | POST | http://127.0.0.1:5000/api/dashboard/query | 200 | ok=true | duration_ms=880 | {
  "data": [
    {
      "produit": "Gouttes anti-allergies 10 ml",
      "total_stock": "19629"
    },
    {
      "produit": "Glucose comprim\u251c\u00aes",
      "total_stock": "17955"
    },
    {
      "produit": "Peroxyde hydrog\u251c\u00bfne 3%",
      "total_stock": "17511"
    },
    {
      "produit": "Electrolytes sport",
      "total_stock": "17305"
    },
    {
      "produit": "ORS sachet",
      "total_stock": "17233"
    },
    {
      "produit": "Calcium 500 mg",
      "total_stock": "17218"
    },
    {
      "produit": "Paracetamol 500mg",
      "total_stock": "15605"
    },
    {
      "produit": "Val\u251c\u00aeriane capsules",
      "total_stock": "15304"
    },
    {
      "produit": "Solution lentilles 360 ml",
      "total_stock": "15230"
    },
    {
      "produit": "Aspirine 81 mg",
      "total_stock": "14807"
    },
    {
      "produit": "Tensiom\u251c\u00bftre poignet",
      "total_stock": "14595"
    },
    {
      "produit": "Cr\u251c\u00bfme douleur musculaire",
      "total_stock": "14540"
    },
    {
      "produit": "Gants nitrile boite",
      "total_stock": "14447"
    },
    {
      "produit": "Test grossesse",
      "total_stock": "14299"
    },
    {
      "produit": "Seringues 5ml boite",
      "total_stock": "14249"
    },
    {
      "produit": "Patch chaleur",
      "total_stock": "14073"
    },
    {
      "produit": "Tensiometre bras",
      "total_stock": "13940"
    },
    {
      "produit": "Rince-bouche antiseptique",
      "total_stock": "13880"
    },
    {
      "produit": "Gants nitrile bo\u251c\u00abte 100",
      "total_stock": "13823"
    },
    {
      "produit": "Acetaminophene 500 mg",
      "total_stock": "13779"
    },
    {
      "produit": "Thermometre digital",
      "total_stock": "13774"
    },
    {
      "produit": "Masques m\u251c\u00aedicaux bo\u251c\u00abte 50",
      "total_stock": "13631"
    },
    {
      "produit": "Dolaren plus 250mg",
      "total_stock": "13546"
    },
    {
2026-05-27T02:03:04.910Z | RESPONSE | POST | http://127.0.0.1:5000/api/dashboard/query | 200 | ok=true | duration_ms=888 | {
  "data": [],
  "name": "stock_bas",
  "success": true
}
2026-05-27T02:03:04.929Z | RESPONSE | POST | http://127.0.0.1:5000/api/dashboard/query | 200 | ok=true | duration_ms=903 | {
  "data": [
    {
      "ca": "4067.43",
      "jour": "Fri, 27 Mar 2026 00:00:00 GMT",
      "sma7": "4067.430000"
    },
    {
      "ca": "3569.57",
      "jour": "Sat, 28 Mar 2026 00:00:00 GMT",
      "sma7": "3818.500000"
    },
    {
      "ca": "3787.88",
      "jour": "Sun, 29 Mar 2026 00:00:00 GMT",
      "sma7": "3808.293333"
    },
    {
      "ca": "2937.31",
      "jour": "Mon, 30 Mar 2026 00:00:00 GMT",
      "sma7": "3590.547500"
    },
    {
      "ca": "2864.83",
      "jour": "Tue, 31 Mar 2026 00:00:00 GMT",
      "sma7": "3445.404000"
    },
    {
      "ca": "2478.87",
      "jour": "Wed, 01 Apr 2026 00:00:00 GMT",
      "sma7": "3284.315000"
    },
    {
      "ca": "4755.54",
      "jour": "Thu, 02 Apr 2026 00:00:00 GMT",
      "sma7": "3494.490000"
    },
    {
      "ca": "3310.04",
      "jour": "Fri, 03 Apr 2026 00:00:00 GMT",
      "sma7": "3386.291429"
    },
    {
      "ca": "2674.99",
      "jour": "Sat, 04 Apr 2026 00:00:00 GMT",
      "sma7": "3258.494286"
    },
    {
      "ca": "2856.69",
      "jour": "Sun, 05 Apr 2026 00:00:00 GMT",
      "sma7": "3125.467143"
    },
    {
      "ca": "3541.67",
      "jour": "Mon, 06 Apr 2026 00:00:00 GMT",
      "sma7": "3211.804286"
    },
    {
      "ca": "3626.86",
      "jour": "Tue, 07 Apr 2026 00:00:00 GMT",
      "sma7": "3320.665714"
    },
    {
      "ca": "3925.10",
      "jour": "Wed, 08 Apr 2026 00:00:00 GMT",
      "sma7": "3527.270000"
    },
    {
      "ca": "3213.05",
      "jour": "Thu, 09 Apr 2026 00:00:00 GMT",
      "sma7": "3306.914286"
    },
    {
      "ca": "3687.98",
      "jour": "Fri, 10 Apr 2026 00:00:00 GMT",
      "sma7": "3360.905714"
    },
    {
      "ca": "2738.24",
      "jour": "Sat, 11 Apr 2026 00:00:00 GMT",
      "sma7": "3369.941429"
    },
    {
      "ca": "3414.45",
      "jour": "Sun, 12 Apr 2026 00:00:00 GMT",
      "sma7": "3449.621429"
    },
    {
      "ca": "3447.77",
      "jour": "Mon, 13 Apr 2026 00:00:00 GMT",
      "sma7": "3436.207
2026-05-27T02:03:21.486Z | REQUEST  | POST | http://127.0.0.1:5000/api/dashboard/query
2026-05-27T02:03:21.488Z | REQUEST  | POST | http://127.0.0.1:5000/api/dashboard/query
2026-05-27T02:03:21.492Z | REQUEST  | POST | http://127.0.0.1:5000/api/dashboard/query
2026-05-27T02:03:21.495Z | REQUEST  | POST | http://127.0.0.1:5000/api/dashboard/query
2026-05-27T02:03:21.500Z | REQUEST  | POST | http://127.0.0.1:5000/api/dashboard/query
2026-05-27T02:03:21.503Z | REQUEST  | POST | http://127.0.0.1:5000/api/dashboard/query
2026-05-27T02:03:21.505Z | REQUEST  | POST | http://127.0.0.1:5000/api/dashboard/query
2026-05-27T02:03:21.508Z | REQUEST  | POST | http://127.0.0.1:5000/api/dashboard/query
2026-05-27T02:03:21.511Z | REQUEST  | POST | http://127.0.0.1:5000/api/dashboard/query
2026-05-27T02:03:21.514Z | REQUEST  | POST | http://127.0.0.1:5000/api/dashboard/query
2026-05-27T02:03:21.519Z | REQUEST  | POST | http://127.0.0.1:5000/api/dashboard/query
2026-05-27T02:03:21.523Z | REQUEST  | POST | http://127.0.0.1:5000/api/dashboard/query
2026-05-27T02:03:21.524Z | REQUEST  | POST | http://127.0.0.1:5000/api/dashboard/query
2026-05-27T02:03:21.527Z | REQUEST  | POST | http://127.0.0.1:5000/api/dashboard/query
2026-05-27T02:03:21.529Z | REQUEST  | POST | http://127.0.0.1:5000/api/dashboard/query
2026-05-27T02:03:21.537Z | REQUEST  | POST | http://127.0.0.1:5000/api/dashboard/query
2026-05-27T02:03:21.538Z | REQUEST  | POST | http://127.0.0.1:5000/api/dashboard/query
2026-05-27T02:03:21.539Z | REQUEST  | POST | http://127.0.0.1:5000/api/dashboard/query
2026-05-27T02:03:21.540Z | REQUEST  | POST | http://127.0.0.1:5000/api/dashboard/query
2026-05-27T02:03:21.834Z | RESPONSE | POST | http://127.0.0.1:5000/api/dashboard/query | 200 | ok=true | duration_ms=331 | {
  "data": [
    {
      "valeur_stock": "6961911.38"
    }
  ],
  "name": "kpi_valeur_stock",
  "success": true
}
2026-05-27T02:03:21.887Z | RESPONSE | POST | http://127.0.0.1:5000/api/dashboard/query | 200 | ok=true | duration_ms=389 | {
  "data": [
    {
      "nb_produits_actifs": 103
    }
  ],
  "name": "kpi_nb_produits_actifs",
  "success": true
}
2026-05-27T02:03:21.896Z | RESPONSE | POST | http://127.0.0.1:5000/api/dashboard/query | 200 | ok=true | duration_ms=392 | {
  "data": [
    {
      "ca_ytd": "462547.15"
    }
  ],
  "name": "kpi_ca_ytd",
  "success": true
}
2026-05-27T02:03:21.939Z | RESPONSE | POST | http://127.0.0.1:5000/api/dashboard/query | 200 | ok=true | duration_ms=446 | {
  "data": [
    {
      "nb_alertes_stock": 0
    }
  ],
  "name": "kpi_nb_alertes_stock",
  "success": true
}
2026-05-27T02:03:21.967Z | RESPONSE | POST | http://127.0.0.1:5000/api/dashboard/query | 200 | ok=true | duration_ms=459 | {
  "data": [
    {
      "nb_produits_expires_en_stock": 1224
    }
  ],
  "name": "kpi_nb_produits_expires_en_stock",
  "success": true
}
2026-05-27T02:03:22.033Z | RESPONSE | POST | http://127.0.0.1:5000/api/dashboard/query | 200 | ok=true | duration_ms=543 | {
  "data": [
    {
      "ca_jour": "2365.22"
    }
  ],
  "name": "kpi_ca_jour",
  "success": true
}
2026-05-27T02:03:22.034Z | RESPONSE | POST | http://127.0.0.1:5000/api/dashboard/query | 200 | ok=true | duration_ms=545 | {
  "data": [
    {
      "nb_ventes_jour": 45
    }
  ],
  "name": "kpi_nb_ventes_jour",
  "success": true
}
2026-05-27T02:03:22.059Z | RESPONSE | POST | http://127.0.0.1:5000/api/dashboard/query | 200 | ok=true | duration_ms=546 | {
  "data": [
    {
      "nb_fournisseurs_30j": 19
    }
  ],
  "name": "kpi_nb_fournisseurs_30j",
  "success": true
}
2026-05-27T02:03:22.078Z | RESPONSE | POST | http://127.0.0.1:5000/api/dashboard/query | 200 | ok=true | duration_ms=568 | {
  "data": [
    {
      "marge_brute_30j": "26943.82"
    }
  ],
  "name": "kpi_marge_brute_30j",
  "success": true
}
2026-05-27T02:03:22.179Z | RESPONSE | POST | http://127.0.0.1:5000/api/dashboard/query | 200 | ok=true | duration_ms=665 | {
  "data": [
    {
      "jour": "Sun, 26 Apr 2026 00:00:00 GMT",
      "total_vente": "3250.49"
    },
    {
      "jour": "Mon, 27 Apr 2026 00:00:00 GMT",
      "total_vente": "3832.93"
    },
    {
      "jour": "Tue, 28 Apr 2026 00:00:00 GMT",
      "total_vente": "3350.95"
    },
    {
      "jour": "Wed, 29 Apr 2026 00:00:00 GMT",
      "total_vente": "4535.96"
    },
    {
      "jour": "Thu, 30 Apr 2026 00:00:00 GMT",
      "total_vente": "3229.09"
    },
    {
      "jour": "Fri, 01 May 2026 00:00:00 GMT",
      "total_vente": "3534.75"
    },
    {
      "jour": "Sat, 02 May 2026 00:00:00 GMT",
      "total_vente": "3533.46"
    },
    {
      "jour": "Sun, 03 May 2026 00:00:00 GMT",
      "total_vente": "3818.29"
    },
    {
      "jour": "Mon, 04 May 2026 00:00:00 GMT",
      "total_vente": "3258.37"
    },
    {
      "jour": "Tue, 05 May 2026 00:00:00 GMT",
      "total_vente": "4242.67"
    },
    {
      "jour": "Wed, 06 May 2026 00:00:00 GMT",
      "total_vente": "2688.34"
    },
    {
      "jour": "Thu, 07 May 2026 00:00:00 GMT",
      "total_vente": "3031.54"
    },
    {
      "jour": "Fri, 08 May 2026 00:00:00 GMT",
      "total_vente": "3207.59"
    },
    {
      "jour": "Sat, 09 May 2026 00:00:00 GMT",
      "total_vente": "3490.51"
    },
    {
      "jour": "Sun, 10 May 2026 00:00:00 GMT",
      "total_vente": "1577.46"
    },
    {
      "jour": "Mon, 11 May 2026 00:00:00 GMT",
      "total_vente": "1612.53"
    },
    {
      "jour": "Tue, 12 May 2026 00:00:00 GMT",
      "total_vente": "1687.91"
    },
    {
      "jour": "Wed, 13 May 2026 00:00:00 GMT",
      "total_vente": "1875.71"
    },
    {
      "jour": "Thu, 14 May 2026 00:00:00 GMT",
      "total_vente": "1100.89"
    },
    {
      "jour": "Fri, 15 May 2026 00:00:00 GMT",
      "total_vente": "793.77"
    },
    {
      "jour": "Sat, 16 May 2026 00:00:00 GMT",
      "total_vente": "879.22"
    },
    {
      "jour": "Sun, 17 May 2026 00:00:00 GMT",
      "total_vente": "12
2026-05-27T02:03:22.211Z | RESPONSE | POST | http://127.0.0.1:5000/api/dashboard/query | 200 | ok=true | duration_ms=687 | {
  "data": [
    {
      "an_semaine": 202610,
      "ca_semaine": "21316.03",
      "debut_semaine": "Tue, 03 Mar 2026 00:00:00 GMT"
    },
    {
      "an_semaine": 202611,
      "ca_semaine": "23229.52",
      "debut_semaine": "Mon, 09 Mar 2026 00:00:00 GMT"
    },
    {
      "an_semaine": 202612,
      "ca_semaine": "23284.39",
      "debut_semaine": "Mon, 16 Mar 2026 00:00:00 GMT"
    },
    {
      "an_semaine": 202613,
      "ca_semaine": "25578.41",
      "debut_semaine": "Mon, 23 Mar 2026 00:00:00 GMT"
    },
    {
      "an_semaine": 202614,
      "ca_semaine": "21878.27",
      "debut_semaine": "Mon, 30 Mar 2026 00:00:00 GMT"
    },
    {
      "an_semaine": 202615,
      "ca_semaine": "24147.35",
      "debut_semaine": "Mon, 06 Apr 2026 00:00:00 GMT"
    },
    {
      "an_semaine": 202616,
      "ca_semaine": "24453.80",
      "debut_semaine": "Mon, 13 Apr 2026 00:00:00 GMT"
    },
    {
      "an_semaine": 202617,
      "ca_semaine": "22792.89",
      "debut_semaine": "Mon, 20 Apr 2026 00:00:00 GMT"
    },
    {
      "an_semaine": 202618,
      "ca_semaine": "25605.97",
      "debut_semaine": "Mon, 27 Apr 2026 00:00:00 GMT"
    },
    {
      "an_semaine": 202619,
      "ca_semaine": "21382.67",
      "debut_semaine": "Mon, 04 May 2026 00:00:00 GMT"
    },
    {
      "an_semaine": 202620,
      "ca_semaine": "8964.66",
      "debut_semaine": "Mon, 11 May 2026 00:00:00 GMT"
    },
    {
      "an_semaine": 202621,
      "ca_semaine": "8691.31",
      "debut_semaine": "Mon, 18 May 2026 00:00:00 GMT"
    },
    {
      "an_semaine": 202622,
      "ca_semaine": "3416.29",
      "debut_semaine": "Mon, 25 May 2026 00:00:00 GMT"
    }
  ],
  "name": "chart_ca_par_semaine_12",
  "success": true
}
2026-05-27T02:03:22.270Z | RESPONSE | POST | http://127.0.0.1:5000/api/dashboard/query | 200 | ok=true | duration_ms=744 | {
  "data": [
    {
      "produit": "Tensiom\u251c\u00bftre poignet",
      "total_vendu": "145"
    },
    {
      "produit": "Solution lentilles 360 ml",
      "total_vendu": "143"
    },
    {
      "produit": "Gel antiseptique 100 ml",
      "total_vendu": "129"
    },
    {
      "produit": "Pseudoephedrine 30 mg",
      "total_vendu": "128"
    },
    {
      "produit": "Gouttes yeux secs 15 ml",
      "total_vendu": "123"
    }
  ],
  "name": "top5_produits_30j",
  "success": true
}
2026-05-27T02:03:22.284Z | RESPONSE | POST | http://127.0.0.1:5000/api/dashboard/query | 200 | ok=true | duration_ms=760 | {
  "data": [
    {
      "ca_mois": "103061.70",
      "mois": "2026-01"
    },
    {
      "ca_mois": "97187.26",
      "mois": "2026-02"
    },
    {
      "ca_mois": "106767.12",
      "mois": "2026-03"
    },
    {
      "ca_mois": "102276.00",
      "mois": "2026-04"
    },
    {
      "ca_mois": "53255.07",
      "mois": "2026-05"
    }
  ],
  "name": "chart_ca_mensuel_ytd",
  "success": true
}
2026-05-27T02:03:22.302Z | RESPONSE | POST | http://127.0.0.1:5000/api/dashboard/query | 200 | ok=true | duration_ms=771 | {
  "data": [
    {
      "fournisseur": "GlobalCare Supplies",
      "total_achat": "24229.34"
    },
    {
      "fournisseur": "PharmaNord Distribution",
      "total_achat": "19052.78"
    },
    {
      "fournisseur": "BioPharm Montr\u251c\u00aeal",
      "total_achat": "11489.32"
    },
    {
      "fournisseur": "Vitalis Grossiste",
      "total_achat": "11085.50"
    },
    {
      "fournisseur": "OmniHealth Supply",
      "total_achat": "10598.35"
    },
    {
      "fournisseur": "MediStock Qu\u251c\u00aebec",
      "total_achat": "7974.48"
    },
    {
      "fournisseur": "Clinimed Canada",
      "total_achat": "7275.10"
    }
  ],
  "name": "chart_top_fournisseurs_30j",
  "success": true
}
2026-05-27T02:03:22.311Z | RESPONSE | POST | http://127.0.0.1:5000/api/dashboard/query | 200 | ok=true | duration_ms=773 | {
  "data": [
    {
      "date_expiration": "01-06-2026",
      "produit": "Amoxicilline 500mg",
      "quantite": 78
    },
    {
      "date_expiration": "04-06-2026",
      "produit": "Glucose comprim\u251c\u00aes",
      "quantite": 623
    },
    {
      "date_expiration": "05-06-2026",
      "produit": "Test grossesse",
      "quantite": 362
    },
    {
      "date_expiration": "09-06-2026",
      "produit": "Bandage \u251c\u00aelastique",
      "quantite": 428
    },
    {
      "date_expiration": "09-06-2026",
      "produit": "Bandelettes glyc\u251c\u00aemie",
      "quantite": 387
    },
    {
      "date_expiration": "09-06-2026",
      "produit": "Baume l\u251c\u00bfvres SPF",
      "quantite": 526
    },
    {
      "date_expiration": "11-06-2026",
      "produit": "Atorvastatine 20mg",
      "quantite": 705
    },
    {
      "date_expiration": "11-06-2026",
      "produit": "Amoxicilline 500mg",
      "quantite": 1015
    },
    {
      "date_expiration": "12-06-2026",
      "produit": "Cr\u251c\u00bfme hydrocortisone 1%",
      "quantite": 855
    },
    {
      "date_expiration": "13-06-2026",
      "produit": "Pansements assortis",
      "quantite": 702
    },
    {
      "date_expiration": "14-06-2026",
      "produit": "Acetaminophene 500 mg",
      "quantite": 890
    },
    {
      "date_expiration": "14-06-2026",
      "produit": "Sels de r\u251c\u00aehydratation orale",
      "quantite": 959
    },
    {
      "date_expiration": "15-06-2026",
      "produit": "Hydrocortisone creme",
      "quantite": 927
    },
    {
      "date_expiration": "16-06-2026",
      "produit": "Salbutamol inhalateur",
      "quantite": 1
    },
    {
      "date_expiration": "17-06-2026",
      "produit": "Vitamine D 1000 UI",
      "quantite": 1019
    },
    {
      "date_expiration": "19-06-2026",
      "produit": "Ibuprofene 200 mg",
      "quantite": 737
    },
    {
      "date_expiration": "20-06-2026",
      "produit": "Dentifrice sensibilit\u251c\u00ae"
2026-05-27T02:03:22.330Z | RESPONSE | POST | http://127.0.0.1:5000/api/dashboard/query | 200 | ok=true | duration_ms=792 | {
  "data": [],
  "name": "stock_bas",
  "success": true
}
2026-05-27T02:03:22.363Z | RESPONSE | POST | http://127.0.0.1:5000/api/dashboard/query | 200 | ok=true | duration_ms=823 | {
  "data": [
    {
      "produit": "Gouttes anti-allergies 10 ml",
      "total_stock": "19629"
    },
    {
      "produit": "Glucose comprim\u251c\u00aes",
      "total_stock": "17955"
    },
    {
      "produit": "Peroxyde hydrog\u251c\u00bfne 3%",
      "total_stock": "17511"
    },
    {
      "produit": "Electrolytes sport",
      "total_stock": "17305"
    },
    {
      "produit": "ORS sachet",
      "total_stock": "17233"
    },
    {
      "produit": "Calcium 500 mg",
      "total_stock": "17218"
    },
    {
      "produit": "Paracetamol 500mg",
      "total_stock": "15605"
    },
    {
      "produit": "Val\u251c\u00aeriane capsules",
      "total_stock": "15304"
    },
    {
      "produit": "Solution lentilles 360 ml",
      "total_stock": "15230"
    },
    {
      "produit": "Aspirine 81 mg",
      "total_stock": "14807"
    },
    {
      "produit": "Tensiom\u251c\u00bftre poignet",
      "total_stock": "14595"
    },
    {
      "produit": "Cr\u251c\u00bfme douleur musculaire",
      "total_stock": "14540"
    },
    {
      "produit": "Gants nitrile boite",
      "total_stock": "14447"
    },
    {
      "produit": "Test grossesse",
      "total_stock": "14299"
    },
    {
      "produit": "Seringues 5ml boite",
      "total_stock": "14249"
    },
    {
      "produit": "Patch chaleur",
      "total_stock": "14073"
    },
    {
      "produit": "Tensiometre bras",
      "total_stock": "13940"
    },
    {
      "produit": "Rince-bouche antiseptique",
      "total_stock": "13880"
    },
    {
      "produit": "Gants nitrile bo\u251c\u00abte 100",
      "total_stock": "13823"
    },
    {
      "produit": "Acetaminophene 500 mg",
      "total_stock": "13779"
    },
    {
      "produit": "Thermometre digital",
      "total_stock": "13774"
    },
    {
      "produit": "Masques m\u251c\u00aedicaux bo\u251c\u00abte 50",
      "total_stock": "13631"
    },
    {
      "produit": "Dolaren plus 250mg",
      "total_stock": "13546"
    },
    {
2026-05-27T02:03:22.369Z | RESPONSE | POST | http://127.0.0.1:5000/api/dashboard/query | 200 | ok=true | duration_ms=840 | {
  "data": [
    {
      "ca": "11833.14",
      "category": "Vitamines"
    },
    {
      "ca": "9626.79",
      "category": "Premiers soins"
    },
    {
      "ca": "9310.72",
      "category": "Rhume et grippe"
    },
    {
      "ca": "8939.99",
      "category": "Digestif"
    },
    {
      "ca": "8481.96",
      "category": "Mat\u251c\u00aeriel m\u251c\u00aedical"
    },
    {
      "ca": "8398.95",
      "category": "Soins oculaires"
    },
    {
      "ca": "6491.40",
      "category": "Dermatologie"
    },
    {
      "ca": "6485.06",
      "category": "Diab\u251c\u00bfte"
    },
    {
      "ca": "6221.86",
      "category": "Respiratoire"
    },
    {
      "ca": "6017.57",
      "category": "Protection"
    },
    {
      "ca": "5421.12",
      "category": "MATERIEL"
    },
    {
      "ca": "5045.66",
      "category": "Allergies"
    },
    {
      "ca": "4719.86",
      "category": "Soins peau"
    },
    {
      "ca": "4642.99",
      "category": "Douleurs musculaires"
    },
    {
      "ca": "3944.79",
      "category": "Sommeil"
    },
    {
      "ca": "3620.03",
      "category": "Cardio"
    },
    {
      "ca": "3437.17",
      "category": "Analgesiques"
    },
    {
      "ca": "3154.76",
      "category": "Bucco-dentaire"
    },
    {
      "ca": "3026.99",
      "category": "ANTIBIO"
    },
    {
      "ca": "2856.25",
      "category": "DOULEUR"
    },
    {
      "ca": "2446.11",
      "category": "Sport sant\u251c\u00ae"
    },
    {
      "ca": "2190.77",
      "category": "PALUDISME"
    },
    {
      "ca": "2117.55",
      "category": "Cortico"
    },
    {
      "ca": "2103.05",
      "category": "SUPPLEMENT"
    },
    {
      "ca": "1895.63",
      "category": "DIABETE"
    },
    {
      "ca": "1698.22",
      "category": "GASTRO"
    },
    {
      "ca": "1635.45",
      "category": "Soins cheveux"
    },
    {
      "ca": "1389.75",
      "category": "Infection"
    },
    {
      "ca": "1320.85",
      "category": "Sant\u2
2026-05-27T02:03:22.392Z | RESPONSE | POST | http://127.0.0.1:5000/api/dashboard/query | 200 | ok=true | duration_ms=851 | {
  "data": [
    {
      "ca": "4067.43",
      "jour": "Fri, 27 Mar 2026 00:00:00 GMT",
      "sma7": "4067.430000"
    },
    {
      "ca": "3569.57",
      "jour": "Sat, 28 Mar 2026 00:00:00 GMT",
      "sma7": "3818.500000"
    },
    {
      "ca": "3787.88",
      "jour": "Sun, 29 Mar 2026 00:00:00 GMT",
      "sma7": "3808.293333"
    },
    {
      "ca": "2937.31",
      "jour": "Mon, 30 Mar 2026 00:00:00 GMT",
      "sma7": "3590.547500"
    },
    {
      "ca": "2864.83",
      "jour": "Tue, 31 Mar 2026 00:00:00 GMT",
      "sma7": "3445.404000"
    },
    {
      "ca": "2478.87",
      "jour": "Wed, 01 Apr 2026 00:00:00 GMT",
      "sma7": "3284.315000"
    },
    {
      "ca": "4755.54",
      "jour": "Thu, 02 Apr 2026 00:00:00 GMT",
      "sma7": "3494.490000"
    },
    {
      "ca": "3310.04",
      "jour": "Fri, 03 Apr 2026 00:00:00 GMT",
      "sma7": "3386.291429"
    },
    {
      "ca": "2674.99",
      "jour": "Sat, 04 Apr 2026 00:00:00 GMT",
      "sma7": "3258.494286"
    },
    {
      "ca": "2856.69",
      "jour": "Sun, 05 Apr 2026 00:00:00 GMT",
      "sma7": "3125.467143"
    },
    {
      "ca": "3541.67",
      "jour": "Mon, 06 Apr 2026 00:00:00 GMT",
      "sma7": "3211.804286"
    },
    {
      "ca": "3626.86",
      "jour": "Tue, 07 Apr 2026 00:00:00 GMT",
      "sma7": "3320.665714"
    },
    {
      "ca": "3925.10",
      "jour": "Wed, 08 Apr 2026 00:00:00 GMT",
      "sma7": "3527.270000"
    },
    {
      "ca": "3213.05",
      "jour": "Thu, 09 Apr 2026 00:00:00 GMT",
      "sma7": "3306.914286"
    },
    {
      "ca": "3687.98",
      "jour": "Fri, 10 Apr 2026 00:00:00 GMT",
      "sma7": "3360.905714"
    },
    {
      "ca": "2738.24",
      "jour": "Sat, 11 Apr 2026 00:00:00 GMT",
      "sma7": "3369.941429"
    },
    {
      "ca": "3414.45",
      "jour": "Sun, 12 Apr 2026 00:00:00 GMT",
      "sma7": "3449.621429"
    },
    {
      "ca": "3447.77",
      "jour": "Mon, 13 Apr 2026 00:00:00 GMT",
      "sma7": "3436.207
2026-05-27T02:03:37.027Z | REQUEST  | POST | http://127.0.0.1:5000/api/dashboard/query
2026-05-27T02:03:37.028Z | REQUEST  | POST | http://127.0.0.1:5000/api/dashboard/query
2026-05-27T02:03:37.029Z | REQUEST  | POST | http://127.0.0.1:5000/api/dashboard/query
2026-05-27T02:03:37.031Z | REQUEST  | POST | http://127.0.0.1:5000/api/dashboard/query
2026-05-27T02:03:37.032Z | REQUEST  | POST | http://127.0.0.1:5000/api/dashboard/query
2026-05-27T02:03:37.041Z | REQUEST  | POST | http://127.0.0.1:5000/api/dashboard/query
2026-05-27T02:03:37.044Z | REQUEST  | POST | http://127.0.0.1:5000/api/dashboard/query
2026-05-27T02:03:37.046Z | REQUEST  | POST | http://127.0.0.1:5000/api/dashboard/query
2026-05-27T02:03:37.048Z | REQUEST  | POST | http://127.0.0.1:5000/api/dashboard/query
2026-05-27T02:03:37.050Z | REQUEST  | POST | http://127.0.0.1:5000/api/dashboard/query
2026-05-27T02:03:37.051Z | REQUEST  | POST | http://127.0.0.1:5000/api/dashboard/query
2026-05-27T02:03:37.053Z | REQUEST  | POST | http://127.0.0.1:5000/api/dashboard/query
2026-05-27T02:03:37.054Z | REQUEST  | POST | http://127.0.0.1:5000/api/dashboard/query
2026-05-27T02:03:37.058Z | REQUEST  | POST | http://127.0.0.1:5000/api/dashboard/query
2026-05-27T02:03:37.060Z | REQUEST  | POST | http://127.0.0.1:5000/api/dashboard/query
2026-05-27T02:03:37.061Z | REQUEST  | POST | http://127.0.0.1:5000/api/dashboard/query
2026-05-27T02:03:37.062Z | REQUEST  | POST | http://127.0.0.1:5000/api/dashboard/query
2026-05-27T02:03:37.063Z | REQUEST  | POST | http://127.0.0.1:5000/api/dashboard/query
2026-05-27T02:03:37.064Z | REQUEST  | POST | http://127.0.0.1:5000/api/dashboard/query
2026-05-27T02:03:37.623Z | RESPONSE | POST | http://127.0.0.1:5000/api/dashboard/query | 200 | ok=true | duration_ms=596 | {
  "data": [
    {
      "ca_jour": "2365.22"
    }
  ],
  "name": "kpi_ca_jour",
  "success": true
}
2026-05-27T02:03:37.683Z | RESPONSE | POST | http://127.0.0.1:5000/api/dashboard/query | 200 | ok=true | duration_ms=641 | {
  "data": [
    {
      "nb_alertes_stock": 0
    }
  ],
  "name": "kpi_nb_alertes_stock",
  "success": true
}
2026-05-27T02:03:37.686Z | RESPONSE | POST | http://127.0.0.1:5000/api/dashboard/query | 200 | ok=true | duration_ms=657 | {
  "data": [
    {
      "nb_ventes_jour": 45
    }
  ],
  "name": "kpi_nb_ventes_jour",
  "success": true
}
2026-05-27T02:03:37.698Z | RESPONSE | POST | http://127.0.0.1:5000/api/dashboard/query | 200 | ok=true | duration_ms=665 | {
  "data": [
    {
      "nb_produits_actifs": 103
    }
  ],
  "name": "kpi_nb_produits_actifs",
  "success": true
}
2026-05-27T02:03:37.713Z | RESPONSE | POST | http://127.0.0.1:5000/api/dashboard/query | 200 | ok=true | duration_ms=679 | {
  "data": [
    {
      "valeur_stock": "6961911.38"
    }
  ],
  "name": "kpi_valeur_stock",
  "success": true
}
2026-05-27T02:03:37.761Z | RESPONSE | POST | http://127.0.0.1:5000/api/dashboard/query | 200 | ok=true | duration_ms=716 | {
  "data": [
    {
      "nb_produits_expires_en_stock": 1224
    }
  ],
  "name": "kpi_nb_produits_expires_en_stock",
  "success": true
}
2026-05-27T02:03:37.832Z | RESPONSE | POST | http://127.0.0.1:5000/api/dashboard/query | 200 | ok=true | duration_ms=782 | {
  "data": [
    {
      "marge_brute_30j": "26943.82"
    }
  ],
  "name": "kpi_marge_brute_30j",
  "success": true
}
2026-05-27T02:03:37.841Z | RESPONSE | POST | http://127.0.0.1:5000/api/dashboard/query | 200 | ok=true | duration_ms=792 | {
  "data": [
    {
      "nb_fournisseurs_30j": 19
    }
  ],
  "name": "kpi_nb_fournisseurs_30j",
  "success": true
}
2026-05-27T02:03:37.867Z | RESPONSE | POST | http://127.0.0.1:5000/api/dashboard/query | 200 | ok=true | duration_ms=826 | {
  "data": [
    {
      "ca_ytd": "462547.15"
    }
  ],
  "name": "kpi_ca_ytd",
  "success": true
}
2026-05-27T02:03:37.932Z | RESPONSE | POST | http://127.0.0.1:5000/api/dashboard/query | 200 | ok=true | duration_ms=881 | {
  "data": [
    {
      "jour": "Sun, 26 Apr 2026 00:00:00 GMT",
      "total_vente": "3250.49"
    },
    {
      "jour": "Mon, 27 Apr 2026 00:00:00 GMT",
      "total_vente": "3832.93"
    },
    {
      "jour": "Tue, 28 Apr 2026 00:00:00 GMT",
      "total_vente": "3350.95"
    },
    {
      "jour": "Wed, 29 Apr 2026 00:00:00 GMT",
      "total_vente": "4535.96"
    },
    {
      "jour": "Thu, 30 Apr 2026 00:00:00 GMT",
      "total_vente": "3229.09"
    },
    {
      "jour": "Fri, 01 May 2026 00:00:00 GMT",
      "total_vente": "3534.75"
    },
    {
      "jour": "Sat, 02 May 2026 00:00:00 GMT",
      "total_vente": "3533.46"
    },
    {
      "jour": "Sun, 03 May 2026 00:00:00 GMT",
      "total_vente": "3818.29"
    },
    {
      "jour": "Mon, 04 May 2026 00:00:00 GMT",
      "total_vente": "3258.37"
    },
    {
      "jour": "Tue, 05 May 2026 00:00:00 GMT",
      "total_vente": "4242.67"
    },
    {
      "jour": "Wed, 06 May 2026 00:00:00 GMT",
      "total_vente": "2688.34"
    },
    {
      "jour": "Thu, 07 May 2026 00:00:00 GMT",
      "total_vente": "3031.54"
    },
    {
      "jour": "Fri, 08 May 2026 00:00:00 GMT",
      "total_vente": "3207.59"
    },
    {
      "jour": "Sat, 09 May 2026 00:00:00 GMT",
      "total_vente": "3490.51"
    },
    {
      "jour": "Sun, 10 May 2026 00:00:00 GMT",
      "total_vente": "1577.46"
    },
    {
      "jour": "Mon, 11 May 2026 00:00:00 GMT",
      "total_vente": "1612.53"
    },
    {
      "jour": "Tue, 12 May 2026 00:00:00 GMT",
      "total_vente": "1687.91"
    },
    {
      "jour": "Wed, 13 May 2026 00:00:00 GMT",
      "total_vente": "1875.71"
    },
    {
      "jour": "Thu, 14 May 2026 00:00:00 GMT",
      "total_vente": "1100.89"
    },
    {
      "jour": "Fri, 15 May 2026 00:00:00 GMT",
      "total_vente": "793.77"
    },
    {
      "jour": "Sat, 16 May 2026 00:00:00 GMT",
      "total_vente": "879.22"
    },
    {
      "jour": "Sun, 17 May 2026 00:00:00 GMT",
      "total_vente": "12
2026-05-27T02:03:37.939Z | RESPONSE | POST | http://127.0.0.1:5000/api/dashboard/query | 200 | ok=true | duration_ms=886 | {
  "data": [
    {
      "an_semaine": 202610,
      "ca_semaine": "21316.03",
      "debut_semaine": "Tue, 03 Mar 2026 00:00:00 GMT"
    },
    {
      "an_semaine": 202611,
      "ca_semaine": "23229.52",
      "debut_semaine": "Mon, 09 Mar 2026 00:00:00 GMT"
    },
    {
      "an_semaine": 202612,
      "ca_semaine": "23284.39",
      "debut_semaine": "Mon, 16 Mar 2026 00:00:00 GMT"
    },
    {
      "an_semaine": 202613,
      "ca_semaine": "25578.41",
      "debut_semaine": "Mon, 23 Mar 2026 00:00:00 GMT"
    },
    {
      "an_semaine": 202614,
      "ca_semaine": "21878.27",
      "debut_semaine": "Mon, 30 Mar 2026 00:00:00 GMT"
    },
    {
      "an_semaine": 202615,
      "ca_semaine": "24147.35",
      "debut_semaine": "Mon, 06 Apr 2026 00:00:00 GMT"
    },
    {
      "an_semaine": 202616,
      "ca_semaine": "24453.80",
      "debut_semaine": "Mon, 13 Apr 2026 00:00:00 GMT"
    },
    {
      "an_semaine": 202617,
      "ca_semaine": "22792.89",
      "debut_semaine": "Mon, 20 Apr 2026 00:00:00 GMT"
    },
    {
      "an_semaine": 202618,
      "ca_semaine": "25605.97",
      "debut_semaine": "Mon, 27 Apr 2026 00:00:00 GMT"
    },
    {
      "an_semaine": 202619,
      "ca_semaine": "21382.67",
      "debut_semaine": "Mon, 04 May 2026 00:00:00 GMT"
    },
    {
      "an_semaine": 202620,
      "ca_semaine": "8964.66",
      "debut_semaine": "Mon, 11 May 2026 00:00:00 GMT"
    },
    {
      "an_semaine": 202621,
      "ca_semaine": "8691.31",
      "debut_semaine": "Mon, 18 May 2026 00:00:00 GMT"
    },
    {
      "an_semaine": 202622,
      "ca_semaine": "3416.29",
      "debut_semaine": "Mon, 25 May 2026 00:00:00 GMT"
    }
  ],
  "name": "chart_ca_par_semaine_12",
  "success": true
}
2026-05-27T02:03:37.980Z | RESPONSE | POST | http://127.0.0.1:5000/api/dashboard/query | 200 | ok=true | duration_ms=924 | {
  "data": [
    {
      "produit": "Tensiom\u251c\u00bftre poignet",
      "total_vendu": "145"
    },
    {
      "produit": "Solution lentilles 360 ml",
      "total_vendu": "143"
    },
    {
      "produit": "Gel antiseptique 100 ml",
      "total_vendu": "129"
    },
    {
      "produit": "Pseudoephedrine 30 mg",
      "total_vendu": "128"
    },
    {
      "produit": "Gouttes yeux secs 15 ml",
      "total_vendu": "123"
    }
  ],
  "name": "top5_produits_30j",
  "success": true
}
2026-05-27T02:03:38.000Z | RESPONSE | POST | http://127.0.0.1:5000/api/dashboard/query | 200 | ok=true | duration_ms=938 | {
  "data": [
    {
      "fournisseur": "GlobalCare Supplies",
      "total_achat": "24229.34"
    },
    {
      "fournisseur": "PharmaNord Distribution",
      "total_achat": "19052.78"
    },
    {
      "fournisseur": "BioPharm Montr\u251c\u00aeal",
      "total_achat": "11489.32"
    },
    {
      "fournisseur": "Vitalis Grossiste",
      "total_achat": "11085.50"
    },
    {
      "fournisseur": "OmniHealth Supply",
      "total_achat": "10598.35"
    },
    {
      "fournisseur": "MediStock Qu\u251c\u00aebec",
      "total_achat": "7974.48"
    },
    {
      "fournisseur": "Clinimed Canada",
      "total_achat": "7275.10"
    }
  ],
  "name": "chart_top_fournisseurs_30j",
  "success": true
}
2026-05-27T02:03:38.008Z | RESPONSE | POST | http://127.0.0.1:5000/api/dashboard/query | 200 | ok=true | duration_ms=947 | {
  "data": [
    {
      "date_expiration": "01-06-2026",
      "produit": "Amoxicilline 500mg",
      "quantite": 78
    },
    {
      "date_expiration": "04-06-2026",
      "produit": "Glucose comprim\u251c\u00aes",
      "quantite": 623
    },
    {
      "date_expiration": "05-06-2026",
      "produit": "Test grossesse",
      "quantite": 362
    },
    {
      "date_expiration": "09-06-2026",
      "produit": "Bandage \u251c\u00aelastique",
      "quantite": 428
    },
    {
      "date_expiration": "09-06-2026",
      "produit": "Bandelettes glyc\u251c\u00aemie",
      "quantite": 387
    },
    {
      "date_expiration": "09-06-2026",
      "produit": "Baume l\u251c\u00bfvres SPF",
      "quantite": 526
    },
    {
      "date_expiration": "11-06-2026",
      "produit": "Atorvastatine 20mg",
      "quantite": 705
    },
    {
      "date_expiration": "11-06-2026",
      "produit": "Amoxicilline 500mg",
      "quantite": 1015
    },
    {
      "date_expiration": "12-06-2026",
      "produit": "Cr\u251c\u00bfme hydrocortisone 1%",
      "quantite": 855
    },
    {
      "date_expiration": "13-06-2026",
      "produit": "Pansements assortis",
      "quantite": 702
    },
    {
      "date_expiration": "14-06-2026",
      "produit": "Acetaminophene 500 mg",
      "quantite": 890
    },
    {
      "date_expiration": "14-06-2026",
      "produit": "Sels de r\u251c\u00aehydratation orale",
      "quantite": 959
    },
    {
      "date_expiration": "15-06-2026",
      "produit": "Hydrocortisone creme",
      "quantite": 927
    },
    {
      "date_expiration": "16-06-2026",
      "produit": "Salbutamol inhalateur",
      "quantite": 1
    },
    {
      "date_expiration": "17-06-2026",
      "produit": "Vitamine D 1000 UI",
      "quantite": 1019
    },
    {
      "date_expiration": "19-06-2026",
      "produit": "Ibuprofene 200 mg",
      "quantite": 737
    },
    {
      "date_expiration": "20-06-2026",
      "produit": "Dentifrice sensibilit\u251c\u00ae"
2026-05-27T02:03:38.012Z | RESPONSE | POST | http://127.0.0.1:5000/api/dashboard/query | 200 | ok=true | duration_ms=961 | {
  "data": [
    {
      "ca_mois": "103061.70",
      "mois": "2026-01"
    },
    {
      "ca_mois": "97187.26",
      "mois": "2026-02"
    },
    {
      "ca_mois": "106767.12",
      "mois": "2026-03"
    },
    {
      "ca_mois": "102276.00",
      "mois": "2026-04"
    },
    {
      "ca_mois": "53255.07",
      "mois": "2026-05"
    }
  ],
  "name": "chart_ca_mensuel_ytd",
  "success": true
}
2026-05-27T02:03:38.043Z | RESPONSE | POST | http://127.0.0.1:5000/api/dashboard/query | 200 | ok=true | duration_ms=985 | {
  "data": [
    {
      "ca": "11833.14",
      "category": "Vitamines"
    },
    {
      "ca": "9626.79",
      "category": "Premiers soins"
    },
    {
      "ca": "9310.72",
      "category": "Rhume et grippe"
    },
    {
      "ca": "8939.99",
      "category": "Digestif"
    },
    {
      "ca": "8481.96",
      "category": "Mat\u251c\u00aeriel m\u251c\u00aedical"
    },
    {
      "ca": "8398.95",
      "category": "Soins oculaires"
    },
    {
      "ca": "6491.40",
      "category": "Dermatologie"
    },
    {
      "ca": "6485.06",
      "category": "Diab\u251c\u00bfte"
    },
    {
      "ca": "6221.86",
      "category": "Respiratoire"
    },
    {
      "ca": "6017.57",
      "category": "Protection"
    },
    {
      "ca": "5421.12",
      "category": "MATERIEL"
    },
    {
      "ca": "5045.66",
      "category": "Allergies"
    },
    {
      "ca": "4719.86",
      "category": "Soins peau"
    },
    {
      "ca": "4642.99",
      "category": "Douleurs musculaires"
    },
    {
      "ca": "3944.79",
      "category": "Sommeil"
    },
    {
      "ca": "3620.03",
      "category": "Cardio"
    },
    {
      "ca": "3437.17",
      "category": "Analgesiques"
    },
    {
      "ca": "3154.76",
      "category": "Bucco-dentaire"
    },
    {
      "ca": "3026.99",
      "category": "ANTIBIO"
    },
    {
      "ca": "2856.25",
      "category": "DOULEUR"
    },
    {
      "ca": "2446.11",
      "category": "Sport sant\u251c\u00ae"
    },
    {
      "ca": "2190.77",
      "category": "PALUDISME"
    },
    {
      "ca": "2117.55",
      "category": "Cortico"
    },
    {
      "ca": "2103.05",
      "category": "SUPPLEMENT"
    },
    {
      "ca": "1895.63",
      "category": "DIABETE"
    },
    {
      "ca": "1698.22",
      "category": "GASTRO"
    },
    {
      "ca": "1635.45",
      "category": "Soins cheveux"
    },
    {
      "ca": "1389.75",
      "category": "Infection"
    },
    {
      "ca": "1320.85",
      "category": "Sant\u2
2026-05-27T02:03:38.051Z | RESPONSE | POST | http://127.0.0.1:5000/api/dashboard/query | 200 | ok=true | duration_ms=989 | {
  "data": [],
  "name": "stock_bas",
  "success": true
}
2026-05-27T02:03:38.060Z | RESPONSE | POST | http://127.0.0.1:5000/api/dashboard/query | 200 | ok=true | duration_ms=997 | {
  "data": [
    {
      "produit": "Gouttes anti-allergies 10 ml",
      "total_stock": "19629"
    },
    {
      "produit": "Glucose comprim\u251c\u00aes",
      "total_stock": "17955"
    },
    {
      "produit": "Peroxyde hydrog\u251c\u00bfne 3%",
      "total_stock": "17511"
    },
    {
      "produit": "Electrolytes sport",
      "total_stock": "17305"
    },
    {
      "produit": "ORS sachet",
      "total_stock": "17233"
    },
    {
      "produit": "Calcium 500 mg",
      "total_stock": "17218"
    },
    {
      "produit": "Paracetamol 500mg",
      "total_stock": "15605"
    },
    {
      "produit": "Val\u251c\u00aeriane capsules",
      "total_stock": "15304"
    },
    {
      "produit": "Solution lentilles 360 ml",
      "total_stock": "15230"
    },
    {
      "produit": "Aspirine 81 mg",
      "total_stock": "14807"
    },
    {
      "produit": "Tensiom\u251c\u00bftre poignet",
      "total_stock": "14595"
    },
    {
      "produit": "Cr\u251c\u00bfme douleur musculaire",
      "total_stock": "14540"
    },
    {
      "produit": "Gants nitrile boite",
      "total_stock": "14447"
    },
    {
      "produit": "Test grossesse",
      "total_stock": "14299"
    },
    {
      "produit": "Seringues 5ml boite",
      "total_stock": "14249"
    },
    {
      "produit": "Patch chaleur",
      "total_stock": "14073"
    },
    {
      "produit": "Tensiometre bras",
      "total_stock": "13940"
    },
    {
      "produit": "Rince-bouche antiseptique",
      "total_stock": "13880"
    },
    {
      "produit": "Gants nitrile bo\u251c\u00abte 100",
      "total_stock": "13823"
    },
    {
      "produit": "Acetaminophene 500 mg",
      "total_stock": "13779"
    },
    {
      "produit": "Thermometre digital",
      "total_stock": "13774"
    },
    {
      "produit": "Masques m\u251c\u00aedicaux bo\u251c\u00abte 50",
      "total_stock": "13631"
    },
    {
      "produit": "Dolaren plus 250mg",
      "total_stock": "13546"
    },
    {
2026-05-27T02:03:38.081Z | RESPONSE | POST | http://127.0.0.1:5000/api/dashboard/query | 200 | ok=true | duration_ms=1015 | {
  "data": [
    {
      "ca": "4067.43",
      "jour": "Fri, 27 Mar 2026 00:00:00 GMT",
      "sma7": "4067.430000"
    },
    {
      "ca": "3569.57",
      "jour": "Sat, 28 Mar 2026 00:00:00 GMT",
      "sma7": "3818.500000"
    },
    {
      "ca": "3787.88",
      "jour": "Sun, 29 Mar 2026 00:00:00 GMT",
      "sma7": "3808.293333"
    },
    {
      "ca": "2937.31",
      "jour": "Mon, 30 Mar 2026 00:00:00 GMT",
      "sma7": "3590.547500"
    },
    {
      "ca": "2864.83",
      "jour": "Tue, 31 Mar 2026 00:00:00 GMT",
      "sma7": "3445.404000"
    },
    {
      "ca": "2478.87",
      "jour": "Wed, 01 Apr 2026 00:00:00 GMT",
      "sma7": "3284.315000"
    },
    {
      "ca": "4755.54",
      "jour": "Thu, 02 Apr 2026 00:00:00 GMT",
      "sma7": "3494.490000"
    },
    {
      "ca": "3310.04",
      "jour": "Fri, 03 Apr 2026 00:00:00 GMT",
      "sma7": "3386.291429"
    },
    {
      "ca": "2674.99",
      "jour": "Sat, 04 Apr 2026 00:00:00 GMT",
      "sma7": "3258.494286"
    },
    {
      "ca": "2856.69",
      "jour": "Sun, 05 Apr 2026 00:00:00 GMT",
      "sma7": "3125.467143"
    },
    {
      "ca": "3541.67",
      "jour": "Mon, 06 Apr 2026 00:00:00 GMT",
      "sma7": "3211.804286"
    },
    {
      "ca": "3626.86",
      "jour": "Tue, 07 Apr 2026 00:00:00 GMT",
      "sma7": "3320.665714"
    },
    {
      "ca": "3925.10",
      "jour": "Wed, 08 Apr 2026 00:00:00 GMT",
      "sma7": "3527.270000"
    },
    {
      "ca": "3213.05",
      "jour": "Thu, 09 Apr 2026 00:00:00 GMT",
      "sma7": "3306.914286"
    },
    {
      "ca": "3687.98",
      "jour": "Fri, 10 Apr 2026 00:00:00 GMT",
      "sma7": "3360.905714"
    },
    {
      "ca": "2738.24",
      "jour": "Sat, 11 Apr 2026 00:00:00 GMT",
      "sma7": "3369.941429"
    },
    {
      "ca": "3414.45",
      "jour": "Sun, 12 Apr 2026 00:00:00 GMT",
      "sma7": "3449.621429"
    },
    {
      "ca": "3447.77",
      "jour": "Mon, 13 Apr 2026 00:00:00 GMT",
      "sma7": "3436.207
2026-05-27T02:03:52.591Z | REQUEST  | POST | http://127.0.0.1:5000/api/dashboard/query
2026-05-27T02:03:52.592Z | REQUEST  | POST | http://127.0.0.1:5000/api/dashboard/query
2026-05-27T02:03:52.594Z | REQUEST  | POST | http://127.0.0.1:5000/api/dashboard/query
2026-05-27T02:03:52.595Z | REQUEST  | POST | http://127.0.0.1:5000/api/dashboard/query
2026-05-27T02:03:52.596Z | REQUEST  | POST | http://127.0.0.1:5000/api/dashboard/query
2026-05-27T02:03:52.600Z | REQUEST  | POST | http://127.0.0.1:5000/api/dashboard/query
2026-05-27T02:03:52.602Z | REQUEST  | POST | http://127.0.0.1:5000/api/dashboard/query
2026-05-27T02:03:52.606Z | REQUEST  | POST | http://127.0.0.1:5000/api/dashboard/query
2026-05-27T02:03:52.608Z | REQUEST  | POST | http://127.0.0.1:5000/api/dashboard/query
2026-05-27T02:03:52.610Z | REQUEST  | POST | http://127.0.0.1:5000/api/dashboard/query
2026-05-27T02:03:52.612Z | REQUEST  | POST | http://127.0.0.1:5000/api/dashboard/query
2026-05-27T02:03:52.613Z | REQUEST  | POST | http://127.0.0.1:5000/api/dashboard/query
2026-05-27T02:03:52.615Z | REQUEST  | POST | http://127.0.0.1:5000/api/dashboard/query
2026-05-27T02:03:52.615Z | REQUEST  | POST | http://127.0.0.1:5000/api/dashboard/query
2026-05-27T02:03:52.616Z | REQUEST  | POST | http://127.0.0.1:5000/api/dashboard/query
2026-05-27T02:03:52.617Z | REQUEST  | POST | http://127.0.0.1:5000/api/dashboard/query
2026-05-27T02:03:52.618Z | REQUEST  | POST | http://127.0.0.1:5000/api/dashboard/query
2026-05-27T02:03:52.619Z | REQUEST  | POST | http://127.0.0.1:5000/api/dashboard/query
2026-05-27T02:03:52.620Z | REQUEST  | POST | http://127.0.0.1:5000/api/dashboard/query
2026-05-27T02:03:53.273Z | RESPONSE | POST | http://127.0.0.1:5000/api/dashboard/query | 200 | ok=true | duration_ms=680 | {
  "data": [
    {
      "nb_ventes_jour": 45
    }
  ],
  "name": "kpi_nb_ventes_jour",
  "success": true
}
2026-05-27T02:03:53.284Z | RESPONSE | POST | http://127.0.0.1:5000/api/dashboard/query | 200 | ok=true | duration_ms=693 | {
  "data": [
    {
      "ca_jour": "2365.22"
    }
  ],
  "name": "kpi_ca_jour",
  "success": true
}
2026-05-27T02:03:53.296Z | RESPONSE | POST | http://127.0.0.1:5000/api/dashboard/query | 200 | ok=true | duration_ms=698 | {
  "data": [
    {
      "valeur_stock": "6961911.38"
    }
  ],
  "name": "kpi_valeur_stock",
  "success": true
}
2026-05-27T02:03:53.332Z | RESPONSE | POST | http://127.0.0.1:5000/api/dashboard/query | 200 | ok=true | duration_ms=737 | {
  "data": [
    {
      "nb_produits_actifs": 103
    }
  ],
  "name": "kpi_nb_produits_actifs",
  "success": true
}
2026-05-27T02:03:53.368Z | RESPONSE | POST | http://127.0.0.1:5000/api/dashboard/query | 200 | ok=true | duration_ms=772 | {
  "data": [
    {
      "nb_alertes_stock": 0
    }
  ],
  "name": "kpi_nb_alertes_stock",
  "success": true
}
2026-05-27T02:03:53.370Z | RESPONSE | POST | http://127.0.0.1:5000/api/dashboard/query | 200 | ok=true | duration_ms=767 | {
  "data": [
    {
      "nb_produits_expires_en_stock": 1224
    }
  ],
  "name": "kpi_nb_produits_expires_en_stock",
  "success": true
}
2026-05-27T02:03:53.377Z | RESPONSE | POST | http://127.0.0.1:5000/api/dashboard/query | 200 | ok=true | duration_ms=775 | {
  "data": [
    {
      "ca_ytd": "462547.15"
    }
  ],
  "name": "kpi_ca_ytd",
  "success": true
}
2026-05-27T02:03:53.401Z | RESPONSE | POST | http://127.0.0.1:5000/api/dashboard/query | 200 | ok=true | duration_ms=791 | {
  "data": [
    {
      "nb_fournisseurs_30j": 19
    }
  ],
  "name": "kpi_nb_fournisseurs_30j",
  "success": true
}
2026-05-27T02:03:53.441Z | RESPONSE | POST | http://127.0.0.1:5000/api/dashboard/query | 200 | ok=true | duration_ms=834 | {
  "data": [
    {
      "marge_brute_30j": "26943.82"
    }
  ],
  "name": "kpi_marge_brute_30j",
  "success": true
}
2026-05-27T02:03:53.473Z | RESPONSE | POST | http://127.0.0.1:5000/api/dashboard/query | 200 | ok=true | duration_ms=859 | {
  "data": [
    {
      "jour": "Sun, 26 Apr 2026 00:00:00 GMT",
      "total_vente": "3250.49"
    },
    {
      "jour": "Mon, 27 Apr 2026 00:00:00 GMT",
      "total_vente": "3832.93"
    },
    {
      "jour": "Tue, 28 Apr 2026 00:00:00 GMT",
      "total_vente": "3350.95"
    },
    {
      "jour": "Wed, 29 Apr 2026 00:00:00 GMT",
      "total_vente": "4535.96"
    },
    {
      "jour": "Thu, 30 Apr 2026 00:00:00 GMT",
      "total_vente": "3229.09"
    },
    {
      "jour": "Fri, 01 May 2026 00:00:00 GMT",
      "total_vente": "3534.75"
    },
    {
      "jour": "Sat, 02 May 2026 00:00:00 GMT",
      "total_vente": "3533.46"
    },
    {
      "jour": "Sun, 03 May 2026 00:00:00 GMT",
      "total_vente": "3818.29"
    },
    {
      "jour": "Mon, 04 May 2026 00:00:00 GMT",
      "total_vente": "3258.37"
    },
    {
      "jour": "Tue, 05 May 2026 00:00:00 GMT",
      "total_vente": "4242.67"
    },
    {
      "jour": "Wed, 06 May 2026 00:00:00 GMT",
      "total_vente": "2688.34"
    },
    {
      "jour": "Thu, 07 May 2026 00:00:00 GMT",
      "total_vente": "3031.54"
    },
    {
      "jour": "Fri, 08 May 2026 00:00:00 GMT",
      "total_vente": "3207.59"
    },
    {
      "jour": "Sat, 09 May 2026 00:00:00 GMT",
      "total_vente": "3490.51"
    },
    {
      "jour": "Sun, 10 May 2026 00:00:00 GMT",
      "total_vente": "1577.46"
    },
    {
      "jour": "Mon, 11 May 2026 00:00:00 GMT",
      "total_vente": "1612.53"
    },
    {
      "jour": "Tue, 12 May 2026 00:00:00 GMT",
      "total_vente": "1687.91"
    },
    {
      "jour": "Wed, 13 May 2026 00:00:00 GMT",
      "total_vente": "1875.71"
    },
    {
      "jour": "Thu, 14 May 2026 00:00:00 GMT",
      "total_vente": "1100.89"
    },
    {
      "jour": "Fri, 15 May 2026 00:00:00 GMT",
      "total_vente": "793.77"
    },
    {
      "jour": "Sat, 16 May 2026 00:00:00 GMT",
      "total_vente": "879.22"
    },
    {
      "jour": "Sun, 17 May 2026 00:00:00 GMT",
      "total_vente": "12
2026-05-27T02:03:53.541Z | RESPONSE | POST | http://127.0.0.1:5000/api/dashboard/query | 200 | ok=true | duration_ms=926 | {
  "data": [
    {
      "an_semaine": 202610,
      "ca_semaine": "21316.03",
      "debut_semaine": "Tue, 03 Mar 2026 00:00:00 GMT"
    },
    {
      "an_semaine": 202611,
      "ca_semaine": "23229.52",
      "debut_semaine": "Mon, 09 Mar 2026 00:00:00 GMT"
    },
    {
      "an_semaine": 202612,
      "ca_semaine": "23284.39",
      "debut_semaine": "Mon, 16 Mar 2026 00:00:00 GMT"
    },
    {
      "an_semaine": 202613,
      "ca_semaine": "25578.41",
      "debut_semaine": "Mon, 23 Mar 2026 00:00:00 GMT"
    },
    {
      "an_semaine": 202614,
      "ca_semaine": "21878.27",
      "debut_semaine": "Mon, 30 Mar 2026 00:00:00 GMT"
    },
    {
      "an_semaine": 202615,
      "ca_semaine": "24147.35",
      "debut_semaine": "Mon, 06 Apr 2026 00:00:00 GMT"
    },
    {
      "an_semaine": 202616,
      "ca_semaine": "24453.80",
      "debut_semaine": "Mon, 13 Apr 2026 00:00:00 GMT"
    },
    {
      "an_semaine": 202617,
      "ca_semaine": "22792.89",
      "debut_semaine": "Mon, 20 Apr 2026 00:00:00 GMT"
    },
    {
      "an_semaine": 202618,
      "ca_semaine": "25605.97",
      "debut_semaine": "Mon, 27 Apr 2026 00:00:00 GMT"
    },
    {
      "an_semaine": 202619,
      "ca_semaine": "21382.67",
      "debut_semaine": "Mon, 04 May 2026 00:00:00 GMT"
    },
    {
      "an_semaine": 202620,
      "ca_semaine": "8964.66",
      "debut_semaine": "Mon, 11 May 2026 00:00:00 GMT"
    },
    {
      "an_semaine": 202621,
      "ca_semaine": "8691.31",
      "debut_semaine": "Mon, 18 May 2026 00:00:00 GMT"
    },
    {
      "an_semaine": 202622,
      "ca_semaine": "3416.29",
      "debut_semaine": "Mon, 25 May 2026 00:00:00 GMT"
    }
  ],
  "name": "chart_ca_par_semaine_12",
  "success": true
}
2026-05-27T02:03:53.574Z | RESPONSE | POST | http://127.0.0.1:5000/api/dashboard/query | 200 | ok=true | duration_ms=959 | {
  "data": [
    {
      "ca_mois": "103061.70",
      "mois": "2026-01"
    },
    {
      "ca_mois": "97187.26",
      "mois": "2026-02"
    },
    {
      "ca_mois": "106767.12",
      "mois": "2026-03"
    },
    {
      "ca_mois": "102276.00",
      "mois": "2026-04"
    },
    {
      "ca_mois": "53255.07",
      "mois": "2026-05"
    }
  ],
  "name": "chart_ca_mensuel_ytd",
  "success": true
}
2026-05-27T02:03:53.597Z | RESPONSE | POST | http://127.0.0.1:5000/api/dashboard/query | 200 | ok=true | duration_ms=981 | {
  "data": [
    {
      "produit": "Tensiom\u251c\u00bftre poignet",
      "total_vendu": "145"
    },
    {
      "produit": "Solution lentilles 360 ml",
      "total_vendu": "143"
    },
    {
      "produit": "Gel antiseptique 100 ml",
      "total_vendu": "129"
    },
    {
      "produit": "Pseudoephedrine 30 mg",
      "total_vendu": "128"
    },
    {
      "produit": "Gouttes yeux secs 15 ml",
      "total_vendu": "123"
    }
  ],
  "name": "top5_produits_30j",
  "success": true
}
2026-05-27T02:03:53.601Z | RESPONSE | POST | http://127.0.0.1:5000/api/dashboard/query | 200 | ok=true | duration_ms=985 | {
  "data": [
    {
      "fournisseur": "GlobalCare Supplies",
      "total_achat": "24229.34"
    },
    {
      "fournisseur": "PharmaNord Distribution",
      "total_achat": "19052.78"
    },
    {
      "fournisseur": "BioPharm Montr\u251c\u00aeal",
      "total_achat": "11489.32"
    },
    {
      "fournisseur": "Vitalis Grossiste",
      "total_achat": "11085.50"
    },
    {
      "fournisseur": "OmniHealth Supply",
      "total_achat": "10598.35"
    },
    {
      "fournisseur": "MediStock Qu\u251c\u00aebec",
      "total_achat": "7974.48"
    },
    {
      "fournisseur": "Clinimed Canada",
      "total_achat": "7275.10"
    }
  ],
  "name": "chart_top_fournisseurs_30j",
  "success": true
}
2026-05-27T02:03:53.626Z | RESPONSE | POST | http://127.0.0.1:5000/api/dashboard/query | 200 | ok=true | duration_ms=1007 | {
  "data": [
    {
      "date_expiration": "01-06-2026",
      "produit": "Amoxicilline 500mg",
      "quantite": 78
    },
    {
      "date_expiration": "04-06-2026",
      "produit": "Glucose comprim\u251c\u00aes",
      "quantite": 623
    },
    {
      "date_expiration": "05-06-2026",
      "produit": "Test grossesse",
      "quantite": 362
    },
    {
      "date_expiration": "09-06-2026",
      "produit": "Bandage \u251c\u00aelastique",
      "quantite": 428
    },
    {
      "date_expiration": "09-06-2026",
      "produit": "Bandelettes glyc\u251c\u00aemie",
      "quantite": 387
    },
    {
      "date_expiration": "09-06-2026",
      "produit": "Baume l\u251c\u00bfvres SPF",
      "quantite": 526
    },
    {
      "date_expiration": "11-06-2026",
      "produit": "Atorvastatine 20mg",
      "quantite": 705
    },
    {
      "date_expiration": "11-06-2026",
      "produit": "Amoxicilline 500mg",
      "quantite": 1015
    },
    {
      "date_expiration": "12-06-2026",
      "produit": "Cr\u251c\u00bfme hydrocortisone 1%",
      "quantite": 855
    },
    {
      "date_expiration": "13-06-2026",
      "produit": "Pansements assortis",
      "quantite": 702
    },
    {
      "date_expiration": "14-06-2026",
      "produit": "Acetaminophene 500 mg",
      "quantite": 890
    },
    {
      "date_expiration": "14-06-2026",
      "produit": "Sels de r\u251c\u00aehydratation orale",
      "quantite": 959
    },
    {
      "date_expiration": "15-06-2026",
      "produit": "Hydrocortisone creme",
      "quantite": 927
    },
    {
      "date_expiration": "16-06-2026",
      "produit": "Salbutamol inhalateur",
      "quantite": 1
    },
    {
      "date_expiration": "17-06-2026",
      "produit": "Vitamine D 1000 UI",
      "quantite": 1019
    },
    {
      "date_expiration": "19-06-2026",
      "produit": "Ibuprofene 200 mg",
      "quantite": 737
    },
    {
      "date_expiration": "20-06-2026",
      "produit": "Dentifrice sensibilit\u251c\u00ae"
2026-05-27T02:03:53.667Z | RESPONSE | POST | http://127.0.0.1:5000/api/dashboard/query | 200 | ok=true | duration_ms=1047 | {
  "data": [
    {
      "produit": "Gouttes anti-allergies 10 ml",
      "total_stock": "19629"
    },
    {
      "produit": "Glucose comprim\u251c\u00aes",
      "total_stock": "17955"
    },
    {
      "produit": "Peroxyde hydrog\u251c\u00bfne 3%",
      "total_stock": "17511"
    },
    {
      "produit": "Electrolytes sport",
      "total_stock": "17305"
    },
    {
      "produit": "ORS sachet",
      "total_stock": "17233"
    },
    {
      "produit": "Calcium 500 mg",
      "total_stock": "17218"
    },
    {
      "produit": "Paracetamol 500mg",
      "total_stock": "15605"
    },
    {
      "produit": "Val\u251c\u00aeriane capsules",
      "total_stock": "15304"
    },
    {
      "produit": "Solution lentilles 360 ml",
      "total_stock": "15230"
    },
    {
      "produit": "Aspirine 81 mg",
      "total_stock": "14807"
    },
    {
      "produit": "Tensiom\u251c\u00bftre poignet",
      "total_stock": "14595"
    },
    {
      "produit": "Cr\u251c\u00bfme douleur musculaire",
      "total_stock": "14540"
    },
    {
      "produit": "Gants nitrile boite",
      "total_stock": "14447"
    },
    {
      "produit": "Test grossesse",
      "total_stock": "14299"
    },
    {
      "produit": "Seringues 5ml boite",
      "total_stock": "14249"
    },
    {
      "produit": "Patch chaleur",
      "total_stock": "14073"
    },
    {
      "produit": "Tensiometre bras",
      "total_stock": "13940"
    },
    {
      "produit": "Rince-bouche antiseptique",
      "total_stock": "13880"
    },
    {
      "produit": "Gants nitrile bo\u251c\u00abte 100",
      "total_stock": "13823"
    },
    {
      "produit": "Acetaminophene 500 mg",
      "total_stock": "13779"
    },
    {
      "produit": "Thermometre digital",
      "total_stock": "13774"
    },
    {
      "produit": "Masques m\u251c\u00aedicaux bo\u251c\u00abte 50",
      "total_stock": "13631"
    },
    {
      "produit": "Dolaren plus 250mg",
      "total_stock": "13546"
    },
    {
2026-05-27T02:03:53.668Z | RESPONSE | POST | http://127.0.0.1:5000/api/dashboard/query | 200 | ok=true | duration_ms=1049 | {
  "data": [],
  "name": "stock_bas",
  "success": true
}
2026-05-27T02:03:53.693Z | RESPONSE | POST | http://127.0.0.1:5000/api/dashboard/query | 200 | ok=true | duration_ms=1072 | {
  "data": [
    {
      "ca": "4067.43",
      "jour": "Fri, 27 Mar 2026 00:00:00 GMT",
      "sma7": "4067.430000"
    },
    {
      "ca": "3569.57",
      "jour": "Sat, 28 Mar 2026 00:00:00 GMT",
      "sma7": "3818.500000"
    },
    {
      "ca": "3787.88",
      "jour": "Sun, 29 Mar 2026 00:00:00 GMT",
      "sma7": "3808.293333"
    },
    {
      "ca": "2937.31",
      "jour": "Mon, 30 Mar 2026 00:00:00 GMT",
      "sma7": "3590.547500"
    },
    {
      "ca": "2864.83",
      "jour": "Tue, 31 Mar 2026 00:00:00 GMT",
      "sma7": "3445.404000"
    },
    {
      "ca": "2478.87",
      "jour": "Wed, 01 Apr 2026 00:00:00 GMT",
      "sma7": "3284.315000"
    },
    {
      "ca": "4755.54",
      "jour": "Thu, 02 Apr 2026 00:00:00 GMT",
      "sma7": "3494.490000"
    },
    {
      "ca": "3310.04",
      "jour": "Fri, 03 Apr 2026 00:00:00 GMT",
      "sma7": "3386.291429"
    },
    {
      "ca": "2674.99",
      "jour": "Sat, 04 Apr 2026 00:00:00 GMT",
      "sma7": "3258.494286"
    },
    {
      "ca": "2856.69",
      "jour": "Sun, 05 Apr 2026 00:00:00 GMT",
      "sma7": "3125.467143"
    },
    {
      "ca": "3541.67",
      "jour": "Mon, 06 Apr 2026 00:00:00 GMT",
      "sma7": "3211.804286"
    },
    {
      "ca": "3626.86",
      "jour": "Tue, 07 Apr 2026 00:00:00 GMT",
      "sma7": "3320.665714"
    },
    {
      "ca": "3925.10",
      "jour": "Wed, 08 Apr 2026 00:00:00 GMT",
      "sma7": "3527.270000"
    },
    {
      "ca": "3213.05",
      "jour": "Thu, 09 Apr 2026 00:00:00 GMT",
      "sma7": "3306.914286"
    },
    {
      "ca": "3687.98",
      "jour": "Fri, 10 Apr 2026 00:00:00 GMT",
      "sma7": "3360.905714"
    },
    {
      "ca": "2738.24",
      "jour": "Sat, 11 Apr 2026 00:00:00 GMT",
      "sma7": "3369.941429"
    },
    {
      "ca": "3414.45",
      "jour": "Sun, 12 Apr 2026 00:00:00 GMT",
      "sma7": "3449.621429"
    },
    {
      "ca": "3447.77",
      "jour": "Mon, 13 Apr 2026 00:00:00 GMT",
      "sma7": "3436.207
2026-05-27T02:03:53.693Z | RESPONSE | POST | http://127.0.0.1:5000/api/dashboard/query | 200 | ok=true | duration_ms=1077 | {
  "data": [
    {
      "ca": "11833.14",
      "category": "Vitamines"
    },
    {
      "ca": "9626.79",
      "category": "Premiers soins"
    },
    {
      "ca": "9310.72",
      "category": "Rhume et grippe"
    },
    {
      "ca": "8939.99",
      "category": "Digestif"
    },
    {
      "ca": "8481.96",
      "category": "Mat\u251c\u00aeriel m\u251c\u00aedical"
    },
    {
      "ca": "8398.95",
      "category": "Soins oculaires"
    },
    {
      "ca": "6491.40",
      "category": "Dermatologie"
    },
    {
      "ca": "6485.06",
      "category": "Diab\u251c\u00bfte"
    },
    {
      "ca": "6221.86",
      "category": "Respiratoire"
    },
    {
      "ca": "6017.57",
      "category": "Protection"
    },
    {
      "ca": "5421.12",
      "category": "MATERIEL"
    },
    {
      "ca": "5045.66",
      "category": "Allergies"
    },
    {
      "ca": "4719.86",
      "category": "Soins peau"
    },
    {
      "ca": "4642.99",
      "category": "Douleurs musculaires"
    },
    {
      "ca": "3944.79",
      "category": "Sommeil"
    },
    {
      "ca": "3620.03",
      "category": "Cardio"
    },
    {
      "ca": "3437.17",
      "category": "Analgesiques"
    },
    {
      "ca": "3154.76",
      "category": "Bucco-dentaire"
    },
    {
      "ca": "3026.99",
      "category": "ANTIBIO"
    },
    {
      "ca": "2856.25",
      "category": "DOULEUR"
    },
    {
      "ca": "2446.11",
      "category": "Sport sant\u251c\u00ae"
    },
    {
      "ca": "2190.77",
      "category": "PALUDISME"
    },
    {
      "ca": "2117.55",
      "category": "Cortico"
    },
    {
      "ca": "2103.05",
      "category": "SUPPLEMENT"
    },
    {
      "ca": "1895.63",
      "category": "DIABETE"
    },
    {
      "ca": "1698.22",
      "category": "GASTRO"
    },
    {
      "ca": "1635.45",
      "category": "Soins cheveux"
    },
    {
      "ca": "1389.75",
      "category": "Infection"
    },
    {
      "ca": "1320.85",
      "category": "Sant\u2
