2026-03-11T17:53:26.265Z | REQUEST  | GET | http://127.0.0.1:5000/api/master/list
2026-03-11T17:53:26.434Z | RESPONSE | GET | http://127.0.0.1:5000/api/master/list | 200 | ok=true | duration_ms=165 | {
  "data": [
    {
      "actif": 1,
      "code_barre": "AMOX500",
      "date_ajout_produit": "19-09-2025",
      "date_approvisionnement": "20-04-2025",
      "date_expiration": "20-04-2026",
      "description": "Antibiotique large spectre",
      "fournisseur_contact": "M. Kabila",
      "fournisseur_email": "contact@pharmadistrib.com",
      "fournisseur_nom": "PharmaDistrib RDC",
      "fournisseur_telephone": "+243900000001",
      "id_fournisseur": 1,
      "id_lot": 7,
      "id_produit": 2,
      "id_utilisateur": 1,
      "image_produit": "amoxicilline.jpg",
      "nom_produit": "Amoxicilline 500mg",
      "prix_achat": "2.30",
      "prix_vente": "5.00",
      "quantite": 26,
      "unite_mesure": null,
      "utilisateur_email": "admin@pharma.com",
      "utilisateur_nom": "Admin Principal"
    },
    {
      "actif": 1,
      "code_barre": "AMOX500",
      "date_ajout_produit": "19-09-2025",
      "date_approvisionnement": "20-04-2025",
      "date_expiration": "01-06-2026",
      "description": "Antibiotique large spectre",
      "fournisseur_contact": "Mme Mwamba",
      "fournisseur_email": "info@medsuppliers.com",
      "fournisseur_nom": "MedSuppliers Congo",
      "fournisseur_telephone": "+243900000002",
      "id_fournisseur": 2,
      "id_lot": 8,
      "id_produit": 2,
      "id_utilisateur": 1,
      "image_produit": "amoxicilline.jpg",
      "nom_produit": "Amoxicilline 500mg",
      "prix_achat": "2.50",
      "prix_vente": "5.00",
      "quantite": 78,
      "unite_mesure": null,
      "utilisateur_email": "admin@pharma.com",
      "utilisateur_nom": "Admin Principal"
    },
    {
      "actif": 1,
      "code_barre": "AMOX500",
      "date_ajout_produit": "19-09-2025",
      "date_approvisionnement": "20-04-2025",
      "date_expiration": "01-11-2026",
      "description": "Antibiotique large spectre",
      "fournisseur_contact": "M. Dupont",
      "fournisseur_email": "sales@globalmed.eu",
      "fournisseur_nom": "GlobalMed Europe",
2026-03-11T17:53:46.659Z | REQUEST  | GET | http://127.0.0.1:5000/api/master/list
2026-03-11T17:53:46.897Z | RESPONSE | GET | http://127.0.0.1:5000/api/master/list | 200 | ok=true | duration_ms=200 | {
  "data": [
    {
      "actif": 1,
      "code_barre": "AMOX500",
      "date_ajout_produit": "19-09-2025",
      "date_approvisionnement": "20-04-2025",
      "date_expiration": "20-04-2026",
      "description": "Antibiotique large spectre",
      "fournisseur_contact": "M. Kabila",
      "fournisseur_email": "contact@pharmadistrib.com",
      "fournisseur_nom": "PharmaDistrib RDC",
      "fournisseur_telephone": "+243900000001",
      "id_fournisseur": 1,
      "id_lot": 7,
      "id_produit": 2,
      "id_utilisateur": 1,
      "image_produit": "amoxicilline.jpg",
      "nom_produit": "Amoxicilline 500mg",
      "prix_achat": "2.30",
      "prix_vente": "5.00",
      "quantite": 26,
      "unite_mesure": null,
      "utilisateur_email": "admin@pharma.com",
      "utilisateur_nom": "Admin Principal"
    },
    {
      "actif": 1,
      "code_barre": "AMOX500",
      "date_ajout_produit": "19-09-2025",
      "date_approvisionnement": "20-04-2025",
      "date_expiration": "01-06-2026",
      "description": "Antibiotique large spectre",
      "fournisseur_contact": "Mme Mwamba",
      "fournisseur_email": "info@medsuppliers.com",
      "fournisseur_nom": "MedSuppliers Congo",
      "fournisseur_telephone": "+243900000002",
      "id_fournisseur": 2,
      "id_lot": 8,
      "id_produit": 2,
      "id_utilisateur": 1,
      "image_produit": "amoxicilline.jpg",
      "nom_produit": "Amoxicilline 500mg",
      "prix_achat": "2.50",
      "prix_vente": "5.00",
      "quantite": 78,
      "unite_mesure": null,
      "utilisateur_email": "admin@pharma.com",
      "utilisateur_nom": "Admin Principal"
    },
    {
      "actif": 1,
      "code_barre": "AMOX500",
      "date_ajout_produit": "19-09-2025",
      "date_approvisionnement": "20-04-2025",
      "date_expiration": "01-11-2026",
      "description": "Antibiotique large spectre",
      "fournisseur_contact": "M. Dupont",
      "fournisseur_email": "sales@globalmed.eu",
      "fournisseur_nom": "GlobalMed Europe",
2026-03-11T17:54:05.358Z | REQUEST  | GET | http://127.0.0.1:5000/api/master/list
2026-03-11T17:54:05.479Z | RESPONSE | GET | http://127.0.0.1:5000/api/master/list | 200 | ok=true | duration_ms=60 | {
  "data": [
    {
      "actif": 1,
      "code_barre": "AMOX500",
      "date_ajout_produit": "19-09-2025",
      "date_approvisionnement": "20-04-2025",
      "date_expiration": "20-04-2026",
      "description": "Antibiotique large spectre",
      "fournisseur_contact": "M. Kabila",
      "fournisseur_email": "contact@pharmadistrib.com",
      "fournisseur_nom": "PharmaDistrib RDC",
      "fournisseur_telephone": "+243900000001",
      "id_fournisseur": 1,
      "id_lot": 7,
      "id_produit": 2,
      "id_utilisateur": 1,
      "image_produit": "amoxicilline.jpg",
      "nom_produit": "Amoxicilline 500mg",
      "prix_achat": "2.30",
      "prix_vente": "5.00",
      "quantite": 26,
      "unite_mesure": null,
      "utilisateur_email": "admin@pharma.com",
      "utilisateur_nom": "Admin Principal"
    },
    {
      "actif": 1,
      "code_barre": "AMOX500",
      "date_ajout_produit": "19-09-2025",
      "date_approvisionnement": "20-04-2025",
      "date_expiration": "01-06-2026",
      "description": "Antibiotique large spectre",
      "fournisseur_contact": "Mme Mwamba",
      "fournisseur_email": "info@medsuppliers.com",
      "fournisseur_nom": "MedSuppliers Congo",
      "fournisseur_telephone": "+243900000002",
      "id_fournisseur": 2,
      "id_lot": 8,
      "id_produit": 2,
      "id_utilisateur": 1,
      "image_produit": "amoxicilline.jpg",
      "nom_produit": "Amoxicilline 500mg",
      "prix_achat": "2.50",
      "prix_vente": "5.00",
      "quantite": 78,
      "unite_mesure": null,
      "utilisateur_email": "admin@pharma.com",
      "utilisateur_nom": "Admin Principal"
    },
    {
      "actif": 1,
      "code_barre": "AMOX500",
      "date_ajout_produit": "19-09-2025",
      "date_approvisionnement": "20-04-2025",
      "date_expiration": "01-11-2026",
      "description": "Antibiotique large spectre",
      "fournisseur_contact": "M. Dupont",
      "fournisseur_email": "sales@globalmed.eu",
      "fournisseur_nom": "GlobalMed Europe",
2026-03-11T17:54:22.665Z | REQUEST  | GET | http://127.0.0.1:5000/api/master/list
2026-03-11T17:54:22.991Z | RESPONSE | GET | http://127.0.0.1:5000/api/master/list | 200 | ok=true | duration_ms=260 | {
  "data": [
    {
      "actif": 1,
      "code_barre": "AMOX500",
      "date_ajout_produit": "19-09-2025",
      "date_approvisionnement": "20-04-2025",
      "date_expiration": "20-04-2026",
      "description": "Antibiotique large spectre",
      "fournisseur_contact": "M. Kabila",
      "fournisseur_email": "contact@pharmadistrib.com",
      "fournisseur_nom": "PharmaDistrib RDC",
      "fournisseur_telephone": "+243900000001",
      "id_fournisseur": 1,
      "id_lot": 7,
      "id_produit": 2,
      "id_utilisateur": 1,
      "image_produit": "amoxicilline.jpg",
      "nom_produit": "Amoxicilline 500mg",
      "prix_achat": "2.30",
      "prix_vente": "5.00",
      "quantite": 26,
      "unite_mesure": null,
      "utilisateur_email": "admin@pharma.com",
      "utilisateur_nom": "Admin Principal"
    },
    {
      "actif": 1,
      "code_barre": "AMOX500",
      "date_ajout_produit": "19-09-2025",
      "date_approvisionnement": "20-04-2025",
      "date_expiration": "01-06-2026",
      "description": "Antibiotique large spectre",
      "fournisseur_contact": "Mme Mwamba",
      "fournisseur_email": "info@medsuppliers.com",
      "fournisseur_nom": "MedSuppliers Congo",
      "fournisseur_telephone": "+243900000002",
      "id_fournisseur": 2,
      "id_lot": 8,
      "id_produit": 2,
      "id_utilisateur": 1,
      "image_produit": "amoxicilline.jpg",
      "nom_produit": "Amoxicilline 500mg",
      "prix_achat": "2.50",
      "prix_vente": "5.00",
      "quantite": 78,
      "unite_mesure": null,
      "utilisateur_email": "admin@pharma.com",
      "utilisateur_nom": "Admin Principal"
    },
    {
      "actif": 1,
      "code_barre": "AMOX500",
      "date_ajout_produit": "19-09-2025",
      "date_approvisionnement": "20-04-2025",
      "date_expiration": "01-11-2026",
      "description": "Antibiotique large spectre",
      "fournisseur_contact": "M. Dupont",
      "fournisseur_email": "sales@globalmed.eu",
      "fournisseur_nom": "GlobalMed Europe",
2026-03-11T17:54:38.581Z | REQUEST  | GET | http://127.0.0.1:5000/api/master/list
2026-03-11T17:54:38.980Z | RESPONSE | GET | http://127.0.0.1:5000/api/master/list | 200 | ok=true | duration_ms=335 | {
  "data": [
    {
      "actif": 1,
      "code_barre": "AMOX500",
      "date_ajout_produit": "19-09-2025",
      "date_approvisionnement": "20-04-2025",
      "date_expiration": "20-04-2026",
      "description": "Antibiotique large spectre",
      "fournisseur_contact": "M. Kabila",
      "fournisseur_email": "contact@pharmadistrib.com",
      "fournisseur_nom": "PharmaDistrib RDC",
      "fournisseur_telephone": "+243900000001",
      "id_fournisseur": 1,
      "id_lot": 7,
      "id_produit": 2,
      "id_utilisateur": 1,
      "image_produit": "amoxicilline.jpg",
      "nom_produit": "Amoxicilline 500mg",
      "prix_achat": "2.30",
      "prix_vente": "5.00",
      "quantite": 26,
      "unite_mesure": null,
      "utilisateur_email": "admin@pharma.com",
      "utilisateur_nom": "Admin Principal"
    },
    {
      "actif": 1,
      "code_barre": "AMOX500",
      "date_ajout_produit": "19-09-2025",
      "date_approvisionnement": "20-04-2025",
      "date_expiration": "01-06-2026",
      "description": "Antibiotique large spectre",
      "fournisseur_contact": "Mme Mwamba",
      "fournisseur_email": "info@medsuppliers.com",
      "fournisseur_nom": "MedSuppliers Congo",
      "fournisseur_telephone": "+243900000002",
      "id_fournisseur": 2,
      "id_lot": 8,
      "id_produit": 2,
      "id_utilisateur": 1,
      "image_produit": "amoxicilline.jpg",
      "nom_produit": "Amoxicilline 500mg",
      "prix_achat": "2.50",
      "prix_vente": "5.00",
      "quantite": 78,
      "unite_mesure": null,
      "utilisateur_email": "admin@pharma.com",
      "utilisateur_nom": "Admin Principal"
    },
    {
      "actif": 1,
      "code_barre": "AMOX500",
      "date_ajout_produit": "19-09-2025",
      "date_approvisionnement": "20-04-2025",
      "date_expiration": "01-11-2026",
      "description": "Antibiotique large spectre",
      "fournisseur_contact": "M. Dupont",
      "fournisseur_email": "sales@globalmed.eu",
      "fournisseur_nom": "GlobalMed Europe",
2026-03-11T17:54:54.596Z | REQUEST  | GET | http://127.0.0.1:5000/api/master/list
2026-03-11T17:54:54.955Z | RESPONSE | GET | http://127.0.0.1:5000/api/master/list | 200 | ok=true | duration_ms=259 | {
  "data": [
    {
      "actif": 1,
      "code_barre": "AMOX500",
      "date_ajout_produit": "19-09-2025",
      "date_approvisionnement": "20-04-2025",
      "date_expiration": "20-04-2026",
      "description": "Antibiotique large spectre",
      "fournisseur_contact": "M. Kabila",
      "fournisseur_email": "contact@pharmadistrib.com",
      "fournisseur_nom": "PharmaDistrib RDC",
      "fournisseur_telephone": "+243900000001",
      "id_fournisseur": 1,
      "id_lot": 7,
      "id_produit": 2,
      "id_utilisateur": 1,
      "image_produit": "amoxicilline.jpg",
      "nom_produit": "Amoxicilline 500mg",
      "prix_achat": "2.30",
      "prix_vente": "5.00",
      "quantite": 26,
      "unite_mesure": null,
      "utilisateur_email": "admin@pharma.com",
      "utilisateur_nom": "Admin Principal"
    },
    {
      "actif": 1,
      "code_barre": "AMOX500",
      "date_ajout_produit": "19-09-2025",
      "date_approvisionnement": "20-04-2025",
      "date_expiration": "01-06-2026",
      "description": "Antibiotique large spectre",
      "fournisseur_contact": "Mme Mwamba",
      "fournisseur_email": "info@medsuppliers.com",
      "fournisseur_nom": "MedSuppliers Congo",
      "fournisseur_telephone": "+243900000002",
      "id_fournisseur": 2,
      "id_lot": 8,
      "id_produit": 2,
      "id_utilisateur": 1,
      "image_produit": "amoxicilline.jpg",
      "nom_produit": "Amoxicilline 500mg",
      "prix_achat": "2.50",
      "prix_vente": "5.00",
      "quantite": 78,
      "unite_mesure": null,
      "utilisateur_email": "admin@pharma.com",
      "utilisateur_nom": "Admin Principal"
    },
    {
      "actif": 1,
      "code_barre": "AMOX500",
      "date_ajout_produit": "19-09-2025",
      "date_approvisionnement": "20-04-2025",
      "date_expiration": "01-11-2026",
      "description": "Antibiotique large spectre",
      "fournisseur_contact": "M. Dupont",
      "fournisseur_email": "sales@globalmed.eu",
      "fournisseur_nom": "GlobalMed Europe",
2026-03-11T17:55:10.607Z | REQUEST  | GET | http://127.0.0.1:5000/api/master/list
2026-03-11T17:55:10.919Z | RESPONSE | GET | http://127.0.0.1:5000/api/master/list | 200 | ok=true | duration_ms=214 | {
  "data": [
    {
      "actif": 1,
      "code_barre": "AMOX500",
      "date_ajout_produit": "19-09-2025",
      "date_approvisionnement": "20-04-2025",
      "date_expiration": "20-04-2026",
      "description": "Antibiotique large spectre",
      "fournisseur_contact": "M. Kabila",
      "fournisseur_email": "contact@pharmadistrib.com",
      "fournisseur_nom": "PharmaDistrib RDC",
      "fournisseur_telephone": "+243900000001",
      "id_fournisseur": 1,
      "id_lot": 7,
      "id_produit": 2,
      "id_utilisateur": 1,
      "image_produit": "amoxicilline.jpg",
      "nom_produit": "Amoxicilline 500mg",
      "prix_achat": "2.30",
      "prix_vente": "5.00",
      "quantite": 26,
      "unite_mesure": null,
      "utilisateur_email": "admin@pharma.com",
      "utilisateur_nom": "Admin Principal"
    },
    {
      "actif": 1,
      "code_barre": "AMOX500",
      "date_ajout_produit": "19-09-2025",
      "date_approvisionnement": "20-04-2025",
      "date_expiration": "01-06-2026",
      "description": "Antibiotique large spectre",
      "fournisseur_contact": "Mme Mwamba",
      "fournisseur_email": "info@medsuppliers.com",
      "fournisseur_nom": "MedSuppliers Congo",
      "fournisseur_telephone": "+243900000002",
      "id_fournisseur": 2,
      "id_lot": 8,
      "id_produit": 2,
      "id_utilisateur": 1,
      "image_produit": "amoxicilline.jpg",
      "nom_produit": "Amoxicilline 500mg",
      "prix_achat": "2.50",
      "prix_vente": "5.00",
      "quantite": 78,
      "unite_mesure": null,
      "utilisateur_email": "admin@pharma.com",
      "utilisateur_nom": "Admin Principal"
    },
    {
      "actif": 1,
      "code_barre": "AMOX500",
      "date_ajout_produit": "19-09-2025",
      "date_approvisionnement": "20-04-2025",
      "date_expiration": "01-11-2026",
      "description": "Antibiotique large spectre",
      "fournisseur_contact": "M. Dupont",
      "fournisseur_email": "sales@globalmed.eu",
      "fournisseur_nom": "GlobalMed Europe",
2026-03-11T17:55:26.698Z | REQUEST  | GET | http://127.0.0.1:5000/api/master/list
2026-03-11T17:55:26.985Z | RESPONSE | GET | http://127.0.0.1:5000/api/master/list | 200 | ok=true | duration_ms=287 | {
  "data": [
    {
      "actif": 1,
      "code_barre": "AMOX500",
      "date_ajout_produit": "19-09-2025",
      "date_approvisionnement": "20-04-2025",
      "date_expiration": "20-04-2026",
      "description": "Antibiotique large spectre",
      "fournisseur_contact": "M. Kabila",
      "fournisseur_email": "contact@pharmadistrib.com",
      "fournisseur_nom": "PharmaDistrib RDC",
      "fournisseur_telephone": "+243900000001",
      "id_fournisseur": 1,
      "id_lot": 7,
      "id_produit": 2,
      "id_utilisateur": 1,
      "image_produit": "amoxicilline.jpg",
      "nom_produit": "Amoxicilline 500mg",
      "prix_achat": "2.30",
      "prix_vente": "5.00",
      "quantite": 26,
      "unite_mesure": null,
      "utilisateur_email": "admin@pharma.com",
      "utilisateur_nom": "Admin Principal"
    },
    {
      "actif": 1,
      "code_barre": "AMOX500",
      "date_ajout_produit": "19-09-2025",
      "date_approvisionnement": "20-04-2025",
      "date_expiration": "01-06-2026",
      "description": "Antibiotique large spectre",
      "fournisseur_contact": "Mme Mwamba",
      "fournisseur_email": "info@medsuppliers.com",
      "fournisseur_nom": "MedSuppliers Congo",
      "fournisseur_telephone": "+243900000002",
      "id_fournisseur": 2,
      "id_lot": 8,
      "id_produit": 2,
      "id_utilisateur": 1,
      "image_produit": "amoxicilline.jpg",
      "nom_produit": "Amoxicilline 500mg",
      "prix_achat": "2.50",
      "prix_vente": "5.00",
      "quantite": 78,
      "unite_mesure": null,
      "utilisateur_email": "admin@pharma.com",
      "utilisateur_nom": "Admin Principal"
    },
    {
      "actif": 1,
      "code_barre": "AMOX500",
      "date_ajout_produit": "19-09-2025",
      "date_approvisionnement": "20-04-2025",
      "date_expiration": "01-11-2026",
      "description": "Antibiotique large spectre",
      "fournisseur_contact": "M. Dupont",
      "fournisseur_email": "sales@globalmed.eu",
      "fournisseur_nom": "GlobalMed Europe",
2026-03-11T17:55:49.974Z | REQUEST  | GET | http://127.0.0.1:5000/api/master/list
2026-03-11T17:55:50.238Z | RESPONSE | GET | http://127.0.0.1:5000/api/master/list | 200 | ok=true | duration_ms=204 | {
  "data": [
    {
      "actif": 1,
      "code_barre": "AMOX500",
      "date_ajout_produit": "19-09-2025",
      "date_approvisionnement": "20-04-2025",
      "date_expiration": "20-04-2026",
      "description": "Antibiotique large spectre",
      "fournisseur_contact": "M. Kabila",
      "fournisseur_email": "contact@pharmadistrib.com",
      "fournisseur_nom": "PharmaDistrib RDC",
      "fournisseur_telephone": "+243900000001",
      "id_fournisseur": 1,
      "id_lot": 7,
      "id_produit": 2,
      "id_utilisateur": 1,
      "image_produit": "amoxicilline.jpg",
      "nom_produit": "Amoxicilline 500mg",
      "prix_achat": "2.30",
      "prix_vente": "5.00",
      "quantite": 26,
      "unite_mesure": null,
      "utilisateur_email": "admin@pharma.com",
      "utilisateur_nom": "Admin Principal"
    },
    {
      "actif": 1,
      "code_barre": "AMOX500",
      "date_ajout_produit": "19-09-2025",
      "date_approvisionnement": "20-04-2025",
      "date_expiration": "01-06-2026",
      "description": "Antibiotique large spectre",
      "fournisseur_contact": "Mme Mwamba",
      "fournisseur_email": "info@medsuppliers.com",
      "fournisseur_nom": "MedSuppliers Congo",
      "fournisseur_telephone": "+243900000002",
      "id_fournisseur": 2,
      "id_lot": 8,
      "id_produit": 2,
      "id_utilisateur": 1,
      "image_produit": "amoxicilline.jpg",
      "nom_produit": "Amoxicilline 500mg",
      "prix_achat": "2.50",
      "prix_vente": "5.00",
      "quantite": 78,
      "unite_mesure": null,
      "utilisateur_email": "admin@pharma.com",
      "utilisateur_nom": "Admin Principal"
    },
    {
      "actif": 1,
      "code_barre": "AMOX500",
      "date_ajout_produit": "19-09-2025",
      "date_approvisionnement": "20-04-2025",
      "date_expiration": "01-11-2026",
      "description": "Antibiotique large spectre",
      "fournisseur_contact": "M. Dupont",
      "fournisseur_email": "sales@globalmed.eu",
      "fournisseur_nom": "GlobalMed Europe",
2026-03-11T17:56:06.904Z | REQUEST  | GET | http://127.0.0.1:5000/api/master/list
2026-03-11T17:56:07.272Z | RESPONSE | GET | http://127.0.0.1:5000/api/master/list | 200 | ok=true | duration_ms=324 | {
  "data": [
    {
      "actif": 1,
      "code_barre": "AMOX500",
      "date_ajout_produit": "19-09-2025",
      "date_approvisionnement": "20-04-2025",
      "date_expiration": "20-04-2026",
      "description": "Antibiotique large spectre",
      "fournisseur_contact": "M. Kabila",
      "fournisseur_email": "contact@pharmadistrib.com",
      "fournisseur_nom": "PharmaDistrib RDC",
      "fournisseur_telephone": "+243900000001",
      "id_fournisseur": 1,
      "id_lot": 7,
      "id_produit": 2,
      "id_utilisateur": 1,
      "image_produit": "amoxicilline.jpg",
      "nom_produit": "Amoxicilline 500mg",
      "prix_achat": "2.30",
      "prix_vente": "5.00",
      "quantite": 26,
      "unite_mesure": null,
      "utilisateur_email": "admin@pharma.com",
      "utilisateur_nom": "Admin Principal"
    },
    {
      "actif": 1,
      "code_barre": "AMOX500",
      "date_ajout_produit": "19-09-2025",
      "date_approvisionnement": "20-04-2025",
      "date_expiration": "01-06-2026",
      "description": "Antibiotique large spectre",
      "fournisseur_contact": "Mme Mwamba",
      "fournisseur_email": "info@medsuppliers.com",
      "fournisseur_nom": "MedSuppliers Congo",
      "fournisseur_telephone": "+243900000002",
      "id_fournisseur": 2,
      "id_lot": 8,
      "id_produit": 2,
      "id_utilisateur": 1,
      "image_produit": "amoxicilline.jpg",
      "nom_produit": "Amoxicilline 500mg",
      "prix_achat": "2.50",
      "prix_vente": "5.00",
      "quantite": 78,
      "unite_mesure": null,
      "utilisateur_email": "admin@pharma.com",
      "utilisateur_nom": "Admin Principal"
    },
    {
      "actif": 1,
      "code_barre": "AMOX500",
      "date_ajout_produit": "19-09-2025",
      "date_approvisionnement": "20-04-2025",
      "date_expiration": "01-11-2026",
      "description": "Antibiotique large spectre",
      "fournisseur_contact": "M. Dupont",
      "fournisseur_email": "sales@globalmed.eu",
      "fournisseur_nom": "GlobalMed Europe",
2026-03-11T17:56:22.727Z | REQUEST  | GET | http://127.0.0.1:5000/api/master/list
2026-03-11T17:56:22.940Z | RESPONSE | GET | http://127.0.0.1:5000/api/master/list | 200 | ok=true | duration_ms=164 | {
  "data": [
    {
      "actif": 1,
      "code_barre": "AMOX500",
      "date_ajout_produit": "19-09-2025",
      "date_approvisionnement": "20-04-2025",
      "date_expiration": "20-04-2026",
      "description": "Antibiotique large spectre",
      "fournisseur_contact": "M. Kabila",
      "fournisseur_email": "contact@pharmadistrib.com",
      "fournisseur_nom": "PharmaDistrib RDC",
      "fournisseur_telephone": "+243900000001",
      "id_fournisseur": 1,
      "id_lot": 7,
      "id_produit": 2,
      "id_utilisateur": 1,
      "image_produit": "amoxicilline.jpg",
      "nom_produit": "Amoxicilline 500mg",
      "prix_achat": "2.30",
      "prix_vente": "5.00",
      "quantite": 26,
      "unite_mesure": null,
      "utilisateur_email": "admin@pharma.com",
      "utilisateur_nom": "Admin Principal"
    },
    {
      "actif": 1,
      "code_barre": "AMOX500",
      "date_ajout_produit": "19-09-2025",
      "date_approvisionnement": "20-04-2025",
      "date_expiration": "01-06-2026",
      "description": "Antibiotique large spectre",
      "fournisseur_contact": "Mme Mwamba",
      "fournisseur_email": "info@medsuppliers.com",
      "fournisseur_nom": "MedSuppliers Congo",
      "fournisseur_telephone": "+243900000002",
      "id_fournisseur": 2,
      "id_lot": 8,
      "id_produit": 2,
      "id_utilisateur": 1,
      "image_produit": "amoxicilline.jpg",
      "nom_produit": "Amoxicilline 500mg",
      "prix_achat": "2.50",
      "prix_vente": "5.00",
      "quantite": 78,
      "unite_mesure": null,
      "utilisateur_email": "admin@pharma.com",
      "utilisateur_nom": "Admin Principal"
    },
    {
      "actif": 1,
      "code_barre": "AMOX500",
      "date_ajout_produit": "19-09-2025",
      "date_approvisionnement": "20-04-2025",
      "date_expiration": "01-11-2026",
      "description": "Antibiotique large spectre",
      "fournisseur_contact": "M. Dupont",
      "fournisseur_email": "sales@globalmed.eu",
      "fournisseur_nom": "GlobalMed Europe",
2026-03-11T17:56:38.850Z | REQUEST  | GET | http://127.0.0.1:5000/api/master/list
2026-03-11T17:56:39.257Z | RESPONSE | GET | http://127.0.0.1:5000/api/master/list | 200 | ok=true | duration_ms=318 | {
  "data": [
    {
      "actif": 1,
      "code_barre": "AMOX500",
      "date_ajout_produit": "19-09-2025",
      "date_approvisionnement": "20-04-2025",
      "date_expiration": "20-04-2026",
      "description": "Antibiotique large spectre",
      "fournisseur_contact": "M. Kabila",
      "fournisseur_email": "contact@pharmadistrib.com",
      "fournisseur_nom": "PharmaDistrib RDC",
      "fournisseur_telephone": "+243900000001",
      "id_fournisseur": 1,
      "id_lot": 7,
      "id_produit": 2,
      "id_utilisateur": 1,
      "image_produit": "amoxicilline.jpg",
      "nom_produit": "Amoxicilline 500mg",
      "prix_achat": "2.30",
      "prix_vente": "5.00",
      "quantite": 26,
      "unite_mesure": null,
      "utilisateur_email": "admin@pharma.com",
      "utilisateur_nom": "Admin Principal"
    },
    {
      "actif": 1,
      "code_barre": "AMOX500",
      "date_ajout_produit": "19-09-2025",
      "date_approvisionnement": "20-04-2025",
      "date_expiration": "01-06-2026",
      "description": "Antibiotique large spectre",
      "fournisseur_contact": "Mme Mwamba",
      "fournisseur_email": "info@medsuppliers.com",
      "fournisseur_nom": "MedSuppliers Congo",
      "fournisseur_telephone": "+243900000002",
      "id_fournisseur": 2,
      "id_lot": 8,
      "id_produit": 2,
      "id_utilisateur": 1,
      "image_produit": "amoxicilline.jpg",
      "nom_produit": "Amoxicilline 500mg",
      "prix_achat": "2.50",
      "prix_vente": "5.00",
      "quantite": 78,
      "unite_mesure": null,
      "utilisateur_email": "admin@pharma.com",
      "utilisateur_nom": "Admin Principal"
    },
    {
      "actif": 1,
      "code_barre": "AMOX500",
      "date_ajout_produit": "19-09-2025",
      "date_approvisionnement": "20-04-2025",
      "date_expiration": "01-11-2026",
      "description": "Antibiotique large spectre",
      "fournisseur_contact": "M. Dupont",
      "fournisseur_email": "sales@globalmed.eu",
      "fournisseur_nom": "GlobalMed Europe",
2026-03-11T17:56:54.559Z | REQUEST  | GET | http://127.0.0.1:5000/api/master/list
2026-03-11T17:56:54.866Z | RESPONSE | GET | http://127.0.0.1:5000/api/master/list | 200 | ok=true | duration_ms=225 | {
  "data": [
    {
      "actif": 1,
      "code_barre": "AMOX500",
      "date_ajout_produit": "19-09-2025",
      "date_approvisionnement": "20-04-2025",
      "date_expiration": "20-04-2026",
      "description": "Antibiotique large spectre",
      "fournisseur_contact": "M. Kabila",
      "fournisseur_email": "contact@pharmadistrib.com",
      "fournisseur_nom": "PharmaDistrib RDC",
      "fournisseur_telephone": "+243900000001",
      "id_fournisseur": 1,
      "id_lot": 7,
      "id_produit": 2,
      "id_utilisateur": 1,
      "image_produit": "amoxicilline.jpg",
      "nom_produit": "Amoxicilline 500mg",
      "prix_achat": "2.30",
      "prix_vente": "5.00",
      "quantite": 26,
      "unite_mesure": null,
      "utilisateur_email": "admin@pharma.com",
      "utilisateur_nom": "Admin Principal"
    },
    {
      "actif": 1,
      "code_barre": "AMOX500",
      "date_ajout_produit": "19-09-2025",
      "date_approvisionnement": "20-04-2025",
      "date_expiration": "01-06-2026",
      "description": "Antibiotique large spectre",
      "fournisseur_contact": "Mme Mwamba",
      "fournisseur_email": "info@medsuppliers.com",
      "fournisseur_nom": "MedSuppliers Congo",
      "fournisseur_telephone": "+243900000002",
      "id_fournisseur": 2,
      "id_lot": 8,
      "id_produit": 2,
      "id_utilisateur": 1,
      "image_produit": "amoxicilline.jpg",
      "nom_produit": "Amoxicilline 500mg",
      "prix_achat": "2.50",
      "prix_vente": "5.00",
      "quantite": 78,
      "unite_mesure": null,
      "utilisateur_email": "admin@pharma.com",
      "utilisateur_nom": "Admin Principal"
    },
    {
      "actif": 1,
      "code_barre": "AMOX500",
      "date_ajout_produit": "19-09-2025",
      "date_approvisionnement": "20-04-2025",
      "date_expiration": "01-11-2026",
      "description": "Antibiotique large spectre",
      "fournisseur_contact": "M. Dupont",
      "fournisseur_email": "sales@globalmed.eu",
      "fournisseur_nom": "GlobalMed Europe",
2026-03-11T17:57:10.674Z | REQUEST  | GET | http://127.0.0.1:5000/api/master/list
2026-03-11T17:57:11.412Z | RESPONSE | GET | http://127.0.0.1:5000/api/master/list | 200 | ok=true | duration_ms=287 | {
  "data": [
    {
      "actif": 1,
      "code_barre": "AMOX500",
      "date_ajout_produit": "19-09-2025",
      "date_approvisionnement": "20-04-2025",
      "date_expiration": "20-04-2026",
      "description": "Antibiotique large spectre",
      "fournisseur_contact": "M. Kabila",
      "fournisseur_email": "contact@pharmadistrib.com",
      "fournisseur_nom": "PharmaDistrib RDC",
      "fournisseur_telephone": "+243900000001",
      "id_fournisseur": 1,
      "id_lot": 7,
      "id_produit": 2,
      "id_utilisateur": 1,
      "image_produit": "amoxicilline.jpg",
      "nom_produit": "Amoxicilline 500mg",
      "prix_achat": "2.30",
      "prix_vente": "5.00",
      "quantite": 26,
      "unite_mesure": null,
      "utilisateur_email": "admin@pharma.com",
      "utilisateur_nom": "Admin Principal"
    },
    {
      "actif": 1,
      "code_barre": "AMOX500",
      "date_ajout_produit": "19-09-2025",
      "date_approvisionnement": "20-04-2025",
      "date_expiration": "01-06-2026",
      "description": "Antibiotique large spectre",
      "fournisseur_contact": "Mme Mwamba",
      "fournisseur_email": "info@medsuppliers.com",
      "fournisseur_nom": "MedSuppliers Congo",
      "fournisseur_telephone": "+243900000002",
      "id_fournisseur": 2,
      "id_lot": 8,
      "id_produit": 2,
      "id_utilisateur": 1,
      "image_produit": "amoxicilline.jpg",
      "nom_produit": "Amoxicilline 500mg",
      "prix_achat": "2.50",
      "prix_vente": "5.00",
      "quantite": 78,
      "unite_mesure": null,
      "utilisateur_email": "admin@pharma.com",
      "utilisateur_nom": "Admin Principal"
    },
    {
      "actif": 1,
      "code_barre": "AMOX500",
      "date_ajout_produit": "19-09-2025",
      "date_approvisionnement": "20-04-2025",
      "date_expiration": "01-11-2026",
      "description": "Antibiotique large spectre",
      "fournisseur_contact": "M. Dupont",
      "fournisseur_email": "sales@globalmed.eu",
      "fournisseur_nom": "GlobalMed Europe",
2026-03-11T17:57:27.122Z | REQUEST  | GET | http://127.0.0.1:5000/api/master/list
2026-03-11T17:57:28.034Z | RESPONSE | GET | http://127.0.0.1:5000/api/master/list | 200 | ok=true | duration_ms=877 | {
  "data": [
    {
      "actif": 1,
      "code_barre": "AMOX500",
      "date_ajout_produit": "19-09-2025",
      "date_approvisionnement": "20-04-2025",
      "date_expiration": "20-04-2026",
      "description": "Antibiotique large spectre",
      "fournisseur_contact": "M. Kabila",
      "fournisseur_email": "contact@pharmadistrib.com",
      "fournisseur_nom": "PharmaDistrib RDC",
      "fournisseur_telephone": "+243900000001",
      "id_fournisseur": 1,
      "id_lot": 7,
      "id_produit": 2,
      "id_utilisateur": 1,
      "image_produit": "amoxicilline.jpg",
      "nom_produit": "Amoxicilline 500mg",
      "prix_achat": "2.30",
      "prix_vente": "5.00",
      "quantite": 26,
      "unite_mesure": null,
      "utilisateur_email": "admin@pharma.com",
      "utilisateur_nom": "Admin Principal"
    },
    {
      "actif": 1,
      "code_barre": "AMOX500",
      "date_ajout_produit": "19-09-2025",
      "date_approvisionnement": "20-04-2025",
      "date_expiration": "01-06-2026",
      "description": "Antibiotique large spectre",
      "fournisseur_contact": "Mme Mwamba",
      "fournisseur_email": "info@medsuppliers.com",
      "fournisseur_nom": "MedSuppliers Congo",
      "fournisseur_telephone": "+243900000002",
      "id_fournisseur": 2,
      "id_lot": 8,
      "id_produit": 2,
      "id_utilisateur": 1,
      "image_produit": "amoxicilline.jpg",
      "nom_produit": "Amoxicilline 500mg",
      "prix_achat": "2.50",
      "prix_vente": "5.00",
      "quantite": 78,
      "unite_mesure": null,
      "utilisateur_email": "admin@pharma.com",
      "utilisateur_nom": "Admin Principal"
    },
    {
      "actif": 1,
      "code_barre": "AMOX500",
      "date_ajout_produit": "19-09-2025",
      "date_approvisionnement": "20-04-2025",
      "date_expiration": "01-11-2026",
      "description": "Antibiotique large spectre",
      "fournisseur_contact": "M. Dupont",
      "fournisseur_email": "sales@globalmed.eu",
      "fournisseur_nom": "GlobalMed Europe",
2026-03-11T17:58:14.370Z | REQUEST  | GET | http://127.0.0.1:5000/api/master/list
2026-03-11T17:58:14.760Z | RESPONSE | GET | http://127.0.0.1:5000/api/master/list | 200 | ok=true | duration_ms=302 | {
  "data": [
    {
      "actif": 1,
      "code_barre": "AMOX500",
      "date_ajout_produit": "19-09-2025",
      "date_approvisionnement": "20-04-2025",
      "date_expiration": "20-04-2026",
      "description": "Antibiotique large spectre",
      "fournisseur_contact": "M. Kabila",
      "fournisseur_email": "contact@pharmadistrib.com",
      "fournisseur_nom": "PharmaDistrib RDC",
      "fournisseur_telephone": "+243900000001",
      "id_fournisseur": 1,
      "id_lot": 7,
      "id_produit": 2,
      "id_utilisateur": 1,
      "image_produit": "amoxicilline.jpg",
      "nom_produit": "Amoxicilline 500mg",
      "prix_achat": "2.30",
      "prix_vente": "5.00",
      "quantite": 26,
      "unite_mesure": null,
      "utilisateur_email": "admin@pharma.com",
      "utilisateur_nom": "Admin Principal"
    },
    {
      "actif": 1,
      "code_barre": "AMOX500",
      "date_ajout_produit": "19-09-2025",
      "date_approvisionnement": "20-04-2025",
      "date_expiration": "01-06-2026",
      "description": "Antibiotique large spectre",
      "fournisseur_contact": "Mme Mwamba",
      "fournisseur_email": "info@medsuppliers.com",
      "fournisseur_nom": "MedSuppliers Congo",
      "fournisseur_telephone": "+243900000002",
      "id_fournisseur": 2,
      "id_lot": 8,
      "id_produit": 2,
      "id_utilisateur": 1,
      "image_produit": "amoxicilline.jpg",
      "nom_produit": "Amoxicilline 500mg",
      "prix_achat": "2.50",
      "prix_vente": "5.00",
      "quantite": 78,
      "unite_mesure": null,
      "utilisateur_email": "admin@pharma.com",
      "utilisateur_nom": "Admin Principal"
    },
    {
      "actif": 1,
      "code_barre": "AMOX500",
      "date_ajout_produit": "19-09-2025",
      "date_approvisionnement": "20-04-2025",
      "date_expiration": "01-11-2026",
      "description": "Antibiotique large spectre",
      "fournisseur_contact": "M. Dupont",
      "fournisseur_email": "sales@globalmed.eu",
      "fournisseur_nom": "GlobalMed Europe",
2026-03-11T17:58:33.853Z | REQUEST  | GET | http://127.0.0.1:5000/api/master/list
2026-03-11T17:58:34.140Z | RESPONSE | GET | http://127.0.0.1:5000/api/master/list | 200 | ok=true | duration_ms=257 | {
  "data": [
    {
      "actif": 1,
      "code_barre": "AMOX500",
      "date_ajout_produit": "19-09-2025",
      "date_approvisionnement": "20-04-2025",
      "date_expiration": "20-04-2026",
      "description": "Antibiotique large spectre",
      "fournisseur_contact": "M. Kabila",
      "fournisseur_email": "contact@pharmadistrib.com",
      "fournisseur_nom": "PharmaDistrib RDC",
      "fournisseur_telephone": "+243900000001",
      "id_fournisseur": 1,
      "id_lot": 7,
      "id_produit": 2,
      "id_utilisateur": 1,
      "image_produit": "amoxicilline.jpg",
      "nom_produit": "Amoxicilline 500mg",
      "prix_achat": "2.30",
      "prix_vente": "5.00",
      "quantite": 26,
      "unite_mesure": null,
      "utilisateur_email": "admin@pharma.com",
      "utilisateur_nom": "Admin Principal"
    },
    {
      "actif": 1,
      "code_barre": "AMOX500",
      "date_ajout_produit": "19-09-2025",
      "date_approvisionnement": "20-04-2025",
      "date_expiration": "01-06-2026",
      "description": "Antibiotique large spectre",
      "fournisseur_contact": "Mme Mwamba",
      "fournisseur_email": "info@medsuppliers.com",
      "fournisseur_nom": "MedSuppliers Congo",
      "fournisseur_telephone": "+243900000002",
      "id_fournisseur": 2,
      "id_lot": 8,
      "id_produit": 2,
      "id_utilisateur": 1,
      "image_produit": "amoxicilline.jpg",
      "nom_produit": "Amoxicilline 500mg",
      "prix_achat": "2.50",
      "prix_vente": "5.00",
      "quantite": 78,
      "unite_mesure": null,
      "utilisateur_email": "admin@pharma.com",
      "utilisateur_nom": "Admin Principal"
    },
    {
      "actif": 1,
      "code_barre": "AMOX500",
      "date_ajout_produit": "19-09-2025",
      "date_approvisionnement": "20-04-2025",
      "date_expiration": "01-11-2026",
      "description": "Antibiotique large spectre",
      "fournisseur_contact": "M. Dupont",
      "fournisseur_email": "sales@globalmed.eu",
      "fournisseur_nom": "GlobalMed Europe",
2026-03-11T17:58:58.544Z | REQUEST  | GET | http://127.0.0.1:5000/api/master/list
2026-03-11T17:58:58.805Z | RESPONSE | GET | http://127.0.0.1:5000/api/master/list | 200 | ok=true | duration_ms=223 | {
  "data": [
    {
      "actif": 1,
      "code_barre": "AMOX500",
      "date_ajout_produit": "19-09-2025",
      "date_approvisionnement": "20-04-2025",
      "date_expiration": "20-04-2026",
      "description": "Antibiotique large spectre",
      "fournisseur_contact": "M. Kabila",
      "fournisseur_email": "contact@pharmadistrib.com",
      "fournisseur_nom": "PharmaDistrib RDC",
      "fournisseur_telephone": "+243900000001",
      "id_fournisseur": 1,
      "id_lot": 7,
      "id_produit": 2,
      "id_utilisateur": 1,
      "image_produit": "amoxicilline.jpg",
      "nom_produit": "Amoxicilline 500mg",
      "prix_achat": "2.30",
      "prix_vente": "5.00",
      "quantite": 26,
      "unite_mesure": null,
      "utilisateur_email": "admin@pharma.com",
      "utilisateur_nom": "Admin Principal"
    },
    {
      "actif": 1,
      "code_barre": "AMOX500",
      "date_ajout_produit": "19-09-2025",
      "date_approvisionnement": "20-04-2025",
      "date_expiration": "01-06-2026",
      "description": "Antibiotique large spectre",
      "fournisseur_contact": "Mme Mwamba",
      "fournisseur_email": "info@medsuppliers.com",
      "fournisseur_nom": "MedSuppliers Congo",
      "fournisseur_telephone": "+243900000002",
      "id_fournisseur": 2,
      "id_lot": 8,
      "id_produit": 2,
      "id_utilisateur": 1,
      "image_produit": "amoxicilline.jpg",
      "nom_produit": "Amoxicilline 500mg",
      "prix_achat": "2.50",
      "prix_vente": "5.00",
      "quantite": 78,
      "unite_mesure": null,
      "utilisateur_email": "admin@pharma.com",
      "utilisateur_nom": "Admin Principal"
    },
    {
      "actif": 1,
      "code_barre": "AMOX500",
      "date_ajout_produit": "19-09-2025",
      "date_approvisionnement": "20-04-2025",
      "date_expiration": "01-11-2026",
      "description": "Antibiotique large spectre",
      "fournisseur_contact": "M. Dupont",
      "fournisseur_email": "sales@globalmed.eu",
      "fournisseur_nom": "GlobalMed Europe",
2026-03-11T17:59:15.305Z | REQUEST  | GET | http://127.0.0.1:5000/api/master/list
2026-03-11T17:59:15.941Z | RESPONSE | GET | http://127.0.0.1:5000/api/master/list | 200 | ok=true | duration_ms=553 | {
  "data": [
    {
      "actif": 1,
      "code_barre": "AMOX500",
      "date_ajout_produit": "19-09-2025",
      "date_approvisionnement": "20-04-2025",
      "date_expiration": "20-04-2026",
      "description": "Antibiotique large spectre",
      "fournisseur_contact": "M. Kabila",
      "fournisseur_email": "contact@pharmadistrib.com",
      "fournisseur_nom": "PharmaDistrib RDC",
      "fournisseur_telephone": "+243900000001",
      "id_fournisseur": 1,
      "id_lot": 7,
      "id_produit": 2,
      "id_utilisateur": 1,
      "image_produit": "amoxicilline.jpg",
      "nom_produit": "Amoxicilline 500mg",
      "prix_achat": "2.30",
      "prix_vente": "5.00",
      "quantite": 26,
      "unite_mesure": null,
      "utilisateur_email": "admin@pharma.com",
      "utilisateur_nom": "Admin Principal"
    },
    {
      "actif": 1,
      "code_barre": "AMOX500",
      "date_ajout_produit": "19-09-2025",
      "date_approvisionnement": "20-04-2025",
      "date_expiration": "01-06-2026",
      "description": "Antibiotique large spectre",
      "fournisseur_contact": "Mme Mwamba",
      "fournisseur_email": "info@medsuppliers.com",
      "fournisseur_nom": "MedSuppliers Congo",
      "fournisseur_telephone": "+243900000002",
      "id_fournisseur": 2,
      "id_lot": 8,
      "id_produit": 2,
      "id_utilisateur": 1,
      "image_produit": "amoxicilline.jpg",
      "nom_produit": "Amoxicilline 500mg",
      "prix_achat": "2.50",
      "prix_vente": "5.00",
      "quantite": 78,
      "unite_mesure": null,
      "utilisateur_email": "admin@pharma.com",
      "utilisateur_nom": "Admin Principal"
    },
    {
      "actif": 1,
      "code_barre": "AMOX500",
      "date_ajout_produit": "19-09-2025",
      "date_approvisionnement": "20-04-2025",
      "date_expiration": "01-11-2026",
      "description": "Antibiotique large spectre",
      "fournisseur_contact": "M. Dupont",
      "fournisseur_email": "sales@globalmed.eu",
      "fournisseur_nom": "GlobalMed Europe",
2026-03-11T17:59:31.673Z | REQUEST  | GET | http://127.0.0.1:5000/api/master/list
2026-03-11T17:59:31.765Z | RESPONSE | GET | http://127.0.0.1:5000/api/master/list | 200 | ok=true | duration_ms=36 | {
  "data": [
    {
      "actif": 1,
      "code_barre": "AMOX500",
      "date_ajout_produit": "19-09-2025",
      "date_approvisionnement": "20-04-2025",
      "date_expiration": "20-04-2026",
      "description": "Antibiotique large spectre",
      "fournisseur_contact": "M. Kabila",
      "fournisseur_email": "contact@pharmadistrib.com",
      "fournisseur_nom": "PharmaDistrib RDC",
      "fournisseur_telephone": "+243900000001",
      "id_fournisseur": 1,
      "id_lot": 7,
      "id_produit": 2,
      "id_utilisateur": 1,
      "image_produit": "amoxicilline.jpg",
      "nom_produit": "Amoxicilline 500mg",
      "prix_achat": "2.30",
      "prix_vente": "5.00",
      "quantite": 26,
      "unite_mesure": null,
      "utilisateur_email": "admin@pharma.com",
      "utilisateur_nom": "Admin Principal"
    },
    {
      "actif": 1,
      "code_barre": "AMOX500",
      "date_ajout_produit": "19-09-2025",
      "date_approvisionnement": "20-04-2025",
      "date_expiration": "01-06-2026",
      "description": "Antibiotique large spectre",
      "fournisseur_contact": "Mme Mwamba",
      "fournisseur_email": "info@medsuppliers.com",
      "fournisseur_nom": "MedSuppliers Congo",
      "fournisseur_telephone": "+243900000002",
      "id_fournisseur": 2,
      "id_lot": 8,
      "id_produit": 2,
      "id_utilisateur": 1,
      "image_produit": "amoxicilline.jpg",
      "nom_produit": "Amoxicilline 500mg",
      "prix_achat": "2.50",
      "prix_vente": "5.00",
      "quantite": 78,
      "unite_mesure": null,
      "utilisateur_email": "admin@pharma.com",
      "utilisateur_nom": "Admin Principal"
    },
    {
      "actif": 1,
      "code_barre": "AMOX500",
      "date_ajout_produit": "19-09-2025",
      "date_approvisionnement": "20-04-2025",
      "date_expiration": "01-11-2026",
      "description": "Antibiotique large spectre",
      "fournisseur_contact": "M. Dupont",
      "fournisseur_email": "sales@globalmed.eu",
      "fournisseur_nom": "GlobalMed Europe",
2026-03-11T17:59:56.701Z | REQUEST  | GET | http://127.0.0.1:5000/api/master/list
2026-03-11T17:59:57.133Z | RESPONSE | GET | http://127.0.0.1:5000/api/master/list | 200 | ok=true | duration_ms=335 | {
  "data": [
    {
      "actif": 1,
      "code_barre": "AMOX500",
      "date_ajout_produit": "19-09-2025",
      "date_approvisionnement": "20-04-2025",
      "date_expiration": "20-04-2026",
      "description": "Antibiotique large spectre",
      "fournisseur_contact": "M. Kabila",
      "fournisseur_email": "contact@pharmadistrib.com",
      "fournisseur_nom": "PharmaDistrib RDC",
      "fournisseur_telephone": "+243900000001",
      "id_fournisseur": 1,
      "id_lot": 7,
      "id_produit": 2,
      "id_utilisateur": 1,
      "image_produit": "amoxicilline.jpg",
      "nom_produit": "Amoxicilline 500mg",
      "prix_achat": "2.30",
      "prix_vente": "5.00",
      "quantite": 26,
      "unite_mesure": null,
      "utilisateur_email": "admin@pharma.com",
      "utilisateur_nom": "Admin Principal"
    },
    {
      "actif": 1,
      "code_barre": "AMOX500",
      "date_ajout_produit": "19-09-2025",
      "date_approvisionnement": "20-04-2025",
      "date_expiration": "01-06-2026",
      "description": "Antibiotique large spectre",
      "fournisseur_contact": "Mme Mwamba",
      "fournisseur_email": "info@medsuppliers.com",
      "fournisseur_nom": "MedSuppliers Congo",
      "fournisseur_telephone": "+243900000002",
      "id_fournisseur": 2,
      "id_lot": 8,
      "id_produit": 2,
      "id_utilisateur": 1,
      "image_produit": "amoxicilline.jpg",
      "nom_produit": "Amoxicilline 500mg",
      "prix_achat": "2.50",
      "prix_vente": "5.00",
      "quantite": 78,
      "unite_mesure": null,
      "utilisateur_email": "admin@pharma.com",
      "utilisateur_nom": "Admin Principal"
    },
    {
      "actif": 1,
      "code_barre": "AMOX500",
      "date_ajout_produit": "19-09-2025",
      "date_approvisionnement": "20-04-2025",
      "date_expiration": "01-11-2026",
      "description": "Antibiotique large spectre",
      "fournisseur_contact": "M. Dupont",
      "fournisseur_email": "sales@globalmed.eu",
      "fournisseur_nom": "GlobalMed Europe",
2026-03-11T18:00:13.967Z | REQUEST  | GET | http://127.0.0.1:5000/api/master/list
2026-03-11T18:00:14.145Z | RESPONSE | GET | http://127.0.0.1:5000/api/master/list | 200 | ok=true | duration_ms=157 | {
  "data": [
    {
      "actif": 1,
      "code_barre": "AMOX500",
      "date_ajout_produit": "19-09-2025",
      "date_approvisionnement": "20-04-2025",
      "date_expiration": "20-04-2026",
      "description": "Antibiotique large spectre",
      "fournisseur_contact": "M. Kabila",
      "fournisseur_email": "contact@pharmadistrib.com",
      "fournisseur_nom": "PharmaDistrib RDC",
      "fournisseur_telephone": "+243900000001",
      "id_fournisseur": 1,
      "id_lot": 7,
      "id_produit": 2,
      "id_utilisateur": 1,
      "image_produit": "amoxicilline.jpg",
      "nom_produit": "Amoxicilline 500mg",
      "prix_achat": "2.30",
      "prix_vente": "5.00",
      "quantite": 26,
      "unite_mesure": null,
      "utilisateur_email": "admin@pharma.com",
      "utilisateur_nom": "Admin Principal"
    },
    {
      "actif": 1,
      "code_barre": "AMOX500",
      "date_ajout_produit": "19-09-2025",
      "date_approvisionnement": "20-04-2025",
      "date_expiration": "01-06-2026",
      "description": "Antibiotique large spectre",
      "fournisseur_contact": "Mme Mwamba",
      "fournisseur_email": "info@medsuppliers.com",
      "fournisseur_nom": "MedSuppliers Congo",
      "fournisseur_telephone": "+243900000002",
      "id_fournisseur": 2,
      "id_lot": 8,
      "id_produit": 2,
      "id_utilisateur": 1,
      "image_produit": "amoxicilline.jpg",
      "nom_produit": "Amoxicilline 500mg",
      "prix_achat": "2.50",
      "prix_vente": "5.00",
      "quantite": 78,
      "unite_mesure": null,
      "utilisateur_email": "admin@pharma.com",
      "utilisateur_nom": "Admin Principal"
    },
    {
      "actif": 1,
      "code_barre": "AMOX500",
      "date_ajout_produit": "19-09-2025",
      "date_approvisionnement": "20-04-2025",
      "date_expiration": "01-11-2026",
      "description": "Antibiotique large spectre",
      "fournisseur_contact": "M. Dupont",
      "fournisseur_email": "sales@globalmed.eu",
      "fournisseur_nom": "GlobalMed Europe",
2026-03-11T18:00:30.960Z | REQUEST  | GET | http://127.0.0.1:5000/api/master/list
2026-03-11T18:00:31.248Z | RESPONSE | GET | http://127.0.0.1:5000/api/master/list | 200 | ok=true | duration_ms=233 | {
  "data": [
    {
      "actif": 1,
      "code_barre": "AMOX500",
      "date_ajout_produit": "19-09-2025",
      "date_approvisionnement": "20-04-2025",
      "date_expiration": "20-04-2026",
      "description": "Antibiotique large spectre",
      "fournisseur_contact": "M. Kabila",
      "fournisseur_email": "contact@pharmadistrib.com",
      "fournisseur_nom": "PharmaDistrib RDC",
      "fournisseur_telephone": "+243900000001",
      "id_fournisseur": 1,
      "id_lot": 7,
      "id_produit": 2,
      "id_utilisateur": 1,
      "image_produit": "amoxicilline.jpg",
      "nom_produit": "Amoxicilline 500mg",
      "prix_achat": "2.30",
      "prix_vente": "5.00",
      "quantite": 26,
      "unite_mesure": null,
      "utilisateur_email": "admin@pharma.com",
      "utilisateur_nom": "Admin Principal"
    },
    {
      "actif": 1,
      "code_barre": "AMOX500",
      "date_ajout_produit": "19-09-2025",
      "date_approvisionnement": "20-04-2025",
      "date_expiration": "01-06-2026",
      "description": "Antibiotique large spectre",
      "fournisseur_contact": "Mme Mwamba",
      "fournisseur_email": "info@medsuppliers.com",
      "fournisseur_nom": "MedSuppliers Congo",
      "fournisseur_telephone": "+243900000002",
      "id_fournisseur": 2,
      "id_lot": 8,
      "id_produit": 2,
      "id_utilisateur": 1,
      "image_produit": "amoxicilline.jpg",
      "nom_produit": "Amoxicilline 500mg",
      "prix_achat": "2.50",
      "prix_vente": "5.00",
      "quantite": 78,
      "unite_mesure": null,
      "utilisateur_email": "admin@pharma.com",
      "utilisateur_nom": "Admin Principal"
    },
    {
      "actif": 1,
      "code_barre": "AMOX500",
      "date_ajout_produit": "19-09-2025",
      "date_approvisionnement": "20-04-2025",
      "date_expiration": "01-11-2026",
      "description": "Antibiotique large spectre",
      "fournisseur_contact": "M. Dupont",
      "fournisseur_email": "sales@globalmed.eu",
      "fournisseur_nom": "GlobalMed Europe",
2026-03-11T18:00:46.580Z | REQUEST  | GET | http://127.0.0.1:5000/api/master/list
2026-03-11T18:00:46.793Z | RESPONSE | GET | http://127.0.0.1:5000/api/master/list | 200 | ok=true | duration_ms=174 | {
  "data": [
    {
      "actif": 1,
      "code_barre": "AMOX500",
      "date_ajout_produit": "19-09-2025",
      "date_approvisionnement": "20-04-2025",
      "date_expiration": "20-04-2026",
      "description": "Antibiotique large spectre",
      "fournisseur_contact": "M. Kabila",
      "fournisseur_email": "contact@pharmadistrib.com",
      "fournisseur_nom": "PharmaDistrib RDC",
      "fournisseur_telephone": "+243900000001",
      "id_fournisseur": 1,
      "id_lot": 7,
      "id_produit": 2,
      "id_utilisateur": 1,
      "image_produit": "amoxicilline.jpg",
      "nom_produit": "Amoxicilline 500mg",
      "prix_achat": "2.30",
      "prix_vente": "5.00",
      "quantite": 26,
      "unite_mesure": null,
      "utilisateur_email": "admin@pharma.com",
      "utilisateur_nom": "Admin Principal"
    },
    {
      "actif": 1,
      "code_barre": "AMOX500",
      "date_ajout_produit": "19-09-2025",
      "date_approvisionnement": "20-04-2025",
      "date_expiration": "01-06-2026",
      "description": "Antibiotique large spectre",
      "fournisseur_contact": "Mme Mwamba",
      "fournisseur_email": "info@medsuppliers.com",
      "fournisseur_nom": "MedSuppliers Congo",
      "fournisseur_telephone": "+243900000002",
      "id_fournisseur": 2,
      "id_lot": 8,
      "id_produit": 2,
      "id_utilisateur": 1,
      "image_produit": "amoxicilline.jpg",
      "nom_produit": "Amoxicilline 500mg",
      "prix_achat": "2.50",
      "prix_vente": "5.00",
      "quantite": 78,
      "unite_mesure": null,
      "utilisateur_email": "admin@pharma.com",
      "utilisateur_nom": "Admin Principal"
    },
    {
      "actif": 1,
      "code_barre": "AMOX500",
      "date_ajout_produit": "19-09-2025",
      "date_approvisionnement": "20-04-2025",
      "date_expiration": "01-11-2026",
      "description": "Antibiotique large spectre",
      "fournisseur_contact": "M. Dupont",
      "fournisseur_email": "sales@globalmed.eu",
      "fournisseur_nom": "GlobalMed Europe",
2026-03-11T18:01:02.544Z | REQUEST  | GET | http://127.0.0.1:5000/api/master/list
2026-03-11T18:01:02.772Z | RESPONSE | GET | http://127.0.0.1:5000/api/master/list | 200 | ok=true | duration_ms=184 | {
  "data": [
    {
      "actif": 1,
      "code_barre": "AMOX500",
      "date_ajout_produit": "19-09-2025",
      "date_approvisionnement": "20-04-2025",
      "date_expiration": "20-04-2026",
      "description": "Antibiotique large spectre",
      "fournisseur_contact": "M. Kabila",
      "fournisseur_email": "contact@pharmadistrib.com",
      "fournisseur_nom": "PharmaDistrib RDC",
      "fournisseur_telephone": "+243900000001",
      "id_fournisseur": 1,
      "id_lot": 7,
      "id_produit": 2,
      "id_utilisateur": 1,
      "image_produit": "amoxicilline.jpg",
      "nom_produit": "Amoxicilline 500mg",
      "prix_achat": "2.30",
      "prix_vente": "5.00",
      "quantite": 26,
      "unite_mesure": null,
      "utilisateur_email": "admin@pharma.com",
      "utilisateur_nom": "Admin Principal"
    },
    {
      "actif": 1,
      "code_barre": "AMOX500",
      "date_ajout_produit": "19-09-2025",
      "date_approvisionnement": "20-04-2025",
      "date_expiration": "01-06-2026",
      "description": "Antibiotique large spectre",
      "fournisseur_contact": "Mme Mwamba",
      "fournisseur_email": "info@medsuppliers.com",
      "fournisseur_nom": "MedSuppliers Congo",
      "fournisseur_telephone": "+243900000002",
      "id_fournisseur": 2,
      "id_lot": 8,
      "id_produit": 2,
      "id_utilisateur": 1,
      "image_produit": "amoxicilline.jpg",
      "nom_produit": "Amoxicilline 500mg",
      "prix_achat": "2.50",
      "prix_vente": "5.00",
      "quantite": 78,
      "unite_mesure": null,
      "utilisateur_email": "admin@pharma.com",
      "utilisateur_nom": "Admin Principal"
    },
    {
      "actif": 1,
      "code_barre": "AMOX500",
      "date_ajout_produit": "19-09-2025",
      "date_approvisionnement": "20-04-2025",
      "date_expiration": "01-11-2026",
      "description": "Antibiotique large spectre",
      "fournisseur_contact": "M. Dupont",
      "fournisseur_email": "sales@globalmed.eu",
      "fournisseur_nom": "GlobalMed Europe",
2026-03-11T18:01:18.573Z | REQUEST  | GET | http://127.0.0.1:5000/api/master/list
2026-03-11T18:01:18.773Z | RESPONSE | GET | http://127.0.0.1:5000/api/master/list | 200 | ok=true | duration_ms=186 | {
  "data": [
    {
      "actif": 1,
      "code_barre": "AMOX500",
      "date_ajout_produit": "19-09-2025",
      "date_approvisionnement": "20-04-2025",
      "date_expiration": "20-04-2026",
      "description": "Antibiotique large spectre",
      "fournisseur_contact": "M. Kabila",
      "fournisseur_email": "contact@pharmadistrib.com",
      "fournisseur_nom": "PharmaDistrib RDC",
      "fournisseur_telephone": "+243900000001",
      "id_fournisseur": 1,
      "id_lot": 7,
      "id_produit": 2,
      "id_utilisateur": 1,
      "image_produit": "amoxicilline.jpg",
      "nom_produit": "Amoxicilline 500mg",
      "prix_achat": "2.30",
      "prix_vente": "5.00",
      "quantite": 26,
      "unite_mesure": null,
      "utilisateur_email": "admin@pharma.com",
      "utilisateur_nom": "Admin Principal"
    },
    {
      "actif": 1,
      "code_barre": "AMOX500",
      "date_ajout_produit": "19-09-2025",
      "date_approvisionnement": "20-04-2025",
      "date_expiration": "01-06-2026",
      "description": "Antibiotique large spectre",
      "fournisseur_contact": "Mme Mwamba",
      "fournisseur_email": "info@medsuppliers.com",
      "fournisseur_nom": "MedSuppliers Congo",
      "fournisseur_telephone": "+243900000002",
      "id_fournisseur": 2,
      "id_lot": 8,
      "id_produit": 2,
      "id_utilisateur": 1,
      "image_produit": "amoxicilline.jpg",
      "nom_produit": "Amoxicilline 500mg",
      "prix_achat": "2.50",
      "prix_vente": "5.00",
      "quantite": 78,
      "unite_mesure": null,
      "utilisateur_email": "admin@pharma.com",
      "utilisateur_nom": "Admin Principal"
    },
    {
      "actif": 1,
      "code_barre": "AMOX500",
      "date_ajout_produit": "19-09-2025",
      "date_approvisionnement": "20-04-2025",
      "date_expiration": "01-11-2026",
      "description": "Antibiotique large spectre",
      "fournisseur_contact": "M. Dupont",
      "fournisseur_email": "sales@globalmed.eu",
      "fournisseur_nom": "GlobalMed Europe",
2026-03-11T18:01:34.549Z | REQUEST  | GET | http://127.0.0.1:5000/api/master/list
2026-03-11T18:01:34.803Z | RESPONSE | GET | http://127.0.0.1:5000/api/master/list | 200 | ok=true | duration_ms=165 | {
  "data": [
    {
      "actif": 1,
      "code_barre": "AMOX500",
      "date_ajout_produit": "19-09-2025",
      "date_approvisionnement": "20-04-2025",
      "date_expiration": "20-04-2026",
      "description": "Antibiotique large spectre",
      "fournisseur_contact": "M. Kabila",
      "fournisseur_email": "contact@pharmadistrib.com",
      "fournisseur_nom": "PharmaDistrib RDC",
      "fournisseur_telephone": "+243900000001",
      "id_fournisseur": 1,
      "id_lot": 7,
      "id_produit": 2,
      "id_utilisateur": 1,
      "image_produit": "amoxicilline.jpg",
      "nom_produit": "Amoxicilline 500mg",
      "prix_achat": "2.30",
      "prix_vente": "5.00",
      "quantite": 26,
      "unite_mesure": null,
      "utilisateur_email": "admin@pharma.com",
      "utilisateur_nom": "Admin Principal"
    },
    {
      "actif": 1,
      "code_barre": "AMOX500",
      "date_ajout_produit": "19-09-2025",
      "date_approvisionnement": "20-04-2025",
      "date_expiration": "01-06-2026",
      "description": "Antibiotique large spectre",
      "fournisseur_contact": "Mme Mwamba",
      "fournisseur_email": "info@medsuppliers.com",
      "fournisseur_nom": "MedSuppliers Congo",
      "fournisseur_telephone": "+243900000002",
      "id_fournisseur": 2,
      "id_lot": 8,
      "id_produit": 2,
      "id_utilisateur": 1,
      "image_produit": "amoxicilline.jpg",
      "nom_produit": "Amoxicilline 500mg",
      "prix_achat": "2.50",
      "prix_vente": "5.00",
      "quantite": 78,
      "unite_mesure": null,
      "utilisateur_email": "admin@pharma.com",
      "utilisateur_nom": "Admin Principal"
    },
    {
      "actif": 1,
      "code_barre": "AMOX500",
      "date_ajout_produit": "19-09-2025",
      "date_approvisionnement": "20-04-2025",
      "date_expiration": "01-11-2026",
      "description": "Antibiotique large spectre",
      "fournisseur_contact": "M. Dupont",
      "fournisseur_email": "sales@globalmed.eu",
      "fournisseur_nom": "GlobalMed Europe",
2026-03-11T18:01:51.868Z | REQUEST  | GET | http://127.0.0.1:5000/api/master/list
2026-03-11T18:01:52.209Z | RESPONSE | GET | http://127.0.0.1:5000/api/master/list | 200 | ok=true | duration_ms=297 | {
  "data": [
    {
      "actif": 1,
      "code_barre": "AMOX500",
      "date_ajout_produit": "19-09-2025",
      "date_approvisionnement": "20-04-2025",
      "date_expiration": "20-04-2026",
      "description": "Antibiotique large spectre",
      "fournisseur_contact": "M. Kabila",
      "fournisseur_email": "contact@pharmadistrib.com",
      "fournisseur_nom": "PharmaDistrib RDC",
      "fournisseur_telephone": "+243900000001",
      "id_fournisseur": 1,
      "id_lot": 7,
      "id_produit": 2,
      "id_utilisateur": 1,
      "image_produit": "amoxicilline.jpg",
      "nom_produit": "Amoxicilline 500mg",
      "prix_achat": "2.30",
      "prix_vente": "5.00",
      "quantite": 26,
      "unite_mesure": null,
      "utilisateur_email": "admin@pharma.com",
      "utilisateur_nom": "Admin Principal"
    },
    {
      "actif": 1,
      "code_barre": "AMOX500",
      "date_ajout_produit": "19-09-2025",
      "date_approvisionnement": "20-04-2025",
      "date_expiration": "01-06-2026",
      "description": "Antibiotique large spectre",
      "fournisseur_contact": "Mme Mwamba",
      "fournisseur_email": "info@medsuppliers.com",
      "fournisseur_nom": "MedSuppliers Congo",
      "fournisseur_telephone": "+243900000002",
      "id_fournisseur": 2,
      "id_lot": 8,
      "id_produit": 2,
      "id_utilisateur": 1,
      "image_produit": "amoxicilline.jpg",
      "nom_produit": "Amoxicilline 500mg",
      "prix_achat": "2.50",
      "prix_vente": "5.00",
      "quantite": 78,
      "unite_mesure": null,
      "utilisateur_email": "admin@pharma.com",
      "utilisateur_nom": "Admin Principal"
    },
    {
      "actif": 1,
      "code_barre": "AMOX500",
      "date_ajout_produit": "19-09-2025",
      "date_approvisionnement": "20-04-2025",
      "date_expiration": "01-11-2026",
      "description": "Antibiotique large spectre",
      "fournisseur_contact": "M. Dupont",
      "fournisseur_email": "sales@globalmed.eu",
      "fournisseur_nom": "GlobalMed Europe",
2026-03-11T18:02:08.888Z | REQUEST  | GET | http://127.0.0.1:5000/api/master/list
2026-03-11T18:02:09.161Z | RESPONSE | GET | http://127.0.0.1:5000/api/master/list | 200 | ok=true | duration_ms=212 | {
  "data": [
    {
      "actif": 1,
      "code_barre": "AMOX500",
      "date_ajout_produit": "19-09-2025",
      "date_approvisionnement": "20-04-2025",
      "date_expiration": "20-04-2026",
      "description": "Antibiotique large spectre",
      "fournisseur_contact": "M. Kabila",
      "fournisseur_email": "contact@pharmadistrib.com",
      "fournisseur_nom": "PharmaDistrib RDC",
      "fournisseur_telephone": "+243900000001",
      "id_fournisseur": 1,
      "id_lot": 7,
      "id_produit": 2,
      "id_utilisateur": 1,
      "image_produit": "amoxicilline.jpg",
      "nom_produit": "Amoxicilline 500mg",
      "prix_achat": "2.30",
      "prix_vente": "5.00",
      "quantite": 26,
      "unite_mesure": null,
      "utilisateur_email": "admin@pharma.com",
      "utilisateur_nom": "Admin Principal"
    },
    {
      "actif": 1,
      "code_barre": "AMOX500",
      "date_ajout_produit": "19-09-2025",
      "date_approvisionnement": "20-04-2025",
      "date_expiration": "01-06-2026",
      "description": "Antibiotique large spectre",
      "fournisseur_contact": "Mme Mwamba",
      "fournisseur_email": "info@medsuppliers.com",
      "fournisseur_nom": "MedSuppliers Congo",
      "fournisseur_telephone": "+243900000002",
      "id_fournisseur": 2,
      "id_lot": 8,
      "id_produit": 2,
      "id_utilisateur": 1,
      "image_produit": "amoxicilline.jpg",
      "nom_produit": "Amoxicilline 500mg",
      "prix_achat": "2.50",
      "prix_vente": "5.00",
      "quantite": 78,
      "unite_mesure": null,
      "utilisateur_email": "admin@pharma.com",
      "utilisateur_nom": "Admin Principal"
    },
    {
      "actif": 1,
      "code_barre": "AMOX500",
      "date_ajout_produit": "19-09-2025",
      "date_approvisionnement": "20-04-2025",
      "date_expiration": "01-11-2026",
      "description": "Antibiotique large spectre",
      "fournisseur_contact": "M. Dupont",
      "fournisseur_email": "sales@globalmed.eu",
      "fournisseur_nom": "GlobalMed Europe",
2026-03-11T18:02:24.594Z | REQUEST  | GET | http://127.0.0.1:5000/api/master/list
2026-03-11T18:02:24.876Z | RESPONSE | GET | http://127.0.0.1:5000/api/master/list | 200 | ok=true | duration_ms=248 | {
  "data": [
    {
      "actif": 1,
      "code_barre": "AMOX500",
      "date_ajout_produit": "19-09-2025",
      "date_approvisionnement": "20-04-2025",
      "date_expiration": "20-04-2026",
      "description": "Antibiotique large spectre",
      "fournisseur_contact": "M. Kabila",
      "fournisseur_email": "contact@pharmadistrib.com",
      "fournisseur_nom": "PharmaDistrib RDC",
      "fournisseur_telephone": "+243900000001",
      "id_fournisseur": 1,
      "id_lot": 7,
      "id_produit": 2,
      "id_utilisateur": 1,
      "image_produit": "amoxicilline.jpg",
      "nom_produit": "Amoxicilline 500mg",
      "prix_achat": "2.30",
      "prix_vente": "5.00",
      "quantite": 26,
      "unite_mesure": null,
      "utilisateur_email": "admin@pharma.com",
      "utilisateur_nom": "Admin Principal"
    },
    {
      "actif": 1,
      "code_barre": "AMOX500",
      "date_ajout_produit": "19-09-2025",
      "date_approvisionnement": "20-04-2025",
      "date_expiration": "01-06-2026",
      "description": "Antibiotique large spectre",
      "fournisseur_contact": "Mme Mwamba",
      "fournisseur_email": "info@medsuppliers.com",
      "fournisseur_nom": "MedSuppliers Congo",
      "fournisseur_telephone": "+243900000002",
      "id_fournisseur": 2,
      "id_lot": 8,
      "id_produit": 2,
      "id_utilisateur": 1,
      "image_produit": "amoxicilline.jpg",
      "nom_produit": "Amoxicilline 500mg",
      "prix_achat": "2.50",
      "prix_vente": "5.00",
      "quantite": 78,
      "unite_mesure": null,
      "utilisateur_email": "admin@pharma.com",
      "utilisateur_nom": "Admin Principal"
    },
    {
      "actif": 1,
      "code_barre": "AMOX500",
      "date_ajout_produit": "19-09-2025",
      "date_approvisionnement": "20-04-2025",
      "date_expiration": "01-11-2026",
      "description": "Antibiotique large spectre",
      "fournisseur_contact": "M. Dupont",
      "fournisseur_email": "sales@globalmed.eu",
      "fournisseur_nom": "GlobalMed Europe",
2026-03-11T18:02:40.575Z | REQUEST  | GET | http://127.0.0.1:5000/api/master/list
2026-03-11T18:02:40.847Z | RESPONSE | GET | http://127.0.0.1:5000/api/master/list | 200 | ok=true | duration_ms=187 | {
  "data": [
    {
      "actif": 1,
      "code_barre": "AMOX500",
      "date_ajout_produit": "19-09-2025",
      "date_approvisionnement": "20-04-2025",
      "date_expiration": "20-04-2026",
      "description": "Antibiotique large spectre",
      "fournisseur_contact": "M. Kabila",
      "fournisseur_email": "contact@pharmadistrib.com",
      "fournisseur_nom": "PharmaDistrib RDC",
      "fournisseur_telephone": "+243900000001",
      "id_fournisseur": 1,
      "id_lot": 7,
      "id_produit": 2,
      "id_utilisateur": 1,
      "image_produit": "amoxicilline.jpg",
      "nom_produit": "Amoxicilline 500mg",
      "prix_achat": "2.30",
      "prix_vente": "5.00",
      "quantite": 26,
      "unite_mesure": null,
      "utilisateur_email": "admin@pharma.com",
      "utilisateur_nom": "Admin Principal"
    },
    {
      "actif": 1,
      "code_barre": "AMOX500",
      "date_ajout_produit": "19-09-2025",
      "date_approvisionnement": "20-04-2025",
      "date_expiration": "01-06-2026",
      "description": "Antibiotique large spectre",
      "fournisseur_contact": "Mme Mwamba",
      "fournisseur_email": "info@medsuppliers.com",
      "fournisseur_nom": "MedSuppliers Congo",
      "fournisseur_telephone": "+243900000002",
      "id_fournisseur": 2,
      "id_lot": 8,
      "id_produit": 2,
      "id_utilisateur": 1,
      "image_produit": "amoxicilline.jpg",
      "nom_produit": "Amoxicilline 500mg",
      "prix_achat": "2.50",
      "prix_vente": "5.00",
      "quantite": 78,
      "unite_mesure": null,
      "utilisateur_email": "admin@pharma.com",
      "utilisateur_nom": "Admin Principal"
    },
    {
      "actif": 1,
      "code_barre": "AMOX500",
      "date_ajout_produit": "19-09-2025",
      "date_approvisionnement": "20-04-2025",
      "date_expiration": "01-11-2026",
      "description": "Antibiotique large spectre",
      "fournisseur_contact": "M. Dupont",
      "fournisseur_email": "sales@globalmed.eu",
      "fournisseur_nom": "GlobalMed Europe",
2026-03-11T18:03:07.466Z | REQUEST  | GET | http://127.0.0.1:5000/api/master/list
2026-03-11T18:03:07.585Z | RESPONSE | GET | http://127.0.0.1:5000/api/master/list | 200 | ok=true | duration_ms=106 | {
  "data": [
    {
      "actif": 1,
      "code_barre": "AMOX500",
      "date_ajout_produit": "19-09-2025",
      "date_approvisionnement": "20-04-2025",
      "date_expiration": "20-04-2026",
      "description": "Antibiotique large spectre",
      "fournisseur_contact": "M. Kabila",
      "fournisseur_email": "contact@pharmadistrib.com",
      "fournisseur_nom": "PharmaDistrib RDC",
      "fournisseur_telephone": "+243900000001",
      "id_fournisseur": 1,
      "id_lot": 7,
      "id_produit": 2,
      "id_utilisateur": 1,
      "image_produit": "amoxicilline.jpg",
      "nom_produit": "Amoxicilline 500mg",
      "prix_achat": "2.30",
      "prix_vente": "5.00",
      "quantite": 26,
      "unite_mesure": null,
      "utilisateur_email": "admin@pharma.com",
      "utilisateur_nom": "Admin Principal"
    },
    {
      "actif": 1,
      "code_barre": "AMOX500",
      "date_ajout_produit": "19-09-2025",
      "date_approvisionnement": "20-04-2025",
      "date_expiration": "01-06-2026",
      "description": "Antibiotique large spectre",
      "fournisseur_contact": "Mme Mwamba",
      "fournisseur_email": "info@medsuppliers.com",
      "fournisseur_nom": "MedSuppliers Congo",
      "fournisseur_telephone": "+243900000002",
      "id_fournisseur": 2,
      "id_lot": 8,
      "id_produit": 2,
      "id_utilisateur": 1,
      "image_produit": "amoxicilline.jpg",
      "nom_produit": "Amoxicilline 500mg",
      "prix_achat": "2.50",
      "prix_vente": "5.00",
      "quantite": 78,
      "unite_mesure": null,
      "utilisateur_email": "admin@pharma.com",
      "utilisateur_nom": "Admin Principal"
    },
    {
      "actif": 1,
      "code_barre": "AMOX500",
      "date_ajout_produit": "19-09-2025",
      "date_approvisionnement": "20-04-2025",
      "date_expiration": "01-11-2026",
      "description": "Antibiotique large spectre",
      "fournisseur_contact": "M. Dupont",
      "fournisseur_email": "sales@globalmed.eu",
      "fournisseur_nom": "GlobalMed Europe",
2026-03-11T18:03:24.671Z | REQUEST  | GET | http://127.0.0.1:5000/api/master/list
2026-03-11T18:03:24.906Z | RESPONSE | GET | http://127.0.0.1:5000/api/master/list | 200 | ok=true | duration_ms=168 | {
  "data": [
    {
      "actif": 1,
      "code_barre": "AMOX500",
      "date_ajout_produit": "19-09-2025",
      "date_approvisionnement": "20-04-2025",
      "date_expiration": "20-04-2026",
      "description": "Antibiotique large spectre",
      "fournisseur_contact": "M. Kabila",
      "fournisseur_email": "contact@pharmadistrib.com",
      "fournisseur_nom": "PharmaDistrib RDC",
      "fournisseur_telephone": "+243900000001",
      "id_fournisseur": 1,
      "id_lot": 7,
      "id_produit": 2,
      "id_utilisateur": 1,
      "image_produit": "amoxicilline.jpg",
      "nom_produit": "Amoxicilline 500mg",
      "prix_achat": "2.30",
      "prix_vente": "5.00",
      "quantite": 26,
      "unite_mesure": null,
      "utilisateur_email": "admin@pharma.com",
      "utilisateur_nom": "Admin Principal"
    },
    {
      "actif": 1,
      "code_barre": "AMOX500",
      "date_ajout_produit": "19-09-2025",
      "date_approvisionnement": "20-04-2025",
      "date_expiration": "01-06-2026",
      "description": "Antibiotique large spectre",
      "fournisseur_contact": "Mme Mwamba",
      "fournisseur_email": "info@medsuppliers.com",
      "fournisseur_nom": "MedSuppliers Congo",
      "fournisseur_telephone": "+243900000002",
      "id_fournisseur": 2,
      "id_lot": 8,
      "id_produit": 2,
      "id_utilisateur": 1,
      "image_produit": "amoxicilline.jpg",
      "nom_produit": "Amoxicilline 500mg",
      "prix_achat": "2.50",
      "prix_vente": "5.00",
      "quantite": 78,
      "unite_mesure": null,
      "utilisateur_email": "admin@pharma.com",
      "utilisateur_nom": "Admin Principal"
    },
    {
      "actif": 1,
      "code_barre": "AMOX500",
      "date_ajout_produit": "19-09-2025",
      "date_approvisionnement": "20-04-2025",
      "date_expiration": "01-11-2026",
      "description": "Antibiotique large spectre",
      "fournisseur_contact": "M. Dupont",
      "fournisseur_email": "sales@globalmed.eu",
      "fournisseur_nom": "GlobalMed Europe",
2026-03-11T18:03:41.691Z | REQUEST  | GET | http://127.0.0.1:5000/api/master/list
2026-03-11T18:03:41.999Z | RESPONSE | GET | http://127.0.0.1:5000/api/master/list | 200 | ok=true | duration_ms=244 | {
  "data": [
    {
      "actif": 1,
      "code_barre": "AMOX500",
      "date_ajout_produit": "19-09-2025",
      "date_approvisionnement": "20-04-2025",
      "date_expiration": "20-04-2026",
      "description": "Antibiotique large spectre",
      "fournisseur_contact": "M. Kabila",
      "fournisseur_email": "contact@pharmadistrib.com",
      "fournisseur_nom": "PharmaDistrib RDC",
      "fournisseur_telephone": "+243900000001",
      "id_fournisseur": 1,
      "id_lot": 7,
      "id_produit": 2,
      "id_utilisateur": 1,
      "image_produit": "amoxicilline.jpg",
      "nom_produit": "Amoxicilline 500mg",
      "prix_achat": "2.30",
      "prix_vente": "5.00",
      "quantite": 26,
      "unite_mesure": null,
      "utilisateur_email": "admin@pharma.com",
      "utilisateur_nom": "Admin Principal"
    },
    {
      "actif": 1,
      "code_barre": "AMOX500",
      "date_ajout_produit": "19-09-2025",
      "date_approvisionnement": "20-04-2025",
      "date_expiration": "01-06-2026",
      "description": "Antibiotique large spectre",
      "fournisseur_contact": "Mme Mwamba",
      "fournisseur_email": "info@medsuppliers.com",
      "fournisseur_nom": "MedSuppliers Congo",
      "fournisseur_telephone": "+243900000002",
      "id_fournisseur": 2,
      "id_lot": 8,
      "id_produit": 2,
      "id_utilisateur": 1,
      "image_produit": "amoxicilline.jpg",
      "nom_produit": "Amoxicilline 500mg",
      "prix_achat": "2.50",
      "prix_vente": "5.00",
      "quantite": 78,
      "unite_mesure": null,
      "utilisateur_email": "admin@pharma.com",
      "utilisateur_nom": "Admin Principal"
    },
    {
      "actif": 1,
      "code_barre": "AMOX500",
      "date_ajout_produit": "19-09-2025",
      "date_approvisionnement": "20-04-2025",
      "date_expiration": "01-11-2026",
      "description": "Antibiotique large spectre",
      "fournisseur_contact": "M. Dupont",
      "fournisseur_email": "sales@globalmed.eu",
      "fournisseur_nom": "GlobalMed Europe",
2026-03-11T18:03:57.614Z | REQUEST  | GET | http://127.0.0.1:5000/api/master/list
2026-03-11T18:03:58.006Z | RESPONSE | GET | http://127.0.0.1:5000/api/master/list | 200 | ok=true | duration_ms=311 | {
  "data": [
    {
      "actif": 1,
      "code_barre": "AMOX500",
      "date_ajout_produit": "19-09-2025",
      "date_approvisionnement": "20-04-2025",
      "date_expiration": "20-04-2026",
      "description": "Antibiotique large spectre",
      "fournisseur_contact": "M. Kabila",
      "fournisseur_email": "contact@pharmadistrib.com",
      "fournisseur_nom": "PharmaDistrib RDC",
      "fournisseur_telephone": "+243900000001",
      "id_fournisseur": 1,
      "id_lot": 7,
      "id_produit": 2,
      "id_utilisateur": 1,
      "image_produit": "amoxicilline.jpg",
      "nom_produit": "Amoxicilline 500mg",
      "prix_achat": "2.30",
      "prix_vente": "5.00",
      "quantite": 26,
      "unite_mesure": null,
      "utilisateur_email": "admin@pharma.com",
      "utilisateur_nom": "Admin Principal"
    },
    {
      "actif": 1,
      "code_barre": "AMOX500",
      "date_ajout_produit": "19-09-2025",
      "date_approvisionnement": "20-04-2025",
      "date_expiration": "01-06-2026",
      "description": "Antibiotique large spectre",
      "fournisseur_contact": "Mme Mwamba",
      "fournisseur_email": "info@medsuppliers.com",
      "fournisseur_nom": "MedSuppliers Congo",
      "fournisseur_telephone": "+243900000002",
      "id_fournisseur": 2,
      "id_lot": 8,
      "id_produit": 2,
      "id_utilisateur": 1,
      "image_produit": "amoxicilline.jpg",
      "nom_produit": "Amoxicilline 500mg",
      "prix_achat": "2.50",
      "prix_vente": "5.00",
      "quantite": 78,
      "unite_mesure": null,
      "utilisateur_email": "admin@pharma.com",
      "utilisateur_nom": "Admin Principal"
    },
    {
      "actif": 1,
      "code_barre": "AMOX500",
      "date_ajout_produit": "19-09-2025",
      "date_approvisionnement": "20-04-2025",
      "date_expiration": "01-11-2026",
      "description": "Antibiotique large spectre",
      "fournisseur_contact": "M. Dupont",
      "fournisseur_email": "sales@globalmed.eu",
      "fournisseur_nom": "GlobalMed Europe",
2026-03-11T18:04:13.616Z | REQUEST  | GET | http://127.0.0.1:5000/api/master/list
2026-03-11T18:04:13.891Z | RESPONSE | GET | http://127.0.0.1:5000/api/master/list | 200 | ok=true | duration_ms=217 | {
  "data": [
    {
      "actif": 1,
      "code_barre": "AMOX500",
      "date_ajout_produit": "19-09-2025",
      "date_approvisionnement": "20-04-2025",
      "date_expiration": "20-04-2026",
      "description": "Antibiotique large spectre",
      "fournisseur_contact": "M. Kabila",
      "fournisseur_email": "contact@pharmadistrib.com",
      "fournisseur_nom": "PharmaDistrib RDC",
      "fournisseur_telephone": "+243900000001",
      "id_fournisseur": 1,
      "id_lot": 7,
      "id_produit": 2,
      "id_utilisateur": 1,
      "image_produit": "amoxicilline.jpg",
      "nom_produit": "Amoxicilline 500mg",
      "prix_achat": "2.30",
      "prix_vente": "5.00",
      "quantite": 26,
      "unite_mesure": null,
      "utilisateur_email": "admin@pharma.com",
      "utilisateur_nom": "Admin Principal"
    },
    {
      "actif": 1,
      "code_barre": "AMOX500",
      "date_ajout_produit": "19-09-2025",
      "date_approvisionnement": "20-04-2025",
      "date_expiration": "01-06-2026",
      "description": "Antibiotique large spectre",
      "fournisseur_contact": "Mme Mwamba",
      "fournisseur_email": "info@medsuppliers.com",
      "fournisseur_nom": "MedSuppliers Congo",
      "fournisseur_telephone": "+243900000002",
      "id_fournisseur": 2,
      "id_lot": 8,
      "id_produit": 2,
      "id_utilisateur": 1,
      "image_produit": "amoxicilline.jpg",
      "nom_produit": "Amoxicilline 500mg",
      "prix_achat": "2.50",
      "prix_vente": "5.00",
      "quantite": 78,
      "unite_mesure": null,
      "utilisateur_email": "admin@pharma.com",
      "utilisateur_nom": "Admin Principal"
    },
    {
      "actif": 1,
      "code_barre": "AMOX500",
      "date_ajout_produit": "19-09-2025",
      "date_approvisionnement": "20-04-2025",
      "date_expiration": "01-11-2026",
      "description": "Antibiotique large spectre",
      "fournisseur_contact": "M. Dupont",
      "fournisseur_email": "sales@globalmed.eu",
      "fournisseur_nom": "GlobalMed Europe",
2026-03-11T18:04:29.581Z | REQUEST  | GET | http://127.0.0.1:5000/api/master/list
2026-03-11T18:04:29.936Z | RESPONSE | GET | http://127.0.0.1:5000/api/master/list | 200 | ok=true | duration_ms=224 | {
  "data": [
    {
      "actif": 1,
      "code_barre": "AMOX500",
      "date_ajout_produit": "19-09-2025",
      "date_approvisionnement": "20-04-2025",
      "date_expiration": "20-04-2026",
      "description": "Antibiotique large spectre",
      "fournisseur_contact": "M. Kabila",
      "fournisseur_email": "contact@pharmadistrib.com",
      "fournisseur_nom": "PharmaDistrib RDC",
      "fournisseur_telephone": "+243900000001",
      "id_fournisseur": 1,
      "id_lot": 7,
      "id_produit": 2,
      "id_utilisateur": 1,
      "image_produit": "amoxicilline.jpg",
      "nom_produit": "Amoxicilline 500mg",
      "prix_achat": "2.30",
      "prix_vente": "5.00",
      "quantite": 26,
      "unite_mesure": null,
      "utilisateur_email": "admin@pharma.com",
      "utilisateur_nom": "Admin Principal"
    },
    {
      "actif": 1,
      "code_barre": "AMOX500",
      "date_ajout_produit": "19-09-2025",
      "date_approvisionnement": "20-04-2025",
      "date_expiration": "01-06-2026",
      "description": "Antibiotique large spectre",
      "fournisseur_contact": "Mme Mwamba",
      "fournisseur_email": "info@medsuppliers.com",
      "fournisseur_nom": "MedSuppliers Congo",
      "fournisseur_telephone": "+243900000002",
      "id_fournisseur": 2,
      "id_lot": 8,
      "id_produit": 2,
      "id_utilisateur": 1,
      "image_produit": "amoxicilline.jpg",
      "nom_produit": "Amoxicilline 500mg",
      "prix_achat": "2.50",
      "prix_vente": "5.00",
      "quantite": 78,
      "unite_mesure": null,
      "utilisateur_email": "admin@pharma.com",
      "utilisateur_nom": "Admin Principal"
    },
    {
      "actif": 1,
      "code_barre": "AMOX500",
      "date_ajout_produit": "19-09-2025",
      "date_approvisionnement": "20-04-2025",
      "date_expiration": "01-11-2026",
      "description": "Antibiotique large spectre",
      "fournisseur_contact": "M. Dupont",
      "fournisseur_email": "sales@globalmed.eu",
      "fournisseur_nom": "GlobalMed Europe",
2026-03-11T18:04:56.411Z | REQUEST  | GET | http://127.0.0.1:5000/api/master/list
2026-03-11T18:04:56.646Z | RESPONSE | GET | http://127.0.0.1:5000/api/master/list | 200 | ok=true | duration_ms=192 | {
  "data": [
    {
      "actif": 1,
      "code_barre": "AMOX500",
      "date_ajout_produit": "19-09-2025",
      "date_approvisionnement": "20-04-2025",
      "date_expiration": "20-04-2026",
      "description": "Antibiotique large spectre",
      "fournisseur_contact": "M. Kabila",
      "fournisseur_email": "contact@pharmadistrib.com",
      "fournisseur_nom": "PharmaDistrib RDC",
      "fournisseur_telephone": "+243900000001",
      "id_fournisseur": 1,
      "id_lot": 7,
      "id_produit": 2,
      "id_utilisateur": 1,
      "image_produit": "amoxicilline.jpg",
      "nom_produit": "Amoxicilline 500mg",
      "prix_achat": "2.30",
      "prix_vente": "5.00",
      "quantite": 26,
      "unite_mesure": null,
      "utilisateur_email": "admin@pharma.com",
      "utilisateur_nom": "Admin Principal"
    },
    {
      "actif": 1,
      "code_barre": "AMOX500",
      "date_ajout_produit": "19-09-2025",
      "date_approvisionnement": "20-04-2025",
      "date_expiration": "01-06-2026",
      "description": "Antibiotique large spectre",
      "fournisseur_contact": "Mme Mwamba",
      "fournisseur_email": "info@medsuppliers.com",
      "fournisseur_nom": "MedSuppliers Congo",
      "fournisseur_telephone": "+243900000002",
      "id_fournisseur": 2,
      "id_lot": 8,
      "id_produit": 2,
      "id_utilisateur": 1,
      "image_produit": "amoxicilline.jpg",
      "nom_produit": "Amoxicilline 500mg",
      "prix_achat": "2.50",
      "prix_vente": "5.00",
      "quantite": 78,
      "unite_mesure": null,
      "utilisateur_email": "admin@pharma.com",
      "utilisateur_nom": "Admin Principal"
    },
    {
      "actif": 1,
      "code_barre": "AMOX500",
      "date_ajout_produit": "19-09-2025",
      "date_approvisionnement": "20-04-2025",
      "date_expiration": "01-11-2026",
      "description": "Antibiotique large spectre",
      "fournisseur_contact": "M. Dupont",
      "fournisseur_email": "sales@globalmed.eu",
      "fournisseur_nom": "GlobalMed Europe",
2026-03-11T18:05:13.988Z | REQUEST  | GET | http://127.0.0.1:5000/api/master/list
2026-03-11T18:05:14.211Z | RESPONSE | GET | http://127.0.0.1:5000/api/master/list | 200 | ok=true | duration_ms=153 | {
  "data": [
    {
      "actif": 1,
      "code_barre": "AMOX500",
      "date_ajout_produit": "19-09-2025",
      "date_approvisionnement": "20-04-2025",
      "date_expiration": "20-04-2026",
      "description": "Antibiotique large spectre",
      "fournisseur_contact": "M. Kabila",
      "fournisseur_email": "contact@pharmadistrib.com",
      "fournisseur_nom": "PharmaDistrib RDC",
      "fournisseur_telephone": "+243900000001",
      "id_fournisseur": 1,
      "id_lot": 7,
      "id_produit": 2,
      "id_utilisateur": 1,
      "image_produit": "amoxicilline.jpg",
      "nom_produit": "Amoxicilline 500mg",
      "prix_achat": "2.30",
      "prix_vente": "5.00",
      "quantite": 26,
      "unite_mesure": null,
      "utilisateur_email": "admin@pharma.com",
      "utilisateur_nom": "Admin Principal"
    },
    {
      "actif": 1,
      "code_barre": "AMOX500",
      "date_ajout_produit": "19-09-2025",
      "date_approvisionnement": "20-04-2025",
      "date_expiration": "01-06-2026",
      "description": "Antibiotique large spectre",
      "fournisseur_contact": "Mme Mwamba",
      "fournisseur_email": "info@medsuppliers.com",
      "fournisseur_nom": "MedSuppliers Congo",
      "fournisseur_telephone": "+243900000002",
      "id_fournisseur": 2,
      "id_lot": 8,
      "id_produit": 2,
      "id_utilisateur": 1,
      "image_produit": "amoxicilline.jpg",
      "nom_produit": "Amoxicilline 500mg",
      "prix_achat": "2.50",
      "prix_vente": "5.00",
      "quantite": 78,
      "unite_mesure": null,
      "utilisateur_email": "admin@pharma.com",
      "utilisateur_nom": "Admin Principal"
    },
    {
      "actif": 1,
      "code_barre": "AMOX500",
      "date_ajout_produit": "19-09-2025",
      "date_approvisionnement": "20-04-2025",
      "date_expiration": "01-11-2026",
      "description": "Antibiotique large spectre",
      "fournisseur_contact": "M. Dupont",
      "fournisseur_email": "sales@globalmed.eu",
      "fournisseur_nom": "GlobalMed Europe",
2026-03-11T18:05:29.570Z | REQUEST  | GET | http://127.0.0.1:5000/api/master/list
2026-03-11T18:05:29.808Z | RESPONSE | GET | http://127.0.0.1:5000/api/master/list | 200 | ok=true | duration_ms=214 | {
  "data": [
    {
      "actif": 1,
      "code_barre": "AMOX500",
      "date_ajout_produit": "19-09-2025",
      "date_approvisionnement": "20-04-2025",
      "date_expiration": "20-04-2026",
      "description": "Antibiotique large spectre",
      "fournisseur_contact": "M. Kabila",
      "fournisseur_email": "contact@pharmadistrib.com",
      "fournisseur_nom": "PharmaDistrib RDC",
      "fournisseur_telephone": "+243900000001",
      "id_fournisseur": 1,
      "id_lot": 7,
      "id_produit": 2,
      "id_utilisateur": 1,
      "image_produit": "amoxicilline.jpg",
      "nom_produit": "Amoxicilline 500mg",
      "prix_achat": "2.30",
      "prix_vente": "5.00",
      "quantite": 26,
      "unite_mesure": null,
      "utilisateur_email": "admin@pharma.com",
      "utilisateur_nom": "Admin Principal"
    },
    {
      "actif": 1,
      "code_barre": "AMOX500",
      "date_ajout_produit": "19-09-2025",
      "date_approvisionnement": "20-04-2025",
      "date_expiration": "01-06-2026",
      "description": "Antibiotique large spectre",
      "fournisseur_contact": "Mme Mwamba",
      "fournisseur_email": "info@medsuppliers.com",
      "fournisseur_nom": "MedSuppliers Congo",
      "fournisseur_telephone": "+243900000002",
      "id_fournisseur": 2,
      "id_lot": 8,
      "id_produit": 2,
      "id_utilisateur": 1,
      "image_produit": "amoxicilline.jpg",
      "nom_produit": "Amoxicilline 500mg",
      "prix_achat": "2.50",
      "prix_vente": "5.00",
      "quantite": 78,
      "unite_mesure": null,
      "utilisateur_email": "admin@pharma.com",
      "utilisateur_nom": "Admin Principal"
    },
    {
      "actif": 1,
      "code_barre": "AMOX500",
      "date_ajout_produit": "19-09-2025",
      "date_approvisionnement": "20-04-2025",
      "date_expiration": "01-11-2026",
      "description": "Antibiotique large spectre",
      "fournisseur_contact": "M. Dupont",
      "fournisseur_email": "sales@globalmed.eu",
      "fournisseur_nom": "GlobalMed Europe",
2026-03-11T18:05:45.573Z | REQUEST  | GET | http://127.0.0.1:5000/api/master/list
2026-03-11T18:05:45.833Z | RESPONSE | GET | http://127.0.0.1:5000/api/master/list | 200 | ok=true | duration_ms=193 | {
  "data": [
    {
      "actif": 1,
      "code_barre": "AMOX500",
      "date_ajout_produit": "19-09-2025",
      "date_approvisionnement": "20-04-2025",
      "date_expiration": "20-04-2026",
      "description": "Antibiotique large spectre",
      "fournisseur_contact": "M. Kabila",
      "fournisseur_email": "contact@pharmadistrib.com",
      "fournisseur_nom": "PharmaDistrib RDC",
      "fournisseur_telephone": "+243900000001",
      "id_fournisseur": 1,
      "id_lot": 7,
      "id_produit": 2,
      "id_utilisateur": 1,
      "image_produit": "amoxicilline.jpg",
      "nom_produit": "Amoxicilline 500mg",
      "prix_achat": "2.30",
      "prix_vente": "5.00",
      "quantite": 26,
      "unite_mesure": null,
      "utilisateur_email": "admin@pharma.com",
      "utilisateur_nom": "Admin Principal"
    },
    {
      "actif": 1,
      "code_barre": "AMOX500",
      "date_ajout_produit": "19-09-2025",
      "date_approvisionnement": "20-04-2025",
      "date_expiration": "01-06-2026",
      "description": "Antibiotique large spectre",
      "fournisseur_contact": "Mme Mwamba",
      "fournisseur_email": "info@medsuppliers.com",
      "fournisseur_nom": "MedSuppliers Congo",
      "fournisseur_telephone": "+243900000002",
      "id_fournisseur": 2,
      "id_lot": 8,
      "id_produit": 2,
      "id_utilisateur": 1,
      "image_produit": "amoxicilline.jpg",
      "nom_produit": "Amoxicilline 500mg",
      "prix_achat": "2.50",
      "prix_vente": "5.00",
      "quantite": 78,
      "unite_mesure": null,
      "utilisateur_email": "admin@pharma.com",
      "utilisateur_nom": "Admin Principal"
    },
    {
      "actif": 1,
      "code_barre": "AMOX500",
      "date_ajout_produit": "19-09-2025",
      "date_approvisionnement": "20-04-2025",
      "date_expiration": "01-11-2026",
      "description": "Antibiotique large spectre",
      "fournisseur_contact": "M. Dupont",
      "fournisseur_email": "sales@globalmed.eu",
      "fournisseur_nom": "GlobalMed Europe",
2026-03-11T18:06:01.616Z | REQUEST  | GET | http://127.0.0.1:5000/api/master/list
2026-03-11T18:06:01.827Z | RESPONSE | GET | http://127.0.0.1:5000/api/master/list | 200 | ok=true | duration_ms=159 | {
  "data": [
    {
      "actif": 1,
      "code_barre": "AMOX500",
      "date_ajout_produit": "19-09-2025",
      "date_approvisionnement": "20-04-2025",
      "date_expiration": "20-04-2026",
      "description": "Antibiotique large spectre",
      "fournisseur_contact": "M. Kabila",
      "fournisseur_email": "contact@pharmadistrib.com",
      "fournisseur_nom": "PharmaDistrib RDC",
      "fournisseur_telephone": "+243900000001",
      "id_fournisseur": 1,
      "id_lot": 7,
      "id_produit": 2,
      "id_utilisateur": 1,
      "image_produit": "amoxicilline.jpg",
      "nom_produit": "Amoxicilline 500mg",
      "prix_achat": "2.30",
      "prix_vente": "5.00",
      "quantite": 26,
      "unite_mesure": null,
      "utilisateur_email": "admin@pharma.com",
      "utilisateur_nom": "Admin Principal"
    },
    {
      "actif": 1,
      "code_barre": "AMOX500",
      "date_ajout_produit": "19-09-2025",
      "date_approvisionnement": "20-04-2025",
      "date_expiration": "01-06-2026",
      "description": "Antibiotique large spectre",
      "fournisseur_contact": "Mme Mwamba",
      "fournisseur_email": "info@medsuppliers.com",
      "fournisseur_nom": "MedSuppliers Congo",
      "fournisseur_telephone": "+243900000002",
      "id_fournisseur": 2,
      "id_lot": 8,
      "id_produit": 2,
      "id_utilisateur": 1,
      "image_produit": "amoxicilline.jpg",
      "nom_produit": "Amoxicilline 500mg",
      "prix_achat": "2.50",
      "prix_vente": "5.00",
      "quantite": 78,
      "unite_mesure": null,
      "utilisateur_email": "admin@pharma.com",
      "utilisateur_nom": "Admin Principal"
    },
    {
      "actif": 1,
      "code_barre": "AMOX500",
      "date_ajout_produit": "19-09-2025",
      "date_approvisionnement": "20-04-2025",
      "date_expiration": "01-11-2026",
      "description": "Antibiotique large spectre",
      "fournisseur_contact": "M. Dupont",
      "fournisseur_email": "sales@globalmed.eu",
      "fournisseur_nom": "GlobalMed Europe",
2026-03-11T18:06:25.292Z | REQUEST  | GET | http://127.0.0.1:5000/api/master/list
2026-03-11T18:06:25.569Z | RESPONSE | GET | http://127.0.0.1:5000/api/master/list | 200 | ok=true | duration_ms=197 | {
  "data": [
    {
      "actif": 1,
      "code_barre": "AMOX500",
      "date_ajout_produit": "19-09-2025",
      "date_approvisionnement": "20-04-2025",
      "date_expiration": "20-04-2026",
      "description": "Antibiotique large spectre",
      "fournisseur_contact": "M. Kabila",
      "fournisseur_email": "contact@pharmadistrib.com",
      "fournisseur_nom": "PharmaDistrib RDC",
      "fournisseur_telephone": "+243900000001",
      "id_fournisseur": 1,
      "id_lot": 7,
      "id_produit": 2,
      "id_utilisateur": 1,
      "image_produit": "amoxicilline.jpg",
      "nom_produit": "Amoxicilline 500mg",
      "prix_achat": "2.30",
      "prix_vente": "5.00",
      "quantite": 26,
      "unite_mesure": null,
      "utilisateur_email": "admin@pharma.com",
      "utilisateur_nom": "Admin Principal"
    },
    {
      "actif": 1,
      "code_barre": "AMOX500",
      "date_ajout_produit": "19-09-2025",
      "date_approvisionnement": "20-04-2025",
      "date_expiration": "01-06-2026",
      "description": "Antibiotique large spectre",
      "fournisseur_contact": "Mme Mwamba",
      "fournisseur_email": "info@medsuppliers.com",
      "fournisseur_nom": "MedSuppliers Congo",
      "fournisseur_telephone": "+243900000002",
      "id_fournisseur": 2,
      "id_lot": 8,
      "id_produit": 2,
      "id_utilisateur": 1,
      "image_produit": "amoxicilline.jpg",
      "nom_produit": "Amoxicilline 500mg",
      "prix_achat": "2.50",
      "prix_vente": "5.00",
      "quantite": 78,
      "unite_mesure": null,
      "utilisateur_email": "admin@pharma.com",
      "utilisateur_nom": "Admin Principal"
    },
    {
      "actif": 1,
      "code_barre": "AMOX500",
      "date_ajout_produit": "19-09-2025",
      "date_approvisionnement": "20-04-2025",
      "date_expiration": "01-11-2026",
      "description": "Antibiotique large spectre",
      "fournisseur_contact": "M. Dupont",
      "fournisseur_email": "sales@globalmed.eu",
      "fournisseur_nom": "GlobalMed Europe",
2026-03-11T18:06:42.975Z | REQUEST  | GET | http://127.0.0.1:5000/api/master/list
2026-03-11T18:06:43.152Z | RESPONSE | GET | http://127.0.0.1:5000/api/master/list | 200 | ok=true | duration_ms=143 | {
  "data": [
    {
      "actif": 1,
      "code_barre": "AMOX500",
      "date_ajout_produit": "19-09-2025",
      "date_approvisionnement": "20-04-2025",
      "date_expiration": "20-04-2026",
      "description": "Antibiotique large spectre",
      "fournisseur_contact": "M. Kabila",
      "fournisseur_email": "contact@pharmadistrib.com",
      "fournisseur_nom": "PharmaDistrib RDC",
      "fournisseur_telephone": "+243900000001",
      "id_fournisseur": 1,
      "id_lot": 7,
      "id_produit": 2,
      "id_utilisateur": 1,
      "image_produit": "amoxicilline.jpg",
      "nom_produit": "Amoxicilline 500mg",
      "prix_achat": "2.30",
      "prix_vente": "5.00",
      "quantite": 26,
      "unite_mesure": null,
      "utilisateur_email": "admin@pharma.com",
      "utilisateur_nom": "Admin Principal"
    },
    {
      "actif": 1,
      "code_barre": "AMOX500",
      "date_ajout_produit": "19-09-2025",
      "date_approvisionnement": "20-04-2025",
      "date_expiration": "01-06-2026",
      "description": "Antibiotique large spectre",
      "fournisseur_contact": "Mme Mwamba",
      "fournisseur_email": "info@medsuppliers.com",
      "fournisseur_nom": "MedSuppliers Congo",
      "fournisseur_telephone": "+243900000002",
      "id_fournisseur": 2,
      "id_lot": 8,
      "id_produit": 2,
      "id_utilisateur": 1,
      "image_produit": "amoxicilline.jpg",
      "nom_produit": "Amoxicilline 500mg",
      "prix_achat": "2.50",
      "prix_vente": "5.00",
      "quantite": 78,
      "unite_mesure": null,
      "utilisateur_email": "admin@pharma.com",
      "utilisateur_nom": "Admin Principal"
    },
    {
      "actif": 1,
      "code_barre": "AMOX500",
      "date_ajout_produit": "19-09-2025",
      "date_approvisionnement": "20-04-2025",
      "date_expiration": "01-11-2026",
      "description": "Antibiotique large spectre",
      "fournisseur_contact": "M. Dupont",
      "fournisseur_email": "sales@globalmed.eu",
      "fournisseur_nom": "GlobalMed Europe",
2026-03-11T18:06:59.782Z | REQUEST  | GET | http://127.0.0.1:5000/api/master/list
2026-03-11T18:06:59.952Z | RESPONSE | GET | http://127.0.0.1:5000/api/master/list | 200 | ok=true | duration_ms=121 | {
  "data": [
    {
      "actif": 1,
      "code_barre": "AMOX500",
      "date_ajout_produit": "19-09-2025",
      "date_approvisionnement": "20-04-2025",
      "date_expiration": "20-04-2026",
      "description": "Antibiotique large spectre",
      "fournisseur_contact": "M. Kabila",
      "fournisseur_email": "contact@pharmadistrib.com",
      "fournisseur_nom": "PharmaDistrib RDC",
      "fournisseur_telephone": "+243900000001",
      "id_fournisseur": 1,
      "id_lot": 7,
      "id_produit": 2,
      "id_utilisateur": 1,
      "image_produit": "amoxicilline.jpg",
      "nom_produit": "Amoxicilline 500mg",
      "prix_achat": "2.30",
      "prix_vente": "5.00",
      "quantite": 26,
      "unite_mesure": null,
      "utilisateur_email": "admin@pharma.com",
      "utilisateur_nom": "Admin Principal"
    },
    {
      "actif": 1,
      "code_barre": "AMOX500",
      "date_ajout_produit": "19-09-2025",
      "date_approvisionnement": "20-04-2025",
      "date_expiration": "01-06-2026",
      "description": "Antibiotique large spectre",
      "fournisseur_contact": "Mme Mwamba",
      "fournisseur_email": "info@medsuppliers.com",
      "fournisseur_nom": "MedSuppliers Congo",
      "fournisseur_telephone": "+243900000002",
      "id_fournisseur": 2,
      "id_lot": 8,
      "id_produit": 2,
      "id_utilisateur": 1,
      "image_produit": "amoxicilline.jpg",
      "nom_produit": "Amoxicilline 500mg",
      "prix_achat": "2.50",
      "prix_vente": "5.00",
      "quantite": 78,
      "unite_mesure": null,
      "utilisateur_email": "admin@pharma.com",
      "utilisateur_nom": "Admin Principal"
    },
    {
      "actif": 1,
      "code_barre": "AMOX500",
      "date_ajout_produit": "19-09-2025",
      "date_approvisionnement": "20-04-2025",
      "date_expiration": "01-11-2026",
      "description": "Antibiotique large spectre",
      "fournisseur_contact": "M. Dupont",
      "fournisseur_email": "sales@globalmed.eu",
      "fournisseur_nom": "GlobalMed Europe",
2026-03-11T18:07:15.550Z | REQUEST  | GET | http://127.0.0.1:5000/api/master/list
2026-03-11T18:07:15.959Z | RESPONSE | GET | http://127.0.0.1:5000/api/master/list | 200 | ok=true | duration_ms=253 | {
  "data": [
    {
      "actif": 1,
      "code_barre": "AMOX500",
      "date_ajout_produit": "19-09-2025",
      "date_approvisionnement": "20-04-2025",
      "date_expiration": "20-04-2026",
      "description": "Antibiotique large spectre",
      "fournisseur_contact": "M. Kabila",
      "fournisseur_email": "contact@pharmadistrib.com",
      "fournisseur_nom": "PharmaDistrib RDC",
      "fournisseur_telephone": "+243900000001",
      "id_fournisseur": 1,
      "id_lot": 7,
      "id_produit": 2,
      "id_utilisateur": 1,
      "image_produit": "amoxicilline.jpg",
      "nom_produit": "Amoxicilline 500mg",
      "prix_achat": "2.30",
      "prix_vente": "5.00",
      "quantite": 26,
      "unite_mesure": null,
      "utilisateur_email": "admin@pharma.com",
      "utilisateur_nom": "Admin Principal"
    },
    {
      "actif": 1,
      "code_barre": "AMOX500",
      "date_ajout_produit": "19-09-2025",
      "date_approvisionnement": "20-04-2025",
      "date_expiration": "01-06-2026",
      "description": "Antibiotique large spectre",
      "fournisseur_contact": "Mme Mwamba",
      "fournisseur_email": "info@medsuppliers.com",
      "fournisseur_nom": "MedSuppliers Congo",
      "fournisseur_telephone": "+243900000002",
      "id_fournisseur": 2,
      "id_lot": 8,
      "id_produit": 2,
      "id_utilisateur": 1,
      "image_produit": "amoxicilline.jpg",
      "nom_produit": "Amoxicilline 500mg",
      "prix_achat": "2.50",
      "prix_vente": "5.00",
      "quantite": 78,
      "unite_mesure": null,
      "utilisateur_email": "admin@pharma.com",
      "utilisateur_nom": "Admin Principal"
    },
    {
      "actif": 1,
      "code_barre": "AMOX500",
      "date_ajout_produit": "19-09-2025",
      "date_approvisionnement": "20-04-2025",
      "date_expiration": "01-11-2026",
      "description": "Antibiotique large spectre",
      "fournisseur_contact": "M. Dupont",
      "fournisseur_email": "sales@globalmed.eu",
      "fournisseur_nom": "GlobalMed Europe",
2026-03-11T18:07:31.621Z | REQUEST  | GET | http://127.0.0.1:5000/api/master/list
2026-03-11T18:07:31.912Z | RESPONSE | GET | http://127.0.0.1:5000/api/master/list | 200 | ok=true | duration_ms=215 | {
  "data": [
    {
      "actif": 1,
      "code_barre": "AMOX500",
      "date_ajout_produit": "19-09-2025",
      "date_approvisionnement": "20-04-2025",
      "date_expiration": "20-04-2026",
      "description": "Antibiotique large spectre",
      "fournisseur_contact": "M. Kabila",
      "fournisseur_email": "contact@pharmadistrib.com",
      "fournisseur_nom": "PharmaDistrib RDC",
      "fournisseur_telephone": "+243900000001",
      "id_fournisseur": 1,
      "id_lot": 7,
      "id_produit": 2,
      "id_utilisateur": 1,
      "image_produit": "amoxicilline.jpg",
      "nom_produit": "Amoxicilline 500mg",
      "prix_achat": "2.30",
      "prix_vente": "5.00",
      "quantite": 26,
      "unite_mesure": null,
      "utilisateur_email": "admin@pharma.com",
      "utilisateur_nom": "Admin Principal"
    },
    {
      "actif": 1,
      "code_barre": "AMOX500",
      "date_ajout_produit": "19-09-2025",
      "date_approvisionnement": "20-04-2025",
      "date_expiration": "01-06-2026",
      "description": "Antibiotique large spectre",
      "fournisseur_contact": "Mme Mwamba",
      "fournisseur_email": "info@medsuppliers.com",
      "fournisseur_nom": "MedSuppliers Congo",
      "fournisseur_telephone": "+243900000002",
      "id_fournisseur": 2,
      "id_lot": 8,
      "id_produit": 2,
      "id_utilisateur": 1,
      "image_produit": "amoxicilline.jpg",
      "nom_produit": "Amoxicilline 500mg",
      "prix_achat": "2.50",
      "prix_vente": "5.00",
      "quantite": 78,
      "unite_mesure": null,
      "utilisateur_email": "admin@pharma.com",
      "utilisateur_nom": "Admin Principal"
    },
    {
      "actif": 1,
      "code_barre": "AMOX500",
      "date_ajout_produit": "19-09-2025",
      "date_approvisionnement": "20-04-2025",
      "date_expiration": "01-11-2026",
      "description": "Antibiotique large spectre",
      "fournisseur_contact": "M. Dupont",
      "fournisseur_email": "sales@globalmed.eu",
      "fournisseur_nom": "GlobalMed Europe",
2026-03-11T18:08:03.234Z | REQUEST  | GET | http://127.0.0.1:5000/api/master/list
2026-03-11T18:08:03.451Z | RESPONSE | GET | http://127.0.0.1:5000/api/master/list | 200 | ok=true | duration_ms=163 | {
  "data": [
    {
      "actif": 1,
      "code_barre": "AMOX500",
      "date_ajout_produit": "19-09-2025",
      "date_approvisionnement": "20-04-2025",
      "date_expiration": "20-04-2026",
      "description": "Antibiotique large spectre",
      "fournisseur_contact": "M. Kabila",
      "fournisseur_email": "contact@pharmadistrib.com",
      "fournisseur_nom": "PharmaDistrib RDC",
      "fournisseur_telephone": "+243900000001",
      "id_fournisseur": 1,
      "id_lot": 7,
      "id_produit": 2,
      "id_utilisateur": 1,
      "image_produit": "amoxicilline.jpg",
      "nom_produit": "Amoxicilline 500mg",
      "prix_achat": "2.30",
      "prix_vente": "5.00",
      "quantite": 26,
      "unite_mesure": null,
      "utilisateur_email": "admin@pharma.com",
      "utilisateur_nom": "Admin Principal"
    },
    {
      "actif": 1,
      "code_barre": "AMOX500",
      "date_ajout_produit": "19-09-2025",
      "date_approvisionnement": "20-04-2025",
      "date_expiration": "01-06-2026",
      "description": "Antibiotique large spectre",
      "fournisseur_contact": "Mme Mwamba",
      "fournisseur_email": "info@medsuppliers.com",
      "fournisseur_nom": "MedSuppliers Congo",
      "fournisseur_telephone": "+243900000002",
      "id_fournisseur": 2,
      "id_lot": 8,
      "id_produit": 2,
      "id_utilisateur": 1,
      "image_produit": "amoxicilline.jpg",
      "nom_produit": "Amoxicilline 500mg",
      "prix_achat": "2.50",
      "prix_vente": "5.00",
      "quantite": 78,
      "unite_mesure": null,
      "utilisateur_email": "admin@pharma.com",
      "utilisateur_nom": "Admin Principal"
    },
    {
      "actif": 1,
      "code_barre": "AMOX500",
      "date_ajout_produit": "19-09-2025",
      "date_approvisionnement": "20-04-2025",
      "date_expiration": "01-11-2026",
      "description": "Antibiotique large spectre",
      "fournisseur_contact": "M. Dupont",
      "fournisseur_email": "sales@globalmed.eu",
      "fournisseur_nom": "GlobalMed Europe",
2026-03-11T18:08:19.825Z | REQUEST  | GET | http://127.0.0.1:5000/api/master/list
2026-03-11T18:08:20.212Z | RESPONSE | GET | http://127.0.0.1:5000/api/master/list | 200 | ok=true | duration_ms=273 | {
  "data": [
    {
      "actif": 1,
      "code_barre": "AMOX500",
      "date_ajout_produit": "19-09-2025",
      "date_approvisionnement": "20-04-2025",
      "date_expiration": "20-04-2026",
      "description": "Antibiotique large spectre",
      "fournisseur_contact": "M. Kabila",
      "fournisseur_email": "contact@pharmadistrib.com",
      "fournisseur_nom": "PharmaDistrib RDC",
      "fournisseur_telephone": "+243900000001",
      "id_fournisseur": 1,
      "id_lot": 7,
      "id_produit": 2,
      "id_utilisateur": 1,
      "image_produit": "amoxicilline.jpg",
      "nom_produit": "Amoxicilline 500mg",
      "prix_achat": "2.30",
      "prix_vente": "5.00",
      "quantite": 26,
      "unite_mesure": null,
      "utilisateur_email": "admin@pharma.com",
      "utilisateur_nom": "Admin Principal"
    },
    {
      "actif": 1,
      "code_barre": "AMOX500",
      "date_ajout_produit": "19-09-2025",
      "date_approvisionnement": "20-04-2025",
      "date_expiration": "01-06-2026",
      "description": "Antibiotique large spectre",
      "fournisseur_contact": "Mme Mwamba",
      "fournisseur_email": "info@medsuppliers.com",
      "fournisseur_nom": "MedSuppliers Congo",
      "fournisseur_telephone": "+243900000002",
      "id_fournisseur": 2,
      "id_lot": 8,
      "id_produit": 2,
      "id_utilisateur": 1,
      "image_produit": "amoxicilline.jpg",
      "nom_produit": "Amoxicilline 500mg",
      "prix_achat": "2.50",
      "prix_vente": "5.00",
      "quantite": 78,
      "unite_mesure": null,
      "utilisateur_email": "admin@pharma.com",
      "utilisateur_nom": "Admin Principal"
    },
    {
      "actif": 1,
      "code_barre": "AMOX500",
      "date_ajout_produit": "19-09-2025",
      "date_approvisionnement": "20-04-2025",
      "date_expiration": "01-11-2026",
      "description": "Antibiotique large spectre",
      "fournisseur_contact": "M. Dupont",
      "fournisseur_email": "sales@globalmed.eu",
      "fournisseur_nom": "GlobalMed Europe",
2026-03-11T18:08:37.025Z | REQUEST  | GET | http://127.0.0.1:5000/api/master/list
2026-03-11T18:08:37.104Z | RESPONSE | GET | http://127.0.0.1:5000/api/master/list | 200 | ok=true | duration_ms=35 | {
  "data": [
    {
      "actif": 1,
      "code_barre": "AMOX500",
      "date_ajout_produit": "19-09-2025",
      "date_approvisionnement": "20-04-2025",
      "date_expiration": "20-04-2026",
      "description": "Antibiotique large spectre",
      "fournisseur_contact": "M. Kabila",
      "fournisseur_email": "contact@pharmadistrib.com",
      "fournisseur_nom": "PharmaDistrib RDC",
      "fournisseur_telephone": "+243900000001",
      "id_fournisseur": 1,
      "id_lot": 7,
      "id_produit": 2,
      "id_utilisateur": 1,
      "image_produit": "amoxicilline.jpg",
      "nom_produit": "Amoxicilline 500mg",
      "prix_achat": "2.30",
      "prix_vente": "5.00",
      "quantite": 26,
      "unite_mesure": null,
      "utilisateur_email": "admin@pharma.com",
      "utilisateur_nom": "Admin Principal"
    },
    {
      "actif": 1,
      "code_barre": "AMOX500",
      "date_ajout_produit": "19-09-2025",
      "date_approvisionnement": "20-04-2025",
      "date_expiration": "01-06-2026",
      "description": "Antibiotique large spectre",
      "fournisseur_contact": "Mme Mwamba",
      "fournisseur_email": "info@medsuppliers.com",
      "fournisseur_nom": "MedSuppliers Congo",
      "fournisseur_telephone": "+243900000002",
      "id_fournisseur": 2,
      "id_lot": 8,
      "id_produit": 2,
      "id_utilisateur": 1,
      "image_produit": "amoxicilline.jpg",
      "nom_produit": "Amoxicilline 500mg",
      "prix_achat": "2.50",
      "prix_vente": "5.00",
      "quantite": 78,
      "unite_mesure": null,
      "utilisateur_email": "admin@pharma.com",
      "utilisateur_nom": "Admin Principal"
    },
    {
      "actif": 1,
      "code_barre": "AMOX500",
      "date_ajout_produit": "19-09-2025",
      "date_approvisionnement": "20-04-2025",
      "date_expiration": "01-11-2026",
      "description": "Antibiotique large spectre",
      "fournisseur_contact": "M. Dupont",
      "fournisseur_email": "sales@globalmed.eu",
      "fournisseur_nom": "GlobalMed Europe",
2026-03-11T18:08:52.576Z | REQUEST  | GET | http://127.0.0.1:5000/api/master/list
2026-03-11T18:08:52.830Z | RESPONSE | GET | http://127.0.0.1:5000/api/master/list | 200 | ok=true | duration_ms=199 | {
  "data": [
    {
      "actif": 1,
      "code_barre": "AMOX500",
      "date_ajout_produit": "19-09-2025",
      "date_approvisionnement": "20-04-2025",
      "date_expiration": "20-04-2026",
      "description": "Antibiotique large spectre",
      "fournisseur_contact": "M. Kabila",
      "fournisseur_email": "contact@pharmadistrib.com",
      "fournisseur_nom": "PharmaDistrib RDC",
      "fournisseur_telephone": "+243900000001",
      "id_fournisseur": 1,
      "id_lot": 7,
      "id_produit": 2,
      "id_utilisateur": 1,
      "image_produit": "amoxicilline.jpg",
      "nom_produit": "Amoxicilline 500mg",
      "prix_achat": "2.30",
      "prix_vente": "5.00",
      "quantite": 26,
      "unite_mesure": null,
      "utilisateur_email": "admin@pharma.com",
      "utilisateur_nom": "Admin Principal"
    },
    {
      "actif": 1,
      "code_barre": "AMOX500",
      "date_ajout_produit": "19-09-2025",
      "date_approvisionnement": "20-04-2025",
      "date_expiration": "01-06-2026",
      "description": "Antibiotique large spectre",
      "fournisseur_contact": "Mme Mwamba",
      "fournisseur_email": "info@medsuppliers.com",
      "fournisseur_nom": "MedSuppliers Congo",
      "fournisseur_telephone": "+243900000002",
      "id_fournisseur": 2,
      "id_lot": 8,
      "id_produit": 2,
      "id_utilisateur": 1,
      "image_produit": "amoxicilline.jpg",
      "nom_produit": "Amoxicilline 500mg",
      "prix_achat": "2.50",
      "prix_vente": "5.00",
      "quantite": 78,
      "unite_mesure": null,
      "utilisateur_email": "admin@pharma.com",
      "utilisateur_nom": "Admin Principal"
    },
    {
      "actif": 1,
      "code_barre": "AMOX500",
      "date_ajout_produit": "19-09-2025",
      "date_approvisionnement": "20-04-2025",
      "date_expiration": "01-11-2026",
      "description": "Antibiotique large spectre",
      "fournisseur_contact": "M. Dupont",
      "fournisseur_email": "sales@globalmed.eu",
      "fournisseur_nom": "GlobalMed Europe",
2026-03-11T18:09:08.589Z | REQUEST  | GET | http://127.0.0.1:5000/api/master/list
2026-03-11T18:09:08.822Z | RESPONSE | GET | http://127.0.0.1:5000/api/master/list | 200 | ok=true | duration_ms=170 | {
  "data": [
    {
      "actif": 1,
      "code_barre": "AMOX500",
      "date_ajout_produit": "19-09-2025",
      "date_approvisionnement": "20-04-2025",
      "date_expiration": "20-04-2026",
      "description": "Antibiotique large spectre",
      "fournisseur_contact": "M. Kabila",
      "fournisseur_email": "contact@pharmadistrib.com",
      "fournisseur_nom": "PharmaDistrib RDC",
      "fournisseur_telephone": "+243900000001",
      "id_fournisseur": 1,
      "id_lot": 7,
      "id_produit": 2,
      "id_utilisateur": 1,
      "image_produit": "amoxicilline.jpg",
      "nom_produit": "Amoxicilline 500mg",
      "prix_achat": "2.30",
      "prix_vente": "5.00",
      "quantite": 26,
      "unite_mesure": null,
      "utilisateur_email": "admin@pharma.com",
      "utilisateur_nom": "Admin Principal"
    },
    {
      "actif": 1,
      "code_barre": "AMOX500",
      "date_ajout_produit": "19-09-2025",
      "date_approvisionnement": "20-04-2025",
      "date_expiration": "01-06-2026",
      "description": "Antibiotique large spectre",
      "fournisseur_contact": "Mme Mwamba",
      "fournisseur_email": "info@medsuppliers.com",
      "fournisseur_nom": "MedSuppliers Congo",
      "fournisseur_telephone": "+243900000002",
      "id_fournisseur": 2,
      "id_lot": 8,
      "id_produit": 2,
      "id_utilisateur": 1,
      "image_produit": "amoxicilline.jpg",
      "nom_produit": "Amoxicilline 500mg",
      "prix_achat": "2.50",
      "prix_vente": "5.00",
      "quantite": 78,
      "unite_mesure": null,
      "utilisateur_email": "admin@pharma.com",
      "utilisateur_nom": "Admin Principal"
    },
    {
      "actif": 1,
      "code_barre": "AMOX500",
      "date_ajout_produit": "19-09-2025",
      "date_approvisionnement": "20-04-2025",
      "date_expiration": "01-11-2026",
      "description": "Antibiotique large spectre",
      "fournisseur_contact": "M. Dupont",
      "fournisseur_email": "sales@globalmed.eu",
      "fournisseur_nom": "GlobalMed Europe",
2026-03-11T18:09:39.711Z | REQUEST  | GET | http://127.0.0.1:5000/api/master/list
2026-03-11T18:09:39.846Z | RESPONSE | GET | http://127.0.0.1:5000/api/master/list | 200 | ok=true | duration_ms=114 | {
  "data": [
    {
      "actif": 1,
      "code_barre": "AMOX500",
      "date_ajout_produit": "19-09-2025",
      "date_approvisionnement": "20-04-2025",
      "date_expiration": "20-04-2026",
      "description": "Antibiotique large spectre",
      "fournisseur_contact": "M. Kabila",
      "fournisseur_email": "contact@pharmadistrib.com",
      "fournisseur_nom": "PharmaDistrib RDC",
      "fournisseur_telephone": "+243900000001",
      "id_fournisseur": 1,
      "id_lot": 7,
      "id_produit": 2,
      "id_utilisateur": 1,
      "image_produit": "amoxicilline.jpg",
      "nom_produit": "Amoxicilline 500mg",
      "prix_achat": "2.30",
      "prix_vente": "5.00",
      "quantite": 26,
      "unite_mesure": null,
      "utilisateur_email": "admin@pharma.com",
      "utilisateur_nom": "Admin Principal"
    },
    {
      "actif": 1,
      "code_barre": "AMOX500",
      "date_ajout_produit": "19-09-2025",
      "date_approvisionnement": "20-04-2025",
      "date_expiration": "01-06-2026",
      "description": "Antibiotique large spectre",
      "fournisseur_contact": "Mme Mwamba",
      "fournisseur_email": "info@medsuppliers.com",
      "fournisseur_nom": "MedSuppliers Congo",
      "fournisseur_telephone": "+243900000002",
      "id_fournisseur": 2,
      "id_lot": 8,
      "id_produit": 2,
      "id_utilisateur": 1,
      "image_produit": "amoxicilline.jpg",
      "nom_produit": "Amoxicilline 500mg",
      "prix_achat": "2.50",
      "prix_vente": "5.00",
      "quantite": 78,
      "unite_mesure": null,
      "utilisateur_email": "admin@pharma.com",
      "utilisateur_nom": "Admin Principal"
    },
    {
      "actif": 1,
      "code_barre": "AMOX500",
      "date_ajout_produit": "19-09-2025",
      "date_approvisionnement": "20-04-2025",
      "date_expiration": "01-11-2026",
      "description": "Antibiotique large spectre",
      "fournisseur_contact": "M. Dupont",
      "fournisseur_email": "sales@globalmed.eu",
      "fournisseur_nom": "GlobalMed Europe",
2026-03-11T18:09:56.812Z | REQUEST  | GET | http://127.0.0.1:5000/api/master/list
2026-03-11T18:09:57.032Z | RESPONSE | GET | http://127.0.0.1:5000/api/master/list | 200 | ok=true | duration_ms=120 | {
  "data": [
    {
      "actif": 1,
      "code_barre": "AMOX500",
      "date_ajout_produit": "19-09-2025",
      "date_approvisionnement": "20-04-2025",
      "date_expiration": "20-04-2026",
      "description": "Antibiotique large spectre",
      "fournisseur_contact": "M. Kabila",
      "fournisseur_email": "contact@pharmadistrib.com",
      "fournisseur_nom": "PharmaDistrib RDC",
      "fournisseur_telephone": "+243900000001",
      "id_fournisseur": 1,
      "id_lot": 7,
      "id_produit": 2,
      "id_utilisateur": 1,
      "image_produit": "amoxicilline.jpg",
      "nom_produit": "Amoxicilline 500mg",
      "prix_achat": "2.30",
      "prix_vente": "5.00",
      "quantite": 26,
      "unite_mesure": null,
      "utilisateur_email": "admin@pharma.com",
      "utilisateur_nom": "Admin Principal"
    },
    {
      "actif": 1,
      "code_barre": "AMOX500",
      "date_ajout_produit": "19-09-2025",
      "date_approvisionnement": "20-04-2025",
      "date_expiration": "01-06-2026",
      "description": "Antibiotique large spectre",
      "fournisseur_contact": "Mme Mwamba",
      "fournisseur_email": "info@medsuppliers.com",
      "fournisseur_nom": "MedSuppliers Congo",
      "fournisseur_telephone": "+243900000002",
      "id_fournisseur": 2,
      "id_lot": 8,
      "id_produit": 2,
      "id_utilisateur": 1,
      "image_produit": "amoxicilline.jpg",
      "nom_produit": "Amoxicilline 500mg",
      "prix_achat": "2.50",
      "prix_vente": "5.00",
      "quantite": 78,
      "unite_mesure": null,
      "utilisateur_email": "admin@pharma.com",
      "utilisateur_nom": "Admin Principal"
    },
    {
      "actif": 1,
      "code_barre": "AMOX500",
      "date_ajout_produit": "19-09-2025",
      "date_approvisionnement": "20-04-2025",
      "date_expiration": "01-11-2026",
      "description": "Antibiotique large spectre",
      "fournisseur_contact": "M. Dupont",
      "fournisseur_email": "sales@globalmed.eu",
      "fournisseur_nom": "GlobalMed Europe",
2026-03-11T18:10:14.153Z | REQUEST  | GET | http://127.0.0.1:5000/api/master/list
2026-03-11T18:10:14.381Z | RESPONSE | GET | http://127.0.0.1:5000/api/master/list | 200 | ok=true | duration_ms=137 | {
  "data": [
    {
      "actif": 1,
      "code_barre": "AMOX500",
      "date_ajout_produit": "19-09-2025",
      "date_approvisionnement": "20-04-2025",
      "date_expiration": "20-04-2026",
      "description": "Antibiotique large spectre",
      "fournisseur_contact": "M. Kabila",
      "fournisseur_email": "contact@pharmadistrib.com",
      "fournisseur_nom": "PharmaDistrib RDC",
      "fournisseur_telephone": "+243900000001",
      "id_fournisseur": 1,
      "id_lot": 7,
      "id_produit": 2,
      "id_utilisateur": 1,
      "image_produit": "amoxicilline.jpg",
      "nom_produit": "Amoxicilline 500mg",
      "prix_achat": "2.30",
      "prix_vente": "5.00",
      "quantite": 26,
      "unite_mesure": null,
      "utilisateur_email": "admin@pharma.com",
      "utilisateur_nom": "Admin Principal"
    },
    {
      "actif": 1,
      "code_barre": "AMOX500",
      "date_ajout_produit": "19-09-2025",
      "date_approvisionnement": "20-04-2025",
      "date_expiration": "01-06-2026",
      "description": "Antibiotique large spectre",
      "fournisseur_contact": "Mme Mwamba",
      "fournisseur_email": "info@medsuppliers.com",
      "fournisseur_nom": "MedSuppliers Congo",
      "fournisseur_telephone": "+243900000002",
      "id_fournisseur": 2,
      "id_lot": 8,
      "id_produit": 2,
      "id_utilisateur": 1,
      "image_produit": "amoxicilline.jpg",
      "nom_produit": "Amoxicilline 500mg",
      "prix_achat": "2.50",
      "prix_vente": "5.00",
      "quantite": 78,
      "unite_mesure": null,
      "utilisateur_email": "admin@pharma.com",
      "utilisateur_nom": "Admin Principal"
    },
    {
      "actif": 1,
      "code_barre": "AMOX500",
      "date_ajout_produit": "19-09-2025",
      "date_approvisionnement": "20-04-2025",
      "date_expiration": "01-11-2026",
      "description": "Antibiotique large spectre",
      "fournisseur_contact": "M. Dupont",
      "fournisseur_email": "sales@globalmed.eu",
      "fournisseur_nom": "GlobalMed Europe",
