2026-03-09T03:25:36.318Z | REQUEST  | GET | http://127.0.0.1:5000/api/master/list
2026-03-09T03:25:36.464Z | RESPONSE | GET | http://127.0.0.1:5000/api/master/list | 200 | ok=true | duration_ms=97 | {
  "data": [
    {
      "actif": 1,
      "code_barre": "AMOX500",
      "date_ajout_produit": "19-09-2025",
      "date_approvisionnement": "20-04-2025",
      "date_expiration": "20-04-2026",
      "description": "Antibiotique large spectre",
      "fournisseur_contact": "M. Kabila",
      "fournisseur_email": "contact@pharmadistrib.com",
      "fournisseur_nom": "PharmaDistrib RDC",
      "fournisseur_telephone": "+243900000001",
      "id_fournisseur": 1,
      "id_lot": 7,
      "id_produit": 2,
      "id_utilisateur": 1,
      "image_produit": "amoxicilline.jpg",
      "nom_produit": "Amoxicilline 500mg",
      "prix_achat": "2.30",
      "prix_vente": "5.00",
      "quantite": 26,
      "unite_mesure": null,
      "utilisateur_email": "admin@pharma.com",
      "utilisateur_nom": "Admin Principal"
    },
    {
      "actif": 1,
      "code_barre": "AMOX500",
      "date_ajout_produit": "19-09-2025",
      "date_approvisionnement": "20-04-2025",
      "date_expiration": "01-06-2026",
      "description": "Antibiotique large spectre",
      "fournisseur_contact": "Mme Mwamba",
      "fournisseur_email": "info@medsuppliers.com",
      "fournisseur_nom": "MedSuppliers Congo",
      "fournisseur_telephone": "+243900000002",
      "id_fournisseur": 2,
      "id_lot": 8,
      "id_produit": 2,
      "id_utilisateur": 1,
      "image_produit": "amoxicilline.jpg",
      "nom_produit": "Amoxicilline 500mg",
      "prix_achat": "2.50",
      "prix_vente": "5.00",
      "quantite": 78,
      "unite_mesure": null,
      "utilisateur_email": "admin@pharma.com",
      "utilisateur_nom": "Admin Principal"
    },
    {
      "actif": 1,
      "code_barre": "AMOX500",
      "date_ajout_produit": "19-09-2025",
      "date_approvisionnement": "20-04-2025",
      "date_expiration": "01-11-2026",
      "description": "Antibiotique large spectre",
      "fournisseur_contact": "M. Dupont",
      "fournisseur_email": "sales@globalmed.eu",
      "fournisseur_nom": "GlobalMed Europe",
2026-03-10T02:56:49.959Z | REQUEST  | GET | http://127.0.0.1:5000/api/master/list
2026-03-10T02:56:52.122Z | RESPONSE | GET | http://127.0.0.1:5000/api/master/list | 200 | ok=true | duration_ms=2099 | {
  "data": [
    {
      "actif": 1,
      "code_barre": "AMOX500",
      "date_ajout_produit": "19-09-2025",
      "date_approvisionnement": "20-04-2025",
      "date_expiration": "20-04-2026",
      "description": "Antibiotique large spectre",
      "fournisseur_contact": "M. Kabila",
      "fournisseur_email": "contact@pharmadistrib.com",
      "fournisseur_nom": "PharmaDistrib RDC",
      "fournisseur_telephone": "+243900000001",
      "id_fournisseur": 1,
      "id_lot": 7,
      "id_produit": 2,
      "id_utilisateur": 1,
      "image_produit": "amoxicilline.jpg",
      "nom_produit": "Amoxicilline 500mg",
      "prix_achat": "2.30",
      "prix_vente": "5.00",
      "quantite": 26,
      "unite_mesure": null,
      "utilisateur_email": "admin@pharma.com",
      "utilisateur_nom": "Admin Principal"
    },
    {
      "actif": 1,
      "code_barre": "AMOX500",
      "date_ajout_produit": "19-09-2025",
      "date_approvisionnement": "20-04-2025",
      "date_expiration": "01-06-2026",
      "description": "Antibiotique large spectre",
      "fournisseur_contact": "Mme Mwamba",
      "fournisseur_email": "info@medsuppliers.com",
      "fournisseur_nom": "MedSuppliers Congo",
      "fournisseur_telephone": "+243900000002",
      "id_fournisseur": 2,
      "id_lot": 8,
      "id_produit": 2,
      "id_utilisateur": 1,
      "image_produit": "amoxicilline.jpg",
      "nom_produit": "Amoxicilline 500mg",
      "prix_achat": "2.50",
      "prix_vente": "5.00",
      "quantite": 78,
      "unite_mesure": null,
      "utilisateur_email": "admin@pharma.com",
      "utilisateur_nom": "Admin Principal"
    },
    {
      "actif": 1,
      "code_barre": "AMOX500",
      "date_ajout_produit": "19-09-2025",
      "date_approvisionnement": "20-04-2025",
      "date_expiration": "01-11-2026",
      "description": "Antibiotique large spectre",
      "fournisseur_contact": "M. Dupont",
      "fournisseur_email": "sales@globalmed.eu",
      "fournisseur_nom": "GlobalMed Europe",
2026-03-10T02:57:07.678Z | REQUEST  | GET | http://127.0.0.1:5000/api/master/list
2026-03-10T02:57:08.282Z | RESPONSE | GET | http://127.0.0.1:5000/api/master/list | 200 | ok=true | duration_ms=590 | {
  "data": [
    {
      "actif": 1,
      "code_barre": "AMOX500",
      "date_ajout_produit": "19-09-2025",
      "date_approvisionnement": "20-04-2025",
      "date_expiration": "20-04-2026",
      "description": "Antibiotique large spectre",
      "fournisseur_contact": "M. Kabila",
      "fournisseur_email": "contact@pharmadistrib.com",
      "fournisseur_nom": "PharmaDistrib RDC",
      "fournisseur_telephone": "+243900000001",
      "id_fournisseur": 1,
      "id_lot": 7,
      "id_produit": 2,
      "id_utilisateur": 1,
      "image_produit": "amoxicilline.jpg",
      "nom_produit": "Amoxicilline 500mg",
      "prix_achat": "2.30",
      "prix_vente": "5.00",
      "quantite": 26,
      "unite_mesure": null,
      "utilisateur_email": "admin@pharma.com",
      "utilisateur_nom": "Admin Principal"
    },
    {
      "actif": 1,
      "code_barre": "AMOX500",
      "date_ajout_produit": "19-09-2025",
      "date_approvisionnement": "20-04-2025",
      "date_expiration": "01-06-2026",
      "description": "Antibiotique large spectre",
      "fournisseur_contact": "Mme Mwamba",
      "fournisseur_email": "info@medsuppliers.com",
      "fournisseur_nom": "MedSuppliers Congo",
      "fournisseur_telephone": "+243900000002",
      "id_fournisseur": 2,
      "id_lot": 8,
      "id_produit": 2,
      "id_utilisateur": 1,
      "image_produit": "amoxicilline.jpg",
      "nom_produit": "Amoxicilline 500mg",
      "prix_achat": "2.50",
      "prix_vente": "5.00",
      "quantite": 78,
      "unite_mesure": null,
      "utilisateur_email": "admin@pharma.com",
      "utilisateur_nom": "Admin Principal"
    },
    {
      "actif": 1,
      "code_barre": "AMOX500",
      "date_ajout_produit": "19-09-2025",
      "date_approvisionnement": "20-04-2025",
      "date_expiration": "01-11-2026",
      "description": "Antibiotique large spectre",
      "fournisseur_contact": "M. Dupont",
      "fournisseur_email": "sales@globalmed.eu",
      "fournisseur_nom": "GlobalMed Europe",
2026-03-10T02:57:24.775Z | REQUEST  | GET | http://127.0.0.1:5000/api/master/list
2026-03-10T02:57:25.237Z | RESPONSE | GET | http://127.0.0.1:5000/api/master/list | 200 | ok=true | duration_ms=460 | {
  "data": [
    {
      "actif": 1,
      "code_barre": "AMOX500",
      "date_ajout_produit": "19-09-2025",
      "date_approvisionnement": "20-04-2025",
      "date_expiration": "20-04-2026",
      "description": "Antibiotique large spectre",
      "fournisseur_contact": "M. Kabila",
      "fournisseur_email": "contact@pharmadistrib.com",
      "fournisseur_nom": "PharmaDistrib RDC",
      "fournisseur_telephone": "+243900000001",
      "id_fournisseur": 1,
      "id_lot": 7,
      "id_produit": 2,
      "id_utilisateur": 1,
      "image_produit": "amoxicilline.jpg",
      "nom_produit": "Amoxicilline 500mg",
      "prix_achat": "2.30",
      "prix_vente": "5.00",
      "quantite": 26,
      "unite_mesure": null,
      "utilisateur_email": "admin@pharma.com",
      "utilisateur_nom": "Admin Principal"
    },
    {
      "actif": 1,
      "code_barre": "AMOX500",
      "date_ajout_produit": "19-09-2025",
      "date_approvisionnement": "20-04-2025",
      "date_expiration": "01-06-2026",
      "description": "Antibiotique large spectre",
      "fournisseur_contact": "Mme Mwamba",
      "fournisseur_email": "info@medsuppliers.com",
      "fournisseur_nom": "MedSuppliers Congo",
      "fournisseur_telephone": "+243900000002",
      "id_fournisseur": 2,
      "id_lot": 8,
      "id_produit": 2,
      "id_utilisateur": 1,
      "image_produit": "amoxicilline.jpg",
      "nom_produit": "Amoxicilline 500mg",
      "prix_achat": "2.50",
      "prix_vente": "5.00",
      "quantite": 78,
      "unite_mesure": null,
      "utilisateur_email": "admin@pharma.com",
      "utilisateur_nom": "Admin Principal"
    },
    {
      "actif": 1,
      "code_barre": "AMOX500",
      "date_ajout_produit": "19-09-2025",
      "date_approvisionnement": "20-04-2025",
      "date_expiration": "01-11-2026",
      "description": "Antibiotique large spectre",
      "fournisseur_contact": "M. Dupont",
      "fournisseur_email": "sales@globalmed.eu",
      "fournisseur_nom": "GlobalMed Europe",
2026-03-10T02:57:42.565Z | REQUEST  | GET | http://127.0.0.1:5000/api/master/list
2026-03-10T02:57:43.286Z | RESPONSE | GET | http://127.0.0.1:5000/api/master/list | 200 | ok=true | duration_ms=415 | {
  "data": [
    {
      "actif": 1,
      "code_barre": "AMOX500",
      "date_ajout_produit": "19-09-2025",
      "date_approvisionnement": "20-04-2025",
      "date_expiration": "20-04-2026",
      "description": "Antibiotique large spectre",
      "fournisseur_contact": "M. Kabila",
      "fournisseur_email": "contact@pharmadistrib.com",
      "fournisseur_nom": "PharmaDistrib RDC",
      "fournisseur_telephone": "+243900000001",
      "id_fournisseur": 1,
      "id_lot": 7,
      "id_produit": 2,
      "id_utilisateur": 1,
      "image_produit": "amoxicilline.jpg",
      "nom_produit": "Amoxicilline 500mg",
      "prix_achat": "2.30",
      "prix_vente": "5.00",
      "quantite": 26,
      "unite_mesure": null,
      "utilisateur_email": "admin@pharma.com",
      "utilisateur_nom": "Admin Principal"
    },
    {
      "actif": 1,
      "code_barre": "AMOX500",
      "date_ajout_produit": "19-09-2025",
      "date_approvisionnement": "20-04-2025",
      "date_expiration": "01-06-2026",
      "description": "Antibiotique large spectre",
      "fournisseur_contact": "Mme Mwamba",
      "fournisseur_email": "info@medsuppliers.com",
      "fournisseur_nom": "MedSuppliers Congo",
      "fournisseur_telephone": "+243900000002",
      "id_fournisseur": 2,
      "id_lot": 8,
      "id_produit": 2,
      "id_utilisateur": 1,
      "image_produit": "amoxicilline.jpg",
      "nom_produit": "Amoxicilline 500mg",
      "prix_achat": "2.50",
      "prix_vente": "5.00",
      "quantite": 78,
      "unite_mesure": null,
      "utilisateur_email": "admin@pharma.com",
      "utilisateur_nom": "Admin Principal"
    },
    {
      "actif": 1,
      "code_barre": "AMOX500",
      "date_ajout_produit": "19-09-2025",
      "date_approvisionnement": "20-04-2025",
      "date_expiration": "01-11-2026",
      "description": "Antibiotique large spectre",
      "fournisseur_contact": "M. Dupont",
      "fournisseur_email": "sales@globalmed.eu",
      "fournisseur_nom": "GlobalMed Europe",
2026-03-10T02:57:58.809Z | REQUEST  | GET | http://127.0.0.1:5000/api/master/list
2026-03-10T02:57:59.075Z | RESPONSE | GET | http://127.0.0.1:5000/api/master/list | 200 | ok=true | duration_ms=200 | {
  "data": [
    {
      "actif": 1,
      "code_barre": "AMOX500",
      "date_ajout_produit": "19-09-2025",
      "date_approvisionnement": "20-04-2025",
      "date_expiration": "20-04-2026",
      "description": "Antibiotique large spectre",
      "fournisseur_contact": "M. Kabila",
      "fournisseur_email": "contact@pharmadistrib.com",
      "fournisseur_nom": "PharmaDistrib RDC",
      "fournisseur_telephone": "+243900000001",
      "id_fournisseur": 1,
      "id_lot": 7,
      "id_produit": 2,
      "id_utilisateur": 1,
      "image_produit": "amoxicilline.jpg",
      "nom_produit": "Amoxicilline 500mg",
      "prix_achat": "2.30",
      "prix_vente": "5.00",
      "quantite": 26,
      "unite_mesure": null,
      "utilisateur_email": "admin@pharma.com",
      "utilisateur_nom": "Admin Principal"
    },
    {
      "actif": 1,
      "code_barre": "AMOX500",
      "date_ajout_produit": "19-09-2025",
      "date_approvisionnement": "20-04-2025",
      "date_expiration": "01-06-2026",
      "description": "Antibiotique large spectre",
      "fournisseur_contact": "Mme Mwamba",
      "fournisseur_email": "info@medsuppliers.com",
      "fournisseur_nom": "MedSuppliers Congo",
      "fournisseur_telephone": "+243900000002",
      "id_fournisseur": 2,
      "id_lot": 8,
      "id_produit": 2,
      "id_utilisateur": 1,
      "image_produit": "amoxicilline.jpg",
      "nom_produit": "Amoxicilline 500mg",
      "prix_achat": "2.50",
      "prix_vente": "5.00",
      "quantite": 78,
      "unite_mesure": null,
      "utilisateur_email": "admin@pharma.com",
      "utilisateur_nom": "Admin Principal"
    },
    {
      "actif": 1,
      "code_barre": "AMOX500",
      "date_ajout_produit": "19-09-2025",
      "date_approvisionnement": "20-04-2025",
      "date_expiration": "01-11-2026",
      "description": "Antibiotique large spectre",
      "fournisseur_contact": "M. Dupont",
      "fournisseur_email": "sales@globalmed.eu",
      "fournisseur_nom": "GlobalMed Europe",
2026-03-10T02:58:14.794Z | REQUEST  | GET | http://127.0.0.1:5000/api/master/list
2026-03-10T02:58:15.145Z | RESPONSE | GET | http://127.0.0.1:5000/api/master/list | 200 | ok=true | duration_ms=265 | {
  "data": [
    {
      "actif": 1,
      "code_barre": "AMOX500",
      "date_ajout_produit": "19-09-2025",
      "date_approvisionnement": "20-04-2025",
      "date_expiration": "20-04-2026",
      "description": "Antibiotique large spectre",
      "fournisseur_contact": "M. Kabila",
      "fournisseur_email": "contact@pharmadistrib.com",
      "fournisseur_nom": "PharmaDistrib RDC",
      "fournisseur_telephone": "+243900000001",
      "id_fournisseur": 1,
      "id_lot": 7,
      "id_produit": 2,
      "id_utilisateur": 1,
      "image_produit": "amoxicilline.jpg",
      "nom_produit": "Amoxicilline 500mg",
      "prix_achat": "2.30",
      "prix_vente": "5.00",
      "quantite": 26,
      "unite_mesure": null,
      "utilisateur_email": "admin@pharma.com",
      "utilisateur_nom": "Admin Principal"
    },
    {
      "actif": 1,
      "code_barre": "AMOX500",
      "date_ajout_produit": "19-09-2025",
      "date_approvisionnement": "20-04-2025",
      "date_expiration": "01-06-2026",
      "description": "Antibiotique large spectre",
      "fournisseur_contact": "Mme Mwamba",
      "fournisseur_email": "info@medsuppliers.com",
      "fournisseur_nom": "MedSuppliers Congo",
      "fournisseur_telephone": "+243900000002",
      "id_fournisseur": 2,
      "id_lot": 8,
      "id_produit": 2,
      "id_utilisateur": 1,
      "image_produit": "amoxicilline.jpg",
      "nom_produit": "Amoxicilline 500mg",
      "prix_achat": "2.50",
      "prix_vente": "5.00",
      "quantite": 78,
      "unite_mesure": null,
      "utilisateur_email": "admin@pharma.com",
      "utilisateur_nom": "Admin Principal"
    },
    {
      "actif": 1,
      "code_barre": "AMOX500",
      "date_ajout_produit": "19-09-2025",
      "date_approvisionnement": "20-04-2025",
      "date_expiration": "01-11-2026",
      "description": "Antibiotique large spectre",
      "fournisseur_contact": "M. Dupont",
      "fournisseur_email": "sales@globalmed.eu",
      "fournisseur_nom": "GlobalMed Europe",
2026-03-10T02:58:30.769Z | REQUEST  | GET | http://127.0.0.1:5000/api/master/list
2026-03-10T02:58:31.191Z | RESPONSE | GET | http://127.0.0.1:5000/api/master/list | 200 | ok=true | duration_ms=295 | {
  "data": [
    {
      "actif": 1,
      "code_barre": "AMOX500",
      "date_ajout_produit": "19-09-2025",
      "date_approvisionnement": "20-04-2025",
      "date_expiration": "20-04-2026",
      "description": "Antibiotique large spectre",
      "fournisseur_contact": "M. Kabila",
      "fournisseur_email": "contact@pharmadistrib.com",
      "fournisseur_nom": "PharmaDistrib RDC",
      "fournisseur_telephone": "+243900000001",
      "id_fournisseur": 1,
      "id_lot": 7,
      "id_produit": 2,
      "id_utilisateur": 1,
      "image_produit": "amoxicilline.jpg",
      "nom_produit": "Amoxicilline 500mg",
      "prix_achat": "2.30",
      "prix_vente": "5.00",
      "quantite": 26,
      "unite_mesure": null,
      "utilisateur_email": "admin@pharma.com",
      "utilisateur_nom": "Admin Principal"
    },
    {
      "actif": 1,
      "code_barre": "AMOX500",
      "date_ajout_produit": "19-09-2025",
      "date_approvisionnement": "20-04-2025",
      "date_expiration": "01-06-2026",
      "description": "Antibiotique large spectre",
      "fournisseur_contact": "Mme Mwamba",
      "fournisseur_email": "info@medsuppliers.com",
      "fournisseur_nom": "MedSuppliers Congo",
      "fournisseur_telephone": "+243900000002",
      "id_fournisseur": 2,
      "id_lot": 8,
      "id_produit": 2,
      "id_utilisateur": 1,
      "image_produit": "amoxicilline.jpg",
      "nom_produit": "Amoxicilline 500mg",
      "prix_achat": "2.50",
      "prix_vente": "5.00",
      "quantite": 78,
      "unite_mesure": null,
      "utilisateur_email": "admin@pharma.com",
      "utilisateur_nom": "Admin Principal"
    },
    {
      "actif": 1,
      "code_barre": "AMOX500",
      "date_ajout_produit": "19-09-2025",
      "date_approvisionnement": "20-04-2025",
      "date_expiration": "01-11-2026",
      "description": "Antibiotique large spectre",
      "fournisseur_contact": "M. Dupont",
      "fournisseur_email": "sales@globalmed.eu",
      "fournisseur_nom": "GlobalMed Europe",
2026-03-10T02:58:56.944Z | REQUEST  | GET | http://127.0.0.1:5000/api/master/list
2026-03-10T02:58:57.236Z | RESPONSE | GET | http://127.0.0.1:5000/api/master/list | 200 | ok=true | duration_ms=198 | {
  "data": [
    {
      "actif": 1,
      "code_barre": "AMOX500",
      "date_ajout_produit": "19-09-2025",
      "date_approvisionnement": "20-04-2025",
      "date_expiration": "20-04-2026",
      "description": "Antibiotique large spectre",
      "fournisseur_contact": "M. Kabila",
      "fournisseur_email": "contact@pharmadistrib.com",
      "fournisseur_nom": "PharmaDistrib RDC",
      "fournisseur_telephone": "+243900000001",
      "id_fournisseur": 1,
      "id_lot": 7,
      "id_produit": 2,
      "id_utilisateur": 1,
      "image_produit": "amoxicilline.jpg",
      "nom_produit": "Amoxicilline 500mg",
      "prix_achat": "2.30",
      "prix_vente": "5.00",
      "quantite": 26,
      "unite_mesure": null,
      "utilisateur_email": "admin@pharma.com",
      "utilisateur_nom": "Admin Principal"
    },
    {
      "actif": 1,
      "code_barre": "AMOX500",
      "date_ajout_produit": "19-09-2025",
      "date_approvisionnement": "20-04-2025",
      "date_expiration": "01-06-2026",
      "description": "Antibiotique large spectre",
      "fournisseur_contact": "Mme Mwamba",
      "fournisseur_email": "info@medsuppliers.com",
      "fournisseur_nom": "MedSuppliers Congo",
      "fournisseur_telephone": "+243900000002",
      "id_fournisseur": 2,
      "id_lot": 8,
      "id_produit": 2,
      "id_utilisateur": 1,
      "image_produit": "amoxicilline.jpg",
      "nom_produit": "Amoxicilline 500mg",
      "prix_achat": "2.50",
      "prix_vente": "5.00",
      "quantite": 78,
      "unite_mesure": null,
      "utilisateur_email": "admin@pharma.com",
      "utilisateur_nom": "Admin Principal"
    },
    {
      "actif": 1,
      "code_barre": "AMOX500",
      "date_ajout_produit": "19-09-2025",
      "date_approvisionnement": "20-04-2025",
      "date_expiration": "01-11-2026",
      "description": "Antibiotique large spectre",
      "fournisseur_contact": "M. Dupont",
      "fournisseur_email": "sales@globalmed.eu",
      "fournisseur_nom": "GlobalMed Europe",
2026-03-10T02:59:14.180Z | REQUEST  | GET | http://127.0.0.1:5000/api/master/list
2026-03-10T02:59:14.381Z | RESPONSE | GET | http://127.0.0.1:5000/api/master/list | 200 | ok=true | duration_ms=137 | {
  "data": [
    {
      "actif": 1,
      "code_barre": "AMOX500",
      "date_ajout_produit": "19-09-2025",
      "date_approvisionnement": "20-04-2025",
      "date_expiration": "20-04-2026",
      "description": "Antibiotique large spectre",
      "fournisseur_contact": "M. Kabila",
      "fournisseur_email": "contact@pharmadistrib.com",
      "fournisseur_nom": "PharmaDistrib RDC",
      "fournisseur_telephone": "+243900000001",
      "id_fournisseur": 1,
      "id_lot": 7,
      "id_produit": 2,
      "id_utilisateur": 1,
      "image_produit": "amoxicilline.jpg",
      "nom_produit": "Amoxicilline 500mg",
      "prix_achat": "2.30",
      "prix_vente": "5.00",
      "quantite": 26,
      "unite_mesure": null,
      "utilisateur_email": "admin@pharma.com",
      "utilisateur_nom": "Admin Principal"
    },
    {
      "actif": 1,
      "code_barre": "AMOX500",
      "date_ajout_produit": "19-09-2025",
      "date_approvisionnement": "20-04-2025",
      "date_expiration": "01-06-2026",
      "description": "Antibiotique large spectre",
      "fournisseur_contact": "Mme Mwamba",
      "fournisseur_email": "info@medsuppliers.com",
      "fournisseur_nom": "MedSuppliers Congo",
      "fournisseur_telephone": "+243900000002",
      "id_fournisseur": 2,
      "id_lot": 8,
      "id_produit": 2,
      "id_utilisateur": 1,
      "image_produit": "amoxicilline.jpg",
      "nom_produit": "Amoxicilline 500mg",
      "prix_achat": "2.50",
      "prix_vente": "5.00",
      "quantite": 78,
      "unite_mesure": null,
      "utilisateur_email": "admin@pharma.com",
      "utilisateur_nom": "Admin Principal"
    },
    {
      "actif": 1,
      "code_barre": "AMOX500",
      "date_ajout_produit": "19-09-2025",
      "date_approvisionnement": "20-04-2025",
      "date_expiration": "01-11-2026",
      "description": "Antibiotique large spectre",
      "fournisseur_contact": "M. Dupont",
      "fournisseur_email": "sales@globalmed.eu",
      "fournisseur_nom": "GlobalMed Europe",
2026-03-10T02:59:30.934Z | REQUEST  | GET | http://127.0.0.1:5000/api/master/list
2026-03-10T02:59:31.378Z | RESPONSE | GET | http://127.0.0.1:5000/api/master/list | 200 | ok=true | duration_ms=440 | {
  "data": [
    {
      "actif": 1,
      "code_barre": "AMOX500",
      "date_ajout_produit": "19-09-2025",
      "date_approvisionnement": "20-04-2025",
      "date_expiration": "20-04-2026",
      "description": "Antibiotique large spectre",
      "fournisseur_contact": "M. Kabila",
      "fournisseur_email": "contact@pharmadistrib.com",
      "fournisseur_nom": "PharmaDistrib RDC",
      "fournisseur_telephone": "+243900000001",
      "id_fournisseur": 1,
      "id_lot": 7,
      "id_produit": 2,
      "id_utilisateur": 1,
      "image_produit": "amoxicilline.jpg",
      "nom_produit": "Amoxicilline 500mg",
      "prix_achat": "2.30",
      "prix_vente": "5.00",
      "quantite": 26,
      "unite_mesure": null,
      "utilisateur_email": "admin@pharma.com",
      "utilisateur_nom": "Admin Principal"
    },
    {
      "actif": 1,
      "code_barre": "AMOX500",
      "date_ajout_produit": "19-09-2025",
      "date_approvisionnement": "20-04-2025",
      "date_expiration": "01-06-2026",
      "description": "Antibiotique large spectre",
      "fournisseur_contact": "Mme Mwamba",
      "fournisseur_email": "info@medsuppliers.com",
      "fournisseur_nom": "MedSuppliers Congo",
      "fournisseur_telephone": "+243900000002",
      "id_fournisseur": 2,
      "id_lot": 8,
      "id_produit": 2,
      "id_utilisateur": 1,
      "image_produit": "amoxicilline.jpg",
      "nom_produit": "Amoxicilline 500mg",
      "prix_achat": "2.50",
      "prix_vente": "5.00",
      "quantite": 78,
      "unite_mesure": null,
      "utilisateur_email": "admin@pharma.com",
      "utilisateur_nom": "Admin Principal"
    },
    {
      "actif": 1,
      "code_barre": "AMOX500",
      "date_ajout_produit": "19-09-2025",
      "date_approvisionnement": "20-04-2025",
      "date_expiration": "01-11-2026",
      "description": "Antibiotique large spectre",
      "fournisseur_contact": "M. Dupont",
      "fournisseur_email": "sales@globalmed.eu",
      "fournisseur_nom": "GlobalMed Europe",
2026-03-10T02:59:46.837Z | REQUEST  | GET | http://127.0.0.1:5000/api/master/list
2026-03-10T02:59:47.255Z | RESPONSE | GET | http://127.0.0.1:5000/api/master/list | 200 | ok=true | duration_ms=390 | {
  "data": [
    {
      "actif": 1,
      "code_barre": "AMOX500",
      "date_ajout_produit": "19-09-2025",
      "date_approvisionnement": "20-04-2025",
      "date_expiration": "20-04-2026",
      "description": "Antibiotique large spectre",
      "fournisseur_contact": "M. Kabila",
      "fournisseur_email": "contact@pharmadistrib.com",
      "fournisseur_nom": "PharmaDistrib RDC",
      "fournisseur_telephone": "+243900000001",
      "id_fournisseur": 1,
      "id_lot": 7,
      "id_produit": 2,
      "id_utilisateur": 1,
      "image_produit": "amoxicilline.jpg",
      "nom_produit": "Amoxicilline 500mg",
      "prix_achat": "2.30",
      "prix_vente": "5.00",
      "quantite": 26,
      "unite_mesure": null,
      "utilisateur_email": "admin@pharma.com",
      "utilisateur_nom": "Admin Principal"
    },
    {
      "actif": 1,
      "code_barre": "AMOX500",
      "date_ajout_produit": "19-09-2025",
      "date_approvisionnement": "20-04-2025",
      "date_expiration": "01-06-2026",
      "description": "Antibiotique large spectre",
      "fournisseur_contact": "Mme Mwamba",
      "fournisseur_email": "info@medsuppliers.com",
      "fournisseur_nom": "MedSuppliers Congo",
      "fournisseur_telephone": "+243900000002",
      "id_fournisseur": 2,
      "id_lot": 8,
      "id_produit": 2,
      "id_utilisateur": 1,
      "image_produit": "amoxicilline.jpg",
      "nom_produit": "Amoxicilline 500mg",
      "prix_achat": "2.50",
      "prix_vente": "5.00",
      "quantite": 78,
      "unite_mesure": null,
      "utilisateur_email": "admin@pharma.com",
      "utilisateur_nom": "Admin Principal"
    },
    {
      "actif": 1,
      "code_barre": "AMOX500",
      "date_ajout_produit": "19-09-2025",
      "date_approvisionnement": "20-04-2025",
      "date_expiration": "01-11-2026",
      "description": "Antibiotique large spectre",
      "fournisseur_contact": "M. Dupont",
      "fournisseur_email": "sales@globalmed.eu",
      "fournisseur_nom": "GlobalMed Europe",
2026-03-10T03:00:02.819Z | REQUEST  | GET | http://127.0.0.1:5000/api/master/list
2026-03-10T03:00:03.413Z | RESPONSE | GET | http://127.0.0.1:5000/api/master/list | 200 | ok=true | duration_ms=422 | {
  "data": [
    {
      "actif": 1,
      "code_barre": "AMOX500",
      "date_ajout_produit": "19-09-2025",
      "date_approvisionnement": "20-04-2025",
      "date_expiration": "20-04-2026",
      "description": "Antibiotique large spectre",
      "fournisseur_contact": "M. Kabila",
      "fournisseur_email": "contact@pharmadistrib.com",
      "fournisseur_nom": "PharmaDistrib RDC",
      "fournisseur_telephone": "+243900000001",
      "id_fournisseur": 1,
      "id_lot": 7,
      "id_produit": 2,
      "id_utilisateur": 1,
      "image_produit": "amoxicilline.jpg",
      "nom_produit": "Amoxicilline 500mg",
      "prix_achat": "2.30",
      "prix_vente": "5.00",
      "quantite": 26,
      "unite_mesure": null,
      "utilisateur_email": "admin@pharma.com",
      "utilisateur_nom": "Admin Principal"
    },
    {
      "actif": 1,
      "code_barre": "AMOX500",
      "date_ajout_produit": "19-09-2025",
      "date_approvisionnement": "20-04-2025",
      "date_expiration": "01-06-2026",
      "description": "Antibiotique large spectre",
      "fournisseur_contact": "Mme Mwamba",
      "fournisseur_email": "info@medsuppliers.com",
      "fournisseur_nom": "MedSuppliers Congo",
      "fournisseur_telephone": "+243900000002",
      "id_fournisseur": 2,
      "id_lot": 8,
      "id_produit": 2,
      "id_utilisateur": 1,
      "image_produit": "amoxicilline.jpg",
      "nom_produit": "Amoxicilline 500mg",
      "prix_achat": "2.50",
      "prix_vente": "5.00",
      "quantite": 78,
      "unite_mesure": null,
      "utilisateur_email": "admin@pharma.com",
      "utilisateur_nom": "Admin Principal"
    },
    {
      "actif": 1,
      "code_barre": "AMOX500",
      "date_ajout_produit": "19-09-2025",
      "date_approvisionnement": "20-04-2025",
      "date_expiration": "01-11-2026",
      "description": "Antibiotique large spectre",
      "fournisseur_contact": "M. Dupont",
      "fournisseur_email": "sales@globalmed.eu",
      "fournisseur_nom": "GlobalMed Europe",
2026-03-10T03:00:18.895Z | REQUEST  | GET | http://127.0.0.1:5000/api/master/list
2026-03-10T03:00:20.368Z | RESPONSE | GET | http://127.0.0.1:5000/api/master/list | 200 | ok=true | duration_ms=1408 | {
  "data": [
    {
      "actif": 1,
      "code_barre": "AMOX500",
      "date_ajout_produit": "19-09-2025",
      "date_approvisionnement": "20-04-2025",
      "date_expiration": "20-04-2026",
      "description": "Antibiotique large spectre",
      "fournisseur_contact": "M. Kabila",
      "fournisseur_email": "contact@pharmadistrib.com",
      "fournisseur_nom": "PharmaDistrib RDC",
      "fournisseur_telephone": "+243900000001",
      "id_fournisseur": 1,
      "id_lot": 7,
      "id_produit": 2,
      "id_utilisateur": 1,
      "image_produit": "amoxicilline.jpg",
      "nom_produit": "Amoxicilline 500mg",
      "prix_achat": "2.30",
      "prix_vente": "5.00",
      "quantite": 26,
      "unite_mesure": null,
      "utilisateur_email": "admin@pharma.com",
      "utilisateur_nom": "Admin Principal"
    },
    {
      "actif": 1,
      "code_barre": "AMOX500",
      "date_ajout_produit": "19-09-2025",
      "date_approvisionnement": "20-04-2025",
      "date_expiration": "01-06-2026",
      "description": "Antibiotique large spectre",
      "fournisseur_contact": "Mme Mwamba",
      "fournisseur_email": "info@medsuppliers.com",
      "fournisseur_nom": "MedSuppliers Congo",
      "fournisseur_telephone": "+243900000002",
      "id_fournisseur": 2,
      "id_lot": 8,
      "id_produit": 2,
      "id_utilisateur": 1,
      "image_produit": "amoxicilline.jpg",
      "nom_produit": "Amoxicilline 500mg",
      "prix_achat": "2.50",
      "prix_vente": "5.00",
      "quantite": 78,
      "unite_mesure": null,
      "utilisateur_email": "admin@pharma.com",
      "utilisateur_nom": "Admin Principal"
    },
    {
      "actif": 1,
      "code_barre": "AMOX500",
      "date_ajout_produit": "19-09-2025",
      "date_approvisionnement": "20-04-2025",
      "date_expiration": "01-11-2026",
      "description": "Antibiotique large spectre",
      "fournisseur_contact": "M. Dupont",
      "fournisseur_email": "sales@globalmed.eu",
      "fournisseur_nom": "GlobalMed Europe",
2026-03-10T03:00:34.896Z | REQUEST  | GET | http://127.0.0.1:5000/api/master/list
2026-03-10T03:00:36.459Z | RESPONSE | GET | http://127.0.0.1:5000/api/master/list | 200 | ok=true | duration_ms=1007 | {
  "data": [
    {
      "actif": 1,
      "code_barre": "AMOX500",
      "date_ajout_produit": "19-09-2025",
      "date_approvisionnement": "20-04-2025",
      "date_expiration": "20-04-2026",
      "description": "Antibiotique large spectre",
      "fournisseur_contact": "M. Kabila",
      "fournisseur_email": "contact@pharmadistrib.com",
      "fournisseur_nom": "PharmaDistrib RDC",
      "fournisseur_telephone": "+243900000001",
      "id_fournisseur": 1,
      "id_lot": 7,
      "id_produit": 2,
      "id_utilisateur": 1,
      "image_produit": "amoxicilline.jpg",
      "nom_produit": "Amoxicilline 500mg",
      "prix_achat": "2.30",
      "prix_vente": "5.00",
      "quantite": 26,
      "unite_mesure": null,
      "utilisateur_email": "admin@pharma.com",
      "utilisateur_nom": "Admin Principal"
    },
    {
      "actif": 1,
      "code_barre": "AMOX500",
      "date_ajout_produit": "19-09-2025",
      "date_approvisionnement": "20-04-2025",
      "date_expiration": "01-06-2026",
      "description": "Antibiotique large spectre",
      "fournisseur_contact": "Mme Mwamba",
      "fournisseur_email": "info@medsuppliers.com",
      "fournisseur_nom": "MedSuppliers Congo",
      "fournisseur_telephone": "+243900000002",
      "id_fournisseur": 2,
      "id_lot": 8,
      "id_produit": 2,
      "id_utilisateur": 1,
      "image_produit": "amoxicilline.jpg",
      "nom_produit": "Amoxicilline 500mg",
      "prix_achat": "2.50",
      "prix_vente": "5.00",
      "quantite": 78,
      "unite_mesure": null,
      "utilisateur_email": "admin@pharma.com",
      "utilisateur_nom": "Admin Principal"
    },
    {
      "actif": 1,
      "code_barre": "AMOX500",
      "date_ajout_produit": "19-09-2025",
      "date_approvisionnement": "20-04-2025",
      "date_expiration": "01-11-2026",
      "description": "Antibiotique large spectre",
      "fournisseur_contact": "M. Dupont",
      "fournisseur_email": "sales@globalmed.eu",
      "fournisseur_nom": "GlobalMed Europe",
2026-03-10T03:00:57.767Z | REQUEST  | GET | http://127.0.0.1:5000/api/master/list
2026-03-10T03:00:58.372Z | RESPONSE | GET | http://127.0.0.1:5000/api/master/list | 200 | ok=true | duration_ms=475 | {
  "data": [
    {
      "actif": 1,
      "code_barre": "AMOX500",
      "date_ajout_produit": "19-09-2025",
      "date_approvisionnement": "20-04-2025",
      "date_expiration": "20-04-2026",
      "description": "Antibiotique large spectre",
      "fournisseur_contact": "M. Kabila",
      "fournisseur_email": "contact@pharmadistrib.com",
      "fournisseur_nom": "PharmaDistrib RDC",
      "fournisseur_telephone": "+243900000001",
      "id_fournisseur": 1,
      "id_lot": 7,
      "id_produit": 2,
      "id_utilisateur": 1,
      "image_produit": "amoxicilline.jpg",
      "nom_produit": "Amoxicilline 500mg",
      "prix_achat": "2.30",
      "prix_vente": "5.00",
      "quantite": 26,
      "unite_mesure": null,
      "utilisateur_email": "admin@pharma.com",
      "utilisateur_nom": "Admin Principal"
    },
    {
      "actif": 1,
      "code_barre": "AMOX500",
      "date_ajout_produit": "19-09-2025",
      "date_approvisionnement": "20-04-2025",
      "date_expiration": "01-06-2026",
      "description": "Antibiotique large spectre",
      "fournisseur_contact": "Mme Mwamba",
      "fournisseur_email": "info@medsuppliers.com",
      "fournisseur_nom": "MedSuppliers Congo",
      "fournisseur_telephone": "+243900000002",
      "id_fournisseur": 2,
      "id_lot": 8,
      "id_produit": 2,
      "id_utilisateur": 1,
      "image_produit": "amoxicilline.jpg",
      "nom_produit": "Amoxicilline 500mg",
      "prix_achat": "2.50",
      "prix_vente": "5.00",
      "quantite": 78,
      "unite_mesure": null,
      "utilisateur_email": "admin@pharma.com",
      "utilisateur_nom": "Admin Principal"
    },
    {
      "actif": 1,
      "code_barre": "AMOX500",
      "date_ajout_produit": "19-09-2025",
      "date_approvisionnement": "20-04-2025",
      "date_expiration": "01-11-2026",
      "description": "Antibiotique large spectre",
      "fournisseur_contact": "M. Dupont",
      "fournisseur_email": "sales@globalmed.eu",
      "fournisseur_nom": "GlobalMed Europe",
2026-03-10T03:01:15.100Z | REQUEST  | GET | http://127.0.0.1:5000/api/master/list
2026-03-10T03:01:15.774Z | RESPONSE | GET | http://127.0.0.1:5000/api/master/list | 200 | ok=true | duration_ms=511 | {
  "data": [
    {
      "actif": 1,
      "code_barre": "AMOX500",
      "date_ajout_produit": "19-09-2025",
      "date_approvisionnement": "20-04-2025",
      "date_expiration": "20-04-2026",
      "description": "Antibiotique large spectre",
      "fournisseur_contact": "M. Kabila",
      "fournisseur_email": "contact@pharmadistrib.com",
      "fournisseur_nom": "PharmaDistrib RDC",
      "fournisseur_telephone": "+243900000001",
      "id_fournisseur": 1,
      "id_lot": 7,
      "id_produit": 2,
      "id_utilisateur": 1,
      "image_produit": "amoxicilline.jpg",
      "nom_produit": "Amoxicilline 500mg",
      "prix_achat": "2.30",
      "prix_vente": "5.00",
      "quantite": 26,
      "unite_mesure": null,
      "utilisateur_email": "admin@pharma.com",
      "utilisateur_nom": "Admin Principal"
    },
    {
      "actif": 1,
      "code_barre": "AMOX500",
      "date_ajout_produit": "19-09-2025",
      "date_approvisionnement": "20-04-2025",
      "date_expiration": "01-06-2026",
      "description": "Antibiotique large spectre",
      "fournisseur_contact": "Mme Mwamba",
      "fournisseur_email": "info@medsuppliers.com",
      "fournisseur_nom": "MedSuppliers Congo",
      "fournisseur_telephone": "+243900000002",
      "id_fournisseur": 2,
      "id_lot": 8,
      "id_produit": 2,
      "id_utilisateur": 1,
      "image_produit": "amoxicilline.jpg",
      "nom_produit": "Amoxicilline 500mg",
      "prix_achat": "2.50",
      "prix_vente": "5.00",
      "quantite": 78,
      "unite_mesure": null,
      "utilisateur_email": "admin@pharma.com",
      "utilisateur_nom": "Admin Principal"
    },
    {
      "actif": 1,
      "code_barre": "AMOX500",
      "date_ajout_produit": "19-09-2025",
      "date_approvisionnement": "20-04-2025",
      "date_expiration": "01-11-2026",
      "description": "Antibiotique large spectre",
      "fournisseur_contact": "M. Dupont",
      "fournisseur_email": "sales@globalmed.eu",
      "fournisseur_nom": "GlobalMed Europe",
2026-03-10T03:01:32.051Z | REQUEST  | GET | http://127.0.0.1:5000/api/master/list
2026-03-10T03:01:32.640Z | RESPONSE | GET | http://127.0.0.1:5000/api/master/list | 200 | ok=true | duration_ms=489 | {
  "data": [
    {
      "actif": 1,
      "code_barre": "AMOX500",
      "date_ajout_produit": "19-09-2025",
      "date_approvisionnement": "20-04-2025",
      "date_expiration": "20-04-2026",
      "description": "Antibiotique large spectre",
      "fournisseur_contact": "M. Kabila",
      "fournisseur_email": "contact@pharmadistrib.com",
      "fournisseur_nom": "PharmaDistrib RDC",
      "fournisseur_telephone": "+243900000001",
      "id_fournisseur": 1,
      "id_lot": 7,
      "id_produit": 2,
      "id_utilisateur": 1,
      "image_produit": "amoxicilline.jpg",
      "nom_produit": "Amoxicilline 500mg",
      "prix_achat": "2.30",
      "prix_vente": "5.00",
      "quantite": 26,
      "unite_mesure": null,
      "utilisateur_email": "admin@pharma.com",
      "utilisateur_nom": "Admin Principal"
    },
    {
      "actif": 1,
      "code_barre": "AMOX500",
      "date_ajout_produit": "19-09-2025",
      "date_approvisionnement": "20-04-2025",
      "date_expiration": "01-06-2026",
      "description": "Antibiotique large spectre",
      "fournisseur_contact": "Mme Mwamba",
      "fournisseur_email": "info@medsuppliers.com",
      "fournisseur_nom": "MedSuppliers Congo",
      "fournisseur_telephone": "+243900000002",
      "id_fournisseur": 2,
      "id_lot": 8,
      "id_produit": 2,
      "id_utilisateur": 1,
      "image_produit": "amoxicilline.jpg",
      "nom_produit": "Amoxicilline 500mg",
      "prix_achat": "2.50",
      "prix_vente": "5.00",
      "quantite": 78,
      "unite_mesure": null,
      "utilisateur_email": "admin@pharma.com",
      "utilisateur_nom": "Admin Principal"
    },
    {
      "actif": 1,
      "code_barre": "AMOX500",
      "date_ajout_produit": "19-09-2025",
      "date_approvisionnement": "20-04-2025",
      "date_expiration": "01-11-2026",
      "description": "Antibiotique large spectre",
      "fournisseur_contact": "M. Dupont",
      "fournisseur_email": "sales@globalmed.eu",
      "fournisseur_nom": "GlobalMed Europe",
2026-03-10T03:01:47.814Z | REQUEST  | GET | http://127.0.0.1:5000/api/master/list
2026-03-10T03:01:48.081Z | RESPONSE | GET | http://127.0.0.1:5000/api/master/list | 200 | ok=true | duration_ms=217 | {
  "data": [
    {
      "actif": 1,
      "code_barre": "AMOX500",
      "date_ajout_produit": "19-09-2025",
      "date_approvisionnement": "20-04-2025",
      "date_expiration": "20-04-2026",
      "description": "Antibiotique large spectre",
      "fournisseur_contact": "M. Kabila",
      "fournisseur_email": "contact@pharmadistrib.com",
      "fournisseur_nom": "PharmaDistrib RDC",
      "fournisseur_telephone": "+243900000001",
      "id_fournisseur": 1,
      "id_lot": 7,
      "id_produit": 2,
      "id_utilisateur": 1,
      "image_produit": "amoxicilline.jpg",
      "nom_produit": "Amoxicilline 500mg",
      "prix_achat": "2.30",
      "prix_vente": "5.00",
      "quantite": 26,
      "unite_mesure": null,
      "utilisateur_email": "admin@pharma.com",
      "utilisateur_nom": "Admin Principal"
    },
    {
      "actif": 1,
      "code_barre": "AMOX500",
      "date_ajout_produit": "19-09-2025",
      "date_approvisionnement": "20-04-2025",
      "date_expiration": "01-06-2026",
      "description": "Antibiotique large spectre",
      "fournisseur_contact": "Mme Mwamba",
      "fournisseur_email": "info@medsuppliers.com",
      "fournisseur_nom": "MedSuppliers Congo",
      "fournisseur_telephone": "+243900000002",
      "id_fournisseur": 2,
      "id_lot": 8,
      "id_produit": 2,
      "id_utilisateur": 1,
      "image_produit": "amoxicilline.jpg",
      "nom_produit": "Amoxicilline 500mg",
      "prix_achat": "2.50",
      "prix_vente": "5.00",
      "quantite": 78,
      "unite_mesure": null,
      "utilisateur_email": "admin@pharma.com",
      "utilisateur_nom": "Admin Principal"
    },
    {
      "actif": 1,
      "code_barre": "AMOX500",
      "date_ajout_produit": "19-09-2025",
      "date_approvisionnement": "20-04-2025",
      "date_expiration": "01-11-2026",
      "description": "Antibiotique large spectre",
      "fournisseur_contact": "M. Dupont",
      "fournisseur_email": "sales@globalmed.eu",
      "fournisseur_nom": "GlobalMed Europe",
2026-03-10T03:02:03.792Z | REQUEST  | GET | http://127.0.0.1:5000/api/master/list
2026-03-10T03:02:04.244Z | RESPONSE | GET | http://127.0.0.1:5000/api/master/list | 200 | ok=true | duration_ms=320 | {
  "data": [
    {
      "actif": 1,
      "code_barre": "AMOX500",
      "date_ajout_produit": "19-09-2025",
      "date_approvisionnement": "20-04-2025",
      "date_expiration": "20-04-2026",
      "description": "Antibiotique large spectre",
      "fournisseur_contact": "M. Kabila",
      "fournisseur_email": "contact@pharmadistrib.com",
      "fournisseur_nom": "PharmaDistrib RDC",
      "fournisseur_telephone": "+243900000001",
      "id_fournisseur": 1,
      "id_lot": 7,
      "id_produit": 2,
      "id_utilisateur": 1,
      "image_produit": "amoxicilline.jpg",
      "nom_produit": "Amoxicilline 500mg",
      "prix_achat": "2.30",
      "prix_vente": "5.00",
      "quantite": 26,
      "unite_mesure": null,
      "utilisateur_email": "admin@pharma.com",
      "utilisateur_nom": "Admin Principal"
    },
    {
      "actif": 1,
      "code_barre": "AMOX500",
      "date_ajout_produit": "19-09-2025",
      "date_approvisionnement": "20-04-2025",
      "date_expiration": "01-06-2026",
      "description": "Antibiotique large spectre",
      "fournisseur_contact": "Mme Mwamba",
      "fournisseur_email": "info@medsuppliers.com",
      "fournisseur_nom": "MedSuppliers Congo",
      "fournisseur_telephone": "+243900000002",
      "id_fournisseur": 2,
      "id_lot": 8,
      "id_produit": 2,
      "id_utilisateur": 1,
      "image_produit": "amoxicilline.jpg",
      "nom_produit": "Amoxicilline 500mg",
      "prix_achat": "2.50",
      "prix_vente": "5.00",
      "quantite": 78,
      "unite_mesure": null,
      "utilisateur_email": "admin@pharma.com",
      "utilisateur_nom": "Admin Principal"
    },
    {
      "actif": 1,
      "code_barre": "AMOX500",
      "date_ajout_produit": "19-09-2025",
      "date_approvisionnement": "20-04-2025",
      "date_expiration": "01-11-2026",
      "description": "Antibiotique large spectre",
      "fournisseur_contact": "M. Dupont",
      "fournisseur_email": "sales@globalmed.eu",
      "fournisseur_nom": "GlobalMed Europe",
2026-03-10T03:02:19.845Z | REQUEST  | GET | http://127.0.0.1:5000/api/master/list
2026-03-10T03:02:20.205Z | RESPONSE | GET | http://127.0.0.1:5000/api/master/list | 200 | ok=true | duration_ms=250 | {
  "data": [
    {
      "actif": 1,
      "code_barre": "AMOX500",
      "date_ajout_produit": "19-09-2025",
      "date_approvisionnement": "20-04-2025",
      "date_expiration": "20-04-2026",
      "description": "Antibiotique large spectre",
      "fournisseur_contact": "M. Kabila",
      "fournisseur_email": "contact@pharmadistrib.com",
      "fournisseur_nom": "PharmaDistrib RDC",
      "fournisseur_telephone": "+243900000001",
      "id_fournisseur": 1,
      "id_lot": 7,
      "id_produit": 2,
      "id_utilisateur": 1,
      "image_produit": "amoxicilline.jpg",
      "nom_produit": "Amoxicilline 500mg",
      "prix_achat": "2.30",
      "prix_vente": "5.00",
      "quantite": 26,
      "unite_mesure": null,
      "utilisateur_email": "admin@pharma.com",
      "utilisateur_nom": "Admin Principal"
    },
    {
      "actif": 1,
      "code_barre": "AMOX500",
      "date_ajout_produit": "19-09-2025",
      "date_approvisionnement": "20-04-2025",
      "date_expiration": "01-06-2026",
      "description": "Antibiotique large spectre",
      "fournisseur_contact": "Mme Mwamba",
      "fournisseur_email": "info@medsuppliers.com",
      "fournisseur_nom": "MedSuppliers Congo",
      "fournisseur_telephone": "+243900000002",
      "id_fournisseur": 2,
      "id_lot": 8,
      "id_produit": 2,
      "id_utilisateur": 1,
      "image_produit": "amoxicilline.jpg",
      "nom_produit": "Amoxicilline 500mg",
      "prix_achat": "2.50",
      "prix_vente": "5.00",
      "quantite": 78,
      "unite_mesure": null,
      "utilisateur_email": "admin@pharma.com",
      "utilisateur_nom": "Admin Principal"
    },
    {
      "actif": 1,
      "code_barre": "AMOX500",
      "date_ajout_produit": "19-09-2025",
      "date_approvisionnement": "20-04-2025",
      "date_expiration": "01-11-2026",
      "description": "Antibiotique large spectre",
      "fournisseur_contact": "M. Dupont",
      "fournisseur_email": "sales@globalmed.eu",
      "fournisseur_nom": "GlobalMed Europe",
2026-03-10T03:02:45.086Z | REQUEST  | GET | http://127.0.0.1:5000/api/master/list
2026-03-10T03:02:45.491Z | RESPONSE | GET | http://127.0.0.1:5000/api/master/list | 200 | ok=true | duration_ms=312 | {
  "data": [
    {
      "actif": 1,
      "code_barre": "AMOX500",
      "date_ajout_produit": "19-09-2025",
      "date_approvisionnement": "20-04-2025",
      "date_expiration": "20-04-2026",
      "description": "Antibiotique large spectre",
      "fournisseur_contact": "M. Kabila",
      "fournisseur_email": "contact@pharmadistrib.com",
      "fournisseur_nom": "PharmaDistrib RDC",
      "fournisseur_telephone": "+243900000001",
      "id_fournisseur": 1,
      "id_lot": 7,
      "id_produit": 2,
      "id_utilisateur": 1,
      "image_produit": "amoxicilline.jpg",
      "nom_produit": "Amoxicilline 500mg",
      "prix_achat": "2.30",
      "prix_vente": "5.00",
      "quantite": 26,
      "unite_mesure": null,
      "utilisateur_email": "admin@pharma.com",
      "utilisateur_nom": "Admin Principal"
    },
    {
      "actif": 1,
      "code_barre": "AMOX500",
      "date_ajout_produit": "19-09-2025",
      "date_approvisionnement": "20-04-2025",
      "date_expiration": "01-06-2026",
      "description": "Antibiotique large spectre",
      "fournisseur_contact": "Mme Mwamba",
      "fournisseur_email": "info@medsuppliers.com",
      "fournisseur_nom": "MedSuppliers Congo",
      "fournisseur_telephone": "+243900000002",
      "id_fournisseur": 2,
      "id_lot": 8,
      "id_produit": 2,
      "id_utilisateur": 1,
      "image_produit": "amoxicilline.jpg",
      "nom_produit": "Amoxicilline 500mg",
      "prix_achat": "2.50",
      "prix_vente": "5.00",
      "quantite": 78,
      "unite_mesure": null,
      "utilisateur_email": "admin@pharma.com",
      "utilisateur_nom": "Admin Principal"
    },
    {
      "actif": 1,
      "code_barre": "AMOX500",
      "date_ajout_produit": "19-09-2025",
      "date_approvisionnement": "20-04-2025",
      "date_expiration": "01-11-2026",
      "description": "Antibiotique large spectre",
      "fournisseur_contact": "M. Dupont",
      "fournisseur_email": "sales@globalmed.eu",
      "fournisseur_nom": "GlobalMed Europe",
2026-03-10T03:03:02.225Z | REQUEST  | GET | http://127.0.0.1:5000/api/master/list
2026-03-10T03:03:02.466Z | RESPONSE | GET | http://127.0.0.1:5000/api/master/list | 200 | ok=true | duration_ms=184 | {
  "data": [
    {
      "actif": 1,
      "code_barre": "AMOX500",
      "date_ajout_produit": "19-09-2025",
      "date_approvisionnement": "20-04-2025",
      "date_expiration": "20-04-2026",
      "description": "Antibiotique large spectre",
      "fournisseur_contact": "M. Kabila",
      "fournisseur_email": "contact@pharmadistrib.com",
      "fournisseur_nom": "PharmaDistrib RDC",
      "fournisseur_telephone": "+243900000001",
      "id_fournisseur": 1,
      "id_lot": 7,
      "id_produit": 2,
      "id_utilisateur": 1,
      "image_produit": "amoxicilline.jpg",
      "nom_produit": "Amoxicilline 500mg",
      "prix_achat": "2.30",
      "prix_vente": "5.00",
      "quantite": 26,
      "unite_mesure": null,
      "utilisateur_email": "admin@pharma.com",
      "utilisateur_nom": "Admin Principal"
    },
    {
      "actif": 1,
      "code_barre": "AMOX500",
      "date_ajout_produit": "19-09-2025",
      "date_approvisionnement": "20-04-2025",
      "date_expiration": "01-06-2026",
      "description": "Antibiotique large spectre",
      "fournisseur_contact": "Mme Mwamba",
      "fournisseur_email": "info@medsuppliers.com",
      "fournisseur_nom": "MedSuppliers Congo",
      "fournisseur_telephone": "+243900000002",
      "id_fournisseur": 2,
      "id_lot": 8,
      "id_produit": 2,
      "id_utilisateur": 1,
      "image_produit": "amoxicilline.jpg",
      "nom_produit": "Amoxicilline 500mg",
      "prix_achat": "2.50",
      "prix_vente": "5.00",
      "quantite": 78,
      "unite_mesure": null,
      "utilisateur_email": "admin@pharma.com",
      "utilisateur_nom": "Admin Principal"
    },
    {
      "actif": 1,
      "code_barre": "AMOX500",
      "date_ajout_produit": "19-09-2025",
      "date_approvisionnement": "20-04-2025",
      "date_expiration": "01-11-2026",
      "description": "Antibiotique large spectre",
      "fournisseur_contact": "M. Dupont",
      "fournisseur_email": "sales@globalmed.eu",
      "fournisseur_nom": "GlobalMed Europe",
2026-03-10T03:03:17.863Z | REQUEST  | GET | http://127.0.0.1:5000/api/master/list
2026-03-10T03:03:18.114Z | RESPONSE | GET | http://127.0.0.1:5000/api/master/list | 200 | ok=true | duration_ms=150 | {
  "data": [
    {
      "actif": 1,
      "code_barre": "AMOX500",
      "date_ajout_produit": "19-09-2025",
      "date_approvisionnement": "20-04-2025",
      "date_expiration": "20-04-2026",
      "description": "Antibiotique large spectre",
      "fournisseur_contact": "M. Kabila",
      "fournisseur_email": "contact@pharmadistrib.com",
      "fournisseur_nom": "PharmaDistrib RDC",
      "fournisseur_telephone": "+243900000001",
      "id_fournisseur": 1,
      "id_lot": 7,
      "id_produit": 2,
      "id_utilisateur": 1,
      "image_produit": "amoxicilline.jpg",
      "nom_produit": "Amoxicilline 500mg",
      "prix_achat": "2.30",
      "prix_vente": "5.00",
      "quantite": 26,
      "unite_mesure": null,
      "utilisateur_email": "admin@pharma.com",
      "utilisateur_nom": "Admin Principal"
    },
    {
      "actif": 1,
      "code_barre": "AMOX500",
      "date_ajout_produit": "19-09-2025",
      "date_approvisionnement": "20-04-2025",
      "date_expiration": "01-06-2026",
      "description": "Antibiotique large spectre",
      "fournisseur_contact": "Mme Mwamba",
      "fournisseur_email": "info@medsuppliers.com",
      "fournisseur_nom": "MedSuppliers Congo",
      "fournisseur_telephone": "+243900000002",
      "id_fournisseur": 2,
      "id_lot": 8,
      "id_produit": 2,
      "id_utilisateur": 1,
      "image_produit": "amoxicilline.jpg",
      "nom_produit": "Amoxicilline 500mg",
      "prix_achat": "2.50",
      "prix_vente": "5.00",
      "quantite": 78,
      "unite_mesure": null,
      "utilisateur_email": "admin@pharma.com",
      "utilisateur_nom": "Admin Principal"
    },
    {
      "actif": 1,
      "code_barre": "AMOX500",
      "date_ajout_produit": "19-09-2025",
      "date_approvisionnement": "20-04-2025",
      "date_expiration": "01-11-2026",
      "description": "Antibiotique large spectre",
      "fournisseur_contact": "M. Dupont",
      "fournisseur_email": "sales@globalmed.eu",
      "fournisseur_nom": "GlobalMed Europe",
2026-03-10T03:03:33.790Z | REQUEST  | GET | http://127.0.0.1:5000/api/master/list
2026-03-10T03:03:34.109Z | RESPONSE | GET | http://127.0.0.1:5000/api/master/list | 200 | ok=true | duration_ms=222 | {
  "data": [
    {
      "actif": 1,
      "code_barre": "AMOX500",
      "date_ajout_produit": "19-09-2025",
      "date_approvisionnement": "20-04-2025",
      "date_expiration": "20-04-2026",
      "description": "Antibiotique large spectre",
      "fournisseur_contact": "M. Kabila",
      "fournisseur_email": "contact@pharmadistrib.com",
      "fournisseur_nom": "PharmaDistrib RDC",
      "fournisseur_telephone": "+243900000001",
      "id_fournisseur": 1,
      "id_lot": 7,
      "id_produit": 2,
      "id_utilisateur": 1,
      "image_produit": "amoxicilline.jpg",
      "nom_produit": "Amoxicilline 500mg",
      "prix_achat": "2.30",
      "prix_vente": "5.00",
      "quantite": 26,
      "unite_mesure": null,
      "utilisateur_email": "admin@pharma.com",
      "utilisateur_nom": "Admin Principal"
    },
    {
      "actif": 1,
      "code_barre": "AMOX500",
      "date_ajout_produit": "19-09-2025",
      "date_approvisionnement": "20-04-2025",
      "date_expiration": "01-06-2026",
      "description": "Antibiotique large spectre",
      "fournisseur_contact": "Mme Mwamba",
      "fournisseur_email": "info@medsuppliers.com",
      "fournisseur_nom": "MedSuppliers Congo",
      "fournisseur_telephone": "+243900000002",
      "id_fournisseur": 2,
      "id_lot": 8,
      "id_produit": 2,
      "id_utilisateur": 1,
      "image_produit": "amoxicilline.jpg",
      "nom_produit": "Amoxicilline 500mg",
      "prix_achat": "2.50",
      "prix_vente": "5.00",
      "quantite": 78,
      "unite_mesure": null,
      "utilisateur_email": "admin@pharma.com",
      "utilisateur_nom": "Admin Principal"
    },
    {
      "actif": 1,
      "code_barre": "AMOX500",
      "date_ajout_produit": "19-09-2025",
      "date_approvisionnement": "20-04-2025",
      "date_expiration": "01-11-2026",
      "description": "Antibiotique large spectre",
      "fournisseur_contact": "M. Dupont",
      "fournisseur_email": "sales@globalmed.eu",
      "fournisseur_nom": "GlobalMed Europe",
2026-03-10T03:03:49.795Z | REQUEST  | GET | http://127.0.0.1:5000/api/master/list
2026-03-10T03:03:50.230Z | RESPONSE | GET | http://127.0.0.1:5000/api/master/list | 200 | ok=true | duration_ms=353 | {
  "data": [
    {
      "actif": 1,
      "code_barre": "AMOX500",
      "date_ajout_produit": "19-09-2025",
      "date_approvisionnement": "20-04-2025",
      "date_expiration": "20-04-2026",
      "description": "Antibiotique large spectre",
      "fournisseur_contact": "M. Kabila",
      "fournisseur_email": "contact@pharmadistrib.com",
      "fournisseur_nom": "PharmaDistrib RDC",
      "fournisseur_telephone": "+243900000001",
      "id_fournisseur": 1,
      "id_lot": 7,
      "id_produit": 2,
      "id_utilisateur": 1,
      "image_produit": "amoxicilline.jpg",
      "nom_produit": "Amoxicilline 500mg",
      "prix_achat": "2.30",
      "prix_vente": "5.00",
      "quantite": 26,
      "unite_mesure": null,
      "utilisateur_email": "admin@pharma.com",
      "utilisateur_nom": "Admin Principal"
    },
    {
      "actif": 1,
      "code_barre": "AMOX500",
      "date_ajout_produit": "19-09-2025",
      "date_approvisionnement": "20-04-2025",
      "date_expiration": "01-06-2026",
      "description": "Antibiotique large spectre",
      "fournisseur_contact": "Mme Mwamba",
      "fournisseur_email": "info@medsuppliers.com",
      "fournisseur_nom": "MedSuppliers Congo",
      "fournisseur_telephone": "+243900000002",
      "id_fournisseur": 2,
      "id_lot": 8,
      "id_produit": 2,
      "id_utilisateur": 1,
      "image_produit": "amoxicilline.jpg",
      "nom_produit": "Amoxicilline 500mg",
      "prix_achat": "2.50",
      "prix_vente": "5.00",
      "quantite": 78,
      "unite_mesure": null,
      "utilisateur_email": "admin@pharma.com",
      "utilisateur_nom": "Admin Principal"
    },
    {
      "actif": 1,
      "code_barre": "AMOX500",
      "date_ajout_produit": "19-09-2025",
      "date_approvisionnement": "20-04-2025",
      "date_expiration": "01-11-2026",
      "description": "Antibiotique large spectre",
      "fournisseur_contact": "M. Dupont",
      "fournisseur_email": "sales@globalmed.eu",
      "fournisseur_nom": "GlobalMed Europe",
2026-03-10T03:04:05.785Z | REQUEST  | GET | http://127.0.0.1:5000/api/master/list
2026-03-10T03:04:06.094Z | RESPONSE | GET | http://127.0.0.1:5000/api/master/list | 200 | ok=true | duration_ms=283 | {
  "data": [
    {
      "actif": 1,
      "code_barre": "AMOX500",
      "date_ajout_produit": "19-09-2025",
      "date_approvisionnement": "20-04-2025",
      "date_expiration": "20-04-2026",
      "description": "Antibiotique large spectre",
      "fournisseur_contact": "M. Kabila",
      "fournisseur_email": "contact@pharmadistrib.com",
      "fournisseur_nom": "PharmaDistrib RDC",
      "fournisseur_telephone": "+243900000001",
      "id_fournisseur": 1,
      "id_lot": 7,
      "id_produit": 2,
      "id_utilisateur": 1,
      "image_produit": "amoxicilline.jpg",
      "nom_produit": "Amoxicilline 500mg",
      "prix_achat": "2.30",
      "prix_vente": "5.00",
      "quantite": 26,
      "unite_mesure": null,
      "utilisateur_email": "admin@pharma.com",
      "utilisateur_nom": "Admin Principal"
    },
    {
      "actif": 1,
      "code_barre": "AMOX500",
      "date_ajout_produit": "19-09-2025",
      "date_approvisionnement": "20-04-2025",
      "date_expiration": "01-06-2026",
      "description": "Antibiotique large spectre",
      "fournisseur_contact": "Mme Mwamba",
      "fournisseur_email": "info@medsuppliers.com",
      "fournisseur_nom": "MedSuppliers Congo",
      "fournisseur_telephone": "+243900000002",
      "id_fournisseur": 2,
      "id_lot": 8,
      "id_produit": 2,
      "id_utilisateur": 1,
      "image_produit": "amoxicilline.jpg",
      "nom_produit": "Amoxicilline 500mg",
      "prix_achat": "2.50",
      "prix_vente": "5.00",
      "quantite": 78,
      "unite_mesure": null,
      "utilisateur_email": "admin@pharma.com",
      "utilisateur_nom": "Admin Principal"
    },
    {
      "actif": 1,
      "code_barre": "AMOX500",
      "date_ajout_produit": "19-09-2025",
      "date_approvisionnement": "20-04-2025",
      "date_expiration": "01-11-2026",
      "description": "Antibiotique large spectre",
      "fournisseur_contact": "M. Dupont",
      "fournisseur_email": "sales@globalmed.eu",
      "fournisseur_nom": "GlobalMed Europe",
2026-03-10T03:04:23.765Z | REQUEST  | GET | http://127.0.0.1:5000/api/master/list
2026-03-10T03:04:24.011Z | RESPONSE | GET | http://127.0.0.1:5000/api/master/list | 200 | ok=true | duration_ms=217 | {
  "data": [
    {
      "actif": 1,
      "code_barre": "AMOX500",
      "date_ajout_produit": "19-09-2025",
      "date_approvisionnement": "20-04-2025",
      "date_expiration": "20-04-2026",
      "description": "Antibiotique large spectre",
      "fournisseur_contact": "M. Kabila",
      "fournisseur_email": "contact@pharmadistrib.com",
      "fournisseur_nom": "PharmaDistrib RDC",
      "fournisseur_telephone": "+243900000001",
      "id_fournisseur": 1,
      "id_lot": 7,
      "id_produit": 2,
      "id_utilisateur": 1,
      "image_produit": "amoxicilline.jpg",
      "nom_produit": "Amoxicilline 500mg",
      "prix_achat": "2.30",
      "prix_vente": "5.00",
      "quantite": 26,
      "unite_mesure": null,
      "utilisateur_email": "admin@pharma.com",
      "utilisateur_nom": "Admin Principal"
    },
    {
      "actif": 1,
      "code_barre": "AMOX500",
      "date_ajout_produit": "19-09-2025",
      "date_approvisionnement": "20-04-2025",
      "date_expiration": "01-06-2026",
      "description": "Antibiotique large spectre",
      "fournisseur_contact": "Mme Mwamba",
      "fournisseur_email": "info@medsuppliers.com",
      "fournisseur_nom": "MedSuppliers Congo",
      "fournisseur_telephone": "+243900000002",
      "id_fournisseur": 2,
      "id_lot": 8,
      "id_produit": 2,
      "id_utilisateur": 1,
      "image_produit": "amoxicilline.jpg",
      "nom_produit": "Amoxicilline 500mg",
      "prix_achat": "2.50",
      "prix_vente": "5.00",
      "quantite": 78,
      "unite_mesure": null,
      "utilisateur_email": "admin@pharma.com",
      "utilisateur_nom": "Admin Principal"
    },
    {
      "actif": 1,
      "code_barre": "AMOX500",
      "date_ajout_produit": "19-09-2025",
      "date_approvisionnement": "20-04-2025",
      "date_expiration": "01-11-2026",
      "description": "Antibiotique large spectre",
      "fournisseur_contact": "M. Dupont",
      "fournisseur_email": "sales@globalmed.eu",
      "fournisseur_nom": "GlobalMed Europe",
2026-03-10T03:04:41.304Z | REQUEST  | GET | http://127.0.0.1:5000/api/master/list
2026-03-10T03:04:41.953Z | RESPONSE | GET | http://127.0.0.1:5000/api/master/list | 200 | ok=true | duration_ms=453 | {
  "data": [
    {
      "actif": 1,
      "code_barre": "AMOX500",
      "date_ajout_produit": "19-09-2025",
      "date_approvisionnement": "20-04-2025",
      "date_expiration": "20-04-2026",
      "description": "Antibiotique large spectre",
      "fournisseur_contact": "M. Kabila",
      "fournisseur_email": "contact@pharmadistrib.com",
      "fournisseur_nom": "PharmaDistrib RDC",
      "fournisseur_telephone": "+243900000001",
      "id_fournisseur": 1,
      "id_lot": 7,
      "id_produit": 2,
      "id_utilisateur": 1,
      "image_produit": "amoxicilline.jpg",
      "nom_produit": "Amoxicilline 500mg",
      "prix_achat": "2.30",
      "prix_vente": "5.00",
      "quantite": 26,
      "unite_mesure": null,
      "utilisateur_email": "admin@pharma.com",
      "utilisateur_nom": "Admin Principal"
    },
    {
      "actif": 1,
      "code_barre": "AMOX500",
      "date_ajout_produit": "19-09-2025",
      "date_approvisionnement": "20-04-2025",
      "date_expiration": "01-06-2026",
      "description": "Antibiotique large spectre",
      "fournisseur_contact": "Mme Mwamba",
      "fournisseur_email": "info@medsuppliers.com",
      "fournisseur_nom": "MedSuppliers Congo",
      "fournisseur_telephone": "+243900000002",
      "id_fournisseur": 2,
      "id_lot": 8,
      "id_produit": 2,
      "id_utilisateur": 1,
      "image_produit": "amoxicilline.jpg",
      "nom_produit": "Amoxicilline 500mg",
      "prix_achat": "2.50",
      "prix_vente": "5.00",
      "quantite": 78,
      "unite_mesure": null,
      "utilisateur_email": "admin@pharma.com",
      "utilisateur_nom": "Admin Principal"
    },
    {
      "actif": 1,
      "code_barre": "AMOX500",
      "date_ajout_produit": "19-09-2025",
      "date_approvisionnement": "20-04-2025",
      "date_expiration": "01-11-2026",
      "description": "Antibiotique large spectre",
      "fournisseur_contact": "M. Dupont",
      "fournisseur_email": "sales@globalmed.eu",
      "fournisseur_nom": "GlobalMed Europe",
2026-03-10T03:04:56.872Z | REQUEST  | GET | http://127.0.0.1:5000/api/master/list
2026-03-10T03:04:57.191Z | RESPONSE | GET | http://127.0.0.1:5000/api/master/list | 200 | ok=true | duration_ms=269 | {
  "data": [
    {
      "actif": 1,
      "code_barre": "AMOX500",
      "date_ajout_produit": "19-09-2025",
      "date_approvisionnement": "20-04-2025",
      "date_expiration": "20-04-2026",
      "description": "Antibiotique large spectre",
      "fournisseur_contact": "M. Kabila",
      "fournisseur_email": "contact@pharmadistrib.com",
      "fournisseur_nom": "PharmaDistrib RDC",
      "fournisseur_telephone": "+243900000001",
      "id_fournisseur": 1,
      "id_lot": 7,
      "id_produit": 2,
      "id_utilisateur": 1,
      "image_produit": "amoxicilline.jpg",
      "nom_produit": "Amoxicilline 500mg",
      "prix_achat": "2.30",
      "prix_vente": "5.00",
      "quantite": 26,
      "unite_mesure": null,
      "utilisateur_email": "admin@pharma.com",
      "utilisateur_nom": "Admin Principal"
    },
    {
      "actif": 1,
      "code_barre": "AMOX500",
      "date_ajout_produit": "19-09-2025",
      "date_approvisionnement": "20-04-2025",
      "date_expiration": "01-06-2026",
      "description": "Antibiotique large spectre",
      "fournisseur_contact": "Mme Mwamba",
      "fournisseur_email": "info@medsuppliers.com",
      "fournisseur_nom": "MedSuppliers Congo",
      "fournisseur_telephone": "+243900000002",
      "id_fournisseur": 2,
      "id_lot": 8,
      "id_produit": 2,
      "id_utilisateur": 1,
      "image_produit": "amoxicilline.jpg",
      "nom_produit": "Amoxicilline 500mg",
      "prix_achat": "2.50",
      "prix_vente": "5.00",
      "quantite": 78,
      "unite_mesure": null,
      "utilisateur_email": "admin@pharma.com",
      "utilisateur_nom": "Admin Principal"
    },
    {
      "actif": 1,
      "code_barre": "AMOX500",
      "date_ajout_produit": "19-09-2025",
      "date_approvisionnement": "20-04-2025",
      "date_expiration": "01-11-2026",
      "description": "Antibiotique large spectre",
      "fournisseur_contact": "M. Dupont",
      "fournisseur_email": "sales@globalmed.eu",
      "fournisseur_nom": "GlobalMed Europe",
2026-03-10T03:05:12.832Z | REQUEST  | GET | http://127.0.0.1:5000/api/master/list
2026-03-10T03:05:13.201Z | RESPONSE | GET | http://127.0.0.1:5000/api/master/list | 200 | ok=true | duration_ms=253 | {
  "data": [
    {
      "actif": 1,
      "code_barre": "AMOX500",
      "date_ajout_produit": "19-09-2025",
      "date_approvisionnement": "20-04-2025",
      "date_expiration": "20-04-2026",
      "description": "Antibiotique large spectre",
      "fournisseur_contact": "M. Kabila",
      "fournisseur_email": "contact@pharmadistrib.com",
      "fournisseur_nom": "PharmaDistrib RDC",
      "fournisseur_telephone": "+243900000001",
      "id_fournisseur": 1,
      "id_lot": 7,
      "id_produit": 2,
      "id_utilisateur": 1,
      "image_produit": "amoxicilline.jpg",
      "nom_produit": "Amoxicilline 500mg",
      "prix_achat": "2.30",
      "prix_vente": "5.00",
      "quantite": 26,
      "unite_mesure": null,
      "utilisateur_email": "admin@pharma.com",
      "utilisateur_nom": "Admin Principal"
    },
    {
      "actif": 1,
      "code_barre": "AMOX500",
      "date_ajout_produit": "19-09-2025",
      "date_approvisionnement": "20-04-2025",
      "date_expiration": "01-06-2026",
      "description": "Antibiotique large spectre",
      "fournisseur_contact": "Mme Mwamba",
      "fournisseur_email": "info@medsuppliers.com",
      "fournisseur_nom": "MedSuppliers Congo",
      "fournisseur_telephone": "+243900000002",
      "id_fournisseur": 2,
      "id_lot": 8,
      "id_produit": 2,
      "id_utilisateur": 1,
      "image_produit": "amoxicilline.jpg",
      "nom_produit": "Amoxicilline 500mg",
      "prix_achat": "2.50",
      "prix_vente": "5.00",
      "quantite": 78,
      "unite_mesure": null,
      "utilisateur_email": "admin@pharma.com",
      "utilisateur_nom": "Admin Principal"
    },
    {
      "actif": 1,
      "code_barre": "AMOX500",
      "date_ajout_produit": "19-09-2025",
      "date_approvisionnement": "20-04-2025",
      "date_expiration": "01-11-2026",
      "description": "Antibiotique large spectre",
      "fournisseur_contact": "M. Dupont",
      "fournisseur_email": "sales@globalmed.eu",
      "fournisseur_nom": "GlobalMed Europe",
2026-03-10T03:05:28.872Z | REQUEST  | GET | http://127.0.0.1:5000/api/master/list
2026-03-10T03:05:29.191Z | RESPONSE | GET | http://127.0.0.1:5000/api/master/list | 200 | ok=true | duration_ms=233 | {
  "data": [
    {
      "actif": 1,
      "code_barre": "AMOX500",
      "date_ajout_produit": "19-09-2025",
      "date_approvisionnement": "20-04-2025",
      "date_expiration": "20-04-2026",
      "description": "Antibiotique large spectre",
      "fournisseur_contact": "M. Kabila",
      "fournisseur_email": "contact@pharmadistrib.com",
      "fournisseur_nom": "PharmaDistrib RDC",
      "fournisseur_telephone": "+243900000001",
      "id_fournisseur": 1,
      "id_lot": 7,
      "id_produit": 2,
      "id_utilisateur": 1,
      "image_produit": "amoxicilline.jpg",
      "nom_produit": "Amoxicilline 500mg",
      "prix_achat": "2.30",
      "prix_vente": "5.00",
      "quantite": 26,
      "unite_mesure": null,
      "utilisateur_email": "admin@pharma.com",
      "utilisateur_nom": "Admin Principal"
    },
    {
      "actif": 1,
      "code_barre": "AMOX500",
      "date_ajout_produit": "19-09-2025",
      "date_approvisionnement": "20-04-2025",
      "date_expiration": "01-06-2026",
      "description": "Antibiotique large spectre",
      "fournisseur_contact": "Mme Mwamba",
      "fournisseur_email": "info@medsuppliers.com",
      "fournisseur_nom": "MedSuppliers Congo",
      "fournisseur_telephone": "+243900000002",
      "id_fournisseur": 2,
      "id_lot": 8,
      "id_produit": 2,
      "id_utilisateur": 1,
      "image_produit": "amoxicilline.jpg",
      "nom_produit": "Amoxicilline 500mg",
      "prix_achat": "2.50",
      "prix_vente": "5.00",
      "quantite": 78,
      "unite_mesure": null,
      "utilisateur_email": "admin@pharma.com",
      "utilisateur_nom": "Admin Principal"
    },
    {
      "actif": 1,
      "code_barre": "AMOX500",
      "date_ajout_produit": "19-09-2025",
      "date_approvisionnement": "20-04-2025",
      "date_expiration": "01-11-2026",
      "description": "Antibiotique large spectre",
      "fournisseur_contact": "M. Dupont",
      "fournisseur_email": "sales@globalmed.eu",
      "fournisseur_nom": "GlobalMed Europe",
2026-03-10T03:05:59.991Z | REQUEST  | GET | http://127.0.0.1:5000/api/master/list
2026-03-10T03:06:00.252Z | RESPONSE | GET | http://127.0.0.1:5000/api/master/list | 200 | ok=true | duration_ms=229 | {
  "data": [
    {
      "actif": 1,
      "code_barre": "AMOX500",
      "date_ajout_produit": "19-09-2025",
      "date_approvisionnement": "20-04-2025",
      "date_expiration": "20-04-2026",
      "description": "Antibiotique large spectre",
      "fournisseur_contact": "M. Kabila",
      "fournisseur_email": "contact@pharmadistrib.com",
      "fournisseur_nom": "PharmaDistrib RDC",
      "fournisseur_telephone": "+243900000001",
      "id_fournisseur": 1,
      "id_lot": 7,
      "id_produit": 2,
      "id_utilisateur": 1,
      "image_produit": "amoxicilline.jpg",
      "nom_produit": "Amoxicilline 500mg",
      "prix_achat": "2.30",
      "prix_vente": "5.00",
      "quantite": 26,
      "unite_mesure": null,
      "utilisateur_email": "admin@pharma.com",
      "utilisateur_nom": "Admin Principal"
    },
    {
      "actif": 1,
      "code_barre": "AMOX500",
      "date_ajout_produit": "19-09-2025",
      "date_approvisionnement": "20-04-2025",
      "date_expiration": "01-06-2026",
      "description": "Antibiotique large spectre",
      "fournisseur_contact": "Mme Mwamba",
      "fournisseur_email": "info@medsuppliers.com",
      "fournisseur_nom": "MedSuppliers Congo",
      "fournisseur_telephone": "+243900000002",
      "id_fournisseur": 2,
      "id_lot": 8,
      "id_produit": 2,
      "id_utilisateur": 1,
      "image_produit": "amoxicilline.jpg",
      "nom_produit": "Amoxicilline 500mg",
      "prix_achat": "2.50",
      "prix_vente": "5.00",
      "quantite": 78,
      "unite_mesure": null,
      "utilisateur_email": "admin@pharma.com",
      "utilisateur_nom": "Admin Principal"
    },
    {
      "actif": 1,
      "code_barre": "AMOX500",
      "date_ajout_produit": "19-09-2025",
      "date_approvisionnement": "20-04-2025",
      "date_expiration": "01-11-2026",
      "description": "Antibiotique large spectre",
      "fournisseur_contact": "M. Dupont",
      "fournisseur_email": "sales@globalmed.eu",
      "fournisseur_nom": "GlobalMed Europe",
2026-03-10T03:06:17.260Z | REQUEST  | GET | http://127.0.0.1:5000/api/master/list
2026-03-10T03:06:17.419Z | RESPONSE | GET | http://127.0.0.1:5000/api/master/list | 200 | ok=true | duration_ms=138 | {
  "data": [
    {
      "actif": 1,
      "code_barre": "AMOX500",
      "date_ajout_produit": "19-09-2025",
      "date_approvisionnement": "20-04-2025",
      "date_expiration": "20-04-2026",
      "description": "Antibiotique large spectre",
      "fournisseur_contact": "M. Kabila",
      "fournisseur_email": "contact@pharmadistrib.com",
      "fournisseur_nom": "PharmaDistrib RDC",
      "fournisseur_telephone": "+243900000001",
      "id_fournisseur": 1,
      "id_lot": 7,
      "id_produit": 2,
      "id_utilisateur": 1,
      "image_produit": "amoxicilline.jpg",
      "nom_produit": "Amoxicilline 500mg",
      "prix_achat": "2.30",
      "prix_vente": "5.00",
      "quantite": 26,
      "unite_mesure": null,
      "utilisateur_email": "admin@pharma.com",
      "utilisateur_nom": "Admin Principal"
    },
    {
      "actif": 1,
      "code_barre": "AMOX500",
      "date_ajout_produit": "19-09-2025",
      "date_approvisionnement": "20-04-2025",
      "date_expiration": "01-06-2026",
      "description": "Antibiotique large spectre",
      "fournisseur_contact": "Mme Mwamba",
      "fournisseur_email": "info@medsuppliers.com",
      "fournisseur_nom": "MedSuppliers Congo",
      "fournisseur_telephone": "+243900000002",
      "id_fournisseur": 2,
      "id_lot": 8,
      "id_produit": 2,
      "id_utilisateur": 1,
      "image_produit": "amoxicilline.jpg",
      "nom_produit": "Amoxicilline 500mg",
      "prix_achat": "2.50",
      "prix_vente": "5.00",
      "quantite": 78,
      "unite_mesure": null,
      "utilisateur_email": "admin@pharma.com",
      "utilisateur_nom": "Admin Principal"
    },
    {
      "actif": 1,
      "code_barre": "AMOX500",
      "date_ajout_produit": "19-09-2025",
      "date_approvisionnement": "20-04-2025",
      "date_expiration": "01-11-2026",
      "description": "Antibiotique large spectre",
      "fournisseur_contact": "M. Dupont",
      "fournisseur_email": "sales@globalmed.eu",
      "fournisseur_nom": "GlobalMed Europe",
2026-03-10T03:06:34.083Z | REQUEST  | GET | http://127.0.0.1:5000/api/master/list
2026-03-10T03:06:34.396Z | RESPONSE | GET | http://127.0.0.1:5000/api/master/list | 200 | ok=true | duration_ms=208 | {
  "data": [
    {
      "actif": 1,
      "code_barre": "AMOX500",
      "date_ajout_produit": "19-09-2025",
      "date_approvisionnement": "20-04-2025",
      "date_expiration": "20-04-2026",
      "description": "Antibiotique large spectre",
      "fournisseur_contact": "M. Kabila",
      "fournisseur_email": "contact@pharmadistrib.com",
      "fournisseur_nom": "PharmaDistrib RDC",
      "fournisseur_telephone": "+243900000001",
      "id_fournisseur": 1,
      "id_lot": 7,
      "id_produit": 2,
      "id_utilisateur": 1,
      "image_produit": "amoxicilline.jpg",
      "nom_produit": "Amoxicilline 500mg",
      "prix_achat": "2.30",
      "prix_vente": "5.00",
      "quantite": 26,
      "unite_mesure": null,
      "utilisateur_email": "admin@pharma.com",
      "utilisateur_nom": "Admin Principal"
    },
    {
      "actif": 1,
      "code_barre": "AMOX500",
      "date_ajout_produit": "19-09-2025",
      "date_approvisionnement": "20-04-2025",
      "date_expiration": "01-06-2026",
      "description": "Antibiotique large spectre",
      "fournisseur_contact": "Mme Mwamba",
      "fournisseur_email": "info@medsuppliers.com",
      "fournisseur_nom": "MedSuppliers Congo",
      "fournisseur_telephone": "+243900000002",
      "id_fournisseur": 2,
      "id_lot": 8,
      "id_produit": 2,
      "id_utilisateur": 1,
      "image_produit": "amoxicilline.jpg",
      "nom_produit": "Amoxicilline 500mg",
      "prix_achat": "2.50",
      "prix_vente": "5.00",
      "quantite": 78,
      "unite_mesure": null,
      "utilisateur_email": "admin@pharma.com",
      "utilisateur_nom": "Admin Principal"
    },
    {
      "actif": 1,
      "code_barre": "AMOX500",
      "date_ajout_produit": "19-09-2025",
      "date_approvisionnement": "20-04-2025",
      "date_expiration": "01-11-2026",
      "description": "Antibiotique large spectre",
      "fournisseur_contact": "M. Dupont",
      "fournisseur_email": "sales@globalmed.eu",
      "fournisseur_nom": "GlobalMed Europe",
2026-03-10T03:06:49.830Z | REQUEST  | GET | http://127.0.0.1:5000/api/master/list
2026-03-10T03:06:50.063Z | RESPONSE | GET | http://127.0.0.1:5000/api/master/list | 200 | ok=true | duration_ms=47 | {
  "data": [
    {
      "actif": 1,
      "code_barre": "AMOX500",
      "date_ajout_produit": "19-09-2025",
      "date_approvisionnement": "20-04-2025",
      "date_expiration": "20-04-2026",
      "description": "Antibiotique large spectre",
      "fournisseur_contact": "M. Kabila",
      "fournisseur_email": "contact@pharmadistrib.com",
      "fournisseur_nom": "PharmaDistrib RDC",
      "fournisseur_telephone": "+243900000001",
      "id_fournisseur": 1,
      "id_lot": 7,
      "id_produit": 2,
      "id_utilisateur": 1,
      "image_produit": "amoxicilline.jpg",
      "nom_produit": "Amoxicilline 500mg",
      "prix_achat": "2.30",
      "prix_vente": "5.00",
      "quantite": 26,
      "unite_mesure": null,
      "utilisateur_email": "admin@pharma.com",
      "utilisateur_nom": "Admin Principal"
    },
    {
      "actif": 1,
      "code_barre": "AMOX500",
      "date_ajout_produit": "19-09-2025",
      "date_approvisionnement": "20-04-2025",
      "date_expiration": "01-06-2026",
      "description": "Antibiotique large spectre",
      "fournisseur_contact": "Mme Mwamba",
      "fournisseur_email": "info@medsuppliers.com",
      "fournisseur_nom": "MedSuppliers Congo",
      "fournisseur_telephone": "+243900000002",
      "id_fournisseur": 2,
      "id_lot": 8,
      "id_produit": 2,
      "id_utilisateur": 1,
      "image_produit": "amoxicilline.jpg",
      "nom_produit": "Amoxicilline 500mg",
      "prix_achat": "2.50",
      "prix_vente": "5.00",
      "quantite": 78,
      "unite_mesure": null,
      "utilisateur_email": "admin@pharma.com",
      "utilisateur_nom": "Admin Principal"
    },
    {
      "actif": 1,
      "code_barre": "AMOX500",
      "date_ajout_produit": "19-09-2025",
      "date_approvisionnement": "20-04-2025",
      "date_expiration": "01-11-2026",
      "description": "Antibiotique large spectre",
      "fournisseur_contact": "M. Dupont",
      "fournisseur_email": "sales@globalmed.eu",
      "fournisseur_nom": "GlobalMed Europe",
2026-03-10T03:07:05.768Z | REQUEST  | GET | http://127.0.0.1:5000/api/master/list
2026-03-10T03:07:06.075Z | RESPONSE | GET | http://127.0.0.1:5000/api/master/list | 200 | ok=true | duration_ms=218 | {
  "data": [
    {
      "actif": 1,
      "code_barre": "AMOX500",
      "date_ajout_produit": "19-09-2025",
      "date_approvisionnement": "20-04-2025",
      "date_expiration": "20-04-2026",
      "description": "Antibiotique large spectre",
      "fournisseur_contact": "M. Kabila",
      "fournisseur_email": "contact@pharmadistrib.com",
      "fournisseur_nom": "PharmaDistrib RDC",
      "fournisseur_telephone": "+243900000001",
      "id_fournisseur": 1,
      "id_lot": 7,
      "id_produit": 2,
      "id_utilisateur": 1,
      "image_produit": "amoxicilline.jpg",
      "nom_produit": "Amoxicilline 500mg",
      "prix_achat": "2.30",
      "prix_vente": "5.00",
      "quantite": 26,
      "unite_mesure": null,
      "utilisateur_email": "admin@pharma.com",
      "utilisateur_nom": "Admin Principal"
    },
    {
      "actif": 1,
      "code_barre": "AMOX500",
      "date_ajout_produit": "19-09-2025",
      "date_approvisionnement": "20-04-2025",
      "date_expiration": "01-06-2026",
      "description": "Antibiotique large spectre",
      "fournisseur_contact": "Mme Mwamba",
      "fournisseur_email": "info@medsuppliers.com",
      "fournisseur_nom": "MedSuppliers Congo",
      "fournisseur_telephone": "+243900000002",
      "id_fournisseur": 2,
      "id_lot": 8,
      "id_produit": 2,
      "id_utilisateur": 1,
      "image_produit": "amoxicilline.jpg",
      "nom_produit": "Amoxicilline 500mg",
      "prix_achat": "2.50",
      "prix_vente": "5.00",
      "quantite": 78,
      "unite_mesure": null,
      "utilisateur_email": "admin@pharma.com",
      "utilisateur_nom": "Admin Principal"
    },
    {
      "actif": 1,
      "code_barre": "AMOX500",
      "date_ajout_produit": "19-09-2025",
      "date_approvisionnement": "20-04-2025",
      "date_expiration": "01-11-2026",
      "description": "Antibiotique large spectre",
      "fournisseur_contact": "M. Dupont",
      "fournisseur_email": "sales@globalmed.eu",
      "fournisseur_nom": "GlobalMed Europe",
2026-03-10T03:07:21.899Z | REQUEST  | GET | http://127.0.0.1:5000/api/master/list
2026-03-10T03:07:22.092Z | RESPONSE | GET | http://127.0.0.1:5000/api/master/list | 200 | ok=true | duration_ms=127 | {
  "data": [
    {
      "actif": 1,
      "code_barre": "AMOX500",
      "date_ajout_produit": "19-09-2025",
      "date_approvisionnement": "20-04-2025",
      "date_expiration": "20-04-2026",
      "description": "Antibiotique large spectre",
      "fournisseur_contact": "M. Kabila",
      "fournisseur_email": "contact@pharmadistrib.com",
      "fournisseur_nom": "PharmaDistrib RDC",
      "fournisseur_telephone": "+243900000001",
      "id_fournisseur": 1,
      "id_lot": 7,
      "id_produit": 2,
      "id_utilisateur": 1,
      "image_produit": "amoxicilline.jpg",
      "nom_produit": "Amoxicilline 500mg",
      "prix_achat": "2.30",
      "prix_vente": "5.00",
      "quantite": 26,
      "unite_mesure": null,
      "utilisateur_email": "admin@pharma.com",
      "utilisateur_nom": "Admin Principal"
    },
    {
      "actif": 1,
      "code_barre": "AMOX500",
      "date_ajout_produit": "19-09-2025",
      "date_approvisionnement": "20-04-2025",
      "date_expiration": "01-06-2026",
      "description": "Antibiotique large spectre",
      "fournisseur_contact": "Mme Mwamba",
      "fournisseur_email": "info@medsuppliers.com",
      "fournisseur_nom": "MedSuppliers Congo",
      "fournisseur_telephone": "+243900000002",
      "id_fournisseur": 2,
      "id_lot": 8,
      "id_produit": 2,
      "id_utilisateur": 1,
      "image_produit": "amoxicilline.jpg",
      "nom_produit": "Amoxicilline 500mg",
      "prix_achat": "2.50",
      "prix_vente": "5.00",
      "quantite": 78,
      "unite_mesure": null,
      "utilisateur_email": "admin@pharma.com",
      "utilisateur_nom": "Admin Principal"
    },
    {
      "actif": 1,
      "code_barre": "AMOX500",
      "date_ajout_produit": "19-09-2025",
      "date_approvisionnement": "20-04-2025",
      "date_expiration": "01-11-2026",
      "description": "Antibiotique large spectre",
      "fournisseur_contact": "M. Dupont",
      "fournisseur_email": "sales@globalmed.eu",
      "fournisseur_nom": "GlobalMed Europe",
2026-03-10T03:07:37.821Z | REQUEST  | GET | http://127.0.0.1:5000/api/master/list
2026-03-10T03:07:38.263Z | RESPONSE | GET | http://127.0.0.1:5000/api/master/list | 200 | ok=true | duration_ms=326 | {
  "data": [
    {
      "actif": 1,
      "code_barre": "AMOX500",
      "date_ajout_produit": "19-09-2025",
      "date_approvisionnement": "20-04-2025",
      "date_expiration": "20-04-2026",
      "description": "Antibiotique large spectre",
      "fournisseur_contact": "M. Kabila",
      "fournisseur_email": "contact@pharmadistrib.com",
      "fournisseur_nom": "PharmaDistrib RDC",
      "fournisseur_telephone": "+243900000001",
      "id_fournisseur": 1,
      "id_lot": 7,
      "id_produit": 2,
      "id_utilisateur": 1,
      "image_produit": "amoxicilline.jpg",
      "nom_produit": "Amoxicilline 500mg",
      "prix_achat": "2.30",
      "prix_vente": "5.00",
      "quantite": 26,
      "unite_mesure": null,
      "utilisateur_email": "admin@pharma.com",
      "utilisateur_nom": "Admin Principal"
    },
    {
      "actif": 1,
      "code_barre": "AMOX500",
      "date_ajout_produit": "19-09-2025",
      "date_approvisionnement": "20-04-2025",
      "date_expiration": "01-06-2026",
      "description": "Antibiotique large spectre",
      "fournisseur_contact": "Mme Mwamba",
      "fournisseur_email": "info@medsuppliers.com",
      "fournisseur_nom": "MedSuppliers Congo",
      "fournisseur_telephone": "+243900000002",
      "id_fournisseur": 2,
      "id_lot": 8,
      "id_produit": 2,
      "id_utilisateur": 1,
      "image_produit": "amoxicilline.jpg",
      "nom_produit": "Amoxicilline 500mg",
      "prix_achat": "2.50",
      "prix_vente": "5.00",
      "quantite": 78,
      "unite_mesure": null,
      "utilisateur_email": "admin@pharma.com",
      "utilisateur_nom": "Admin Principal"
    },
    {
      "actif": 1,
      "code_barre": "AMOX500",
      "date_ajout_produit": "19-09-2025",
      "date_approvisionnement": "20-04-2025",
      "date_expiration": "01-11-2026",
      "description": "Antibiotique large spectre",
      "fournisseur_contact": "M. Dupont",
      "fournisseur_email": "sales@globalmed.eu",
      "fournisseur_nom": "GlobalMed Europe",
2026-03-10T03:08:06.160Z | REQUEST  | GET | http://127.0.0.1:5000/api/master/list
2026-03-10T03:08:06.286Z | RESPONSE | GET | http://127.0.0.1:5000/api/master/list | 200 | ok=true | duration_ms=123 | {
  "data": [
    {
      "actif": 1,
      "code_barre": "AMOX500",
      "date_ajout_produit": "19-09-2025",
      "date_approvisionnement": "20-04-2025",
      "date_expiration": "20-04-2026",
      "description": "Antibiotique large spectre",
      "fournisseur_contact": "M. Kabila",
      "fournisseur_email": "contact@pharmadistrib.com",
      "fournisseur_nom": "PharmaDistrib RDC",
      "fournisseur_telephone": "+243900000001",
      "id_fournisseur": 1,
      "id_lot": 7,
      "id_produit": 2,
      "id_utilisateur": 1,
      "image_produit": "amoxicilline.jpg",
      "nom_produit": "Amoxicilline 500mg",
      "prix_achat": "2.30",
      "prix_vente": "5.00",
      "quantite": 26,
      "unite_mesure": null,
      "utilisateur_email": "admin@pharma.com",
      "utilisateur_nom": "Admin Principal"
    },
    {
      "actif": 1,
      "code_barre": "AMOX500",
      "date_ajout_produit": "19-09-2025",
      "date_approvisionnement": "20-04-2025",
      "date_expiration": "01-06-2026",
      "description": "Antibiotique large spectre",
      "fournisseur_contact": "Mme Mwamba",
      "fournisseur_email": "info@medsuppliers.com",
      "fournisseur_nom": "MedSuppliers Congo",
      "fournisseur_telephone": "+243900000002",
      "id_fournisseur": 2,
      "id_lot": 8,
      "id_produit": 2,
      "id_utilisateur": 1,
      "image_produit": "amoxicilline.jpg",
      "nom_produit": "Amoxicilline 500mg",
      "prix_achat": "2.50",
      "prix_vente": "5.00",
      "quantite": 78,
      "unite_mesure": null,
      "utilisateur_email": "admin@pharma.com",
      "utilisateur_nom": "Admin Principal"
    },
    {
      "actif": 1,
      "code_barre": "AMOX500",
      "date_ajout_produit": "19-09-2025",
      "date_approvisionnement": "20-04-2025",
      "date_expiration": "01-11-2026",
      "description": "Antibiotique large spectre",
      "fournisseur_contact": "M. Dupont",
      "fournisseur_email": "sales@globalmed.eu",
      "fournisseur_nom": "GlobalMed Europe",
2026-03-10T03:08:21.808Z | REQUEST  | GET | http://127.0.0.1:5000/api/master/list
2026-03-10T03:08:22.102Z | RESPONSE | GET | http://127.0.0.1:5000/api/master/list | 200 | ok=true | duration_ms=187 | {
  "data": [
    {
      "actif": 1,
      "code_barre": "AMOX500",
      "date_ajout_produit": "19-09-2025",
      "date_approvisionnement": "20-04-2025",
      "date_expiration": "20-04-2026",
      "description": "Antibiotique large spectre",
      "fournisseur_contact": "M. Kabila",
      "fournisseur_email": "contact@pharmadistrib.com",
      "fournisseur_nom": "PharmaDistrib RDC",
      "fournisseur_telephone": "+243900000001",
      "id_fournisseur": 1,
      "id_lot": 7,
      "id_produit": 2,
      "id_utilisateur": 1,
      "image_produit": "amoxicilline.jpg",
      "nom_produit": "Amoxicilline 500mg",
      "prix_achat": "2.30",
      "prix_vente": "5.00",
      "quantite": 26,
      "unite_mesure": null,
      "utilisateur_email": "admin@pharma.com",
      "utilisateur_nom": "Admin Principal"
    },
    {
      "actif": 1,
      "code_barre": "AMOX500",
      "date_ajout_produit": "19-09-2025",
      "date_approvisionnement": "20-04-2025",
      "date_expiration": "01-06-2026",
      "description": "Antibiotique large spectre",
      "fournisseur_contact": "Mme Mwamba",
      "fournisseur_email": "info@medsuppliers.com",
      "fournisseur_nom": "MedSuppliers Congo",
      "fournisseur_telephone": "+243900000002",
      "id_fournisseur": 2,
      "id_lot": 8,
      "id_produit": 2,
      "id_utilisateur": 1,
      "image_produit": "amoxicilline.jpg",
      "nom_produit": "Amoxicilline 500mg",
      "prix_achat": "2.50",
      "prix_vente": "5.00",
      "quantite": 78,
      "unite_mesure": null,
      "utilisateur_email": "admin@pharma.com",
      "utilisateur_nom": "Admin Principal"
    },
    {
      "actif": 1,
      "code_barre": "AMOX500",
      "date_ajout_produit": "19-09-2025",
      "date_approvisionnement": "20-04-2025",
      "date_expiration": "01-11-2026",
      "description": "Antibiotique large spectre",
      "fournisseur_contact": "M. Dupont",
      "fournisseur_email": "sales@globalmed.eu",
      "fournisseur_nom": "GlobalMed Europe",
2026-03-10T03:08:37.840Z | REQUEST  | GET | http://127.0.0.1:5000/api/master/list
2026-03-10T03:08:38.484Z | RESPONSE | GET | http://127.0.0.1:5000/api/master/list | 200 | ok=true | duration_ms=515 | {
  "data": [
    {
      "actif": 1,
      "code_barre": "AMOX500",
      "date_ajout_produit": "19-09-2025",
      "date_approvisionnement": "20-04-2025",
      "date_expiration": "20-04-2026",
      "description": "Antibiotique large spectre",
      "fournisseur_contact": "M. Kabila",
      "fournisseur_email": "contact@pharmadistrib.com",
      "fournisseur_nom": "PharmaDistrib RDC",
      "fournisseur_telephone": "+243900000001",
      "id_fournisseur": 1,
      "id_lot": 7,
      "id_produit": 2,
      "id_utilisateur": 1,
      "image_produit": "amoxicilline.jpg",
      "nom_produit": "Amoxicilline 500mg",
      "prix_achat": "2.30",
      "prix_vente": "5.00",
      "quantite": 26,
      "unite_mesure": null,
      "utilisateur_email": "admin@pharma.com",
      "utilisateur_nom": "Admin Principal"
    },
    {
      "actif": 1,
      "code_barre": "AMOX500",
      "date_ajout_produit": "19-09-2025",
      "date_approvisionnement": "20-04-2025",
      "date_expiration": "01-06-2026",
      "description": "Antibiotique large spectre",
      "fournisseur_contact": "Mme Mwamba",
      "fournisseur_email": "info@medsuppliers.com",
      "fournisseur_nom": "MedSuppliers Congo",
      "fournisseur_telephone": "+243900000002",
      "id_fournisseur": 2,
      "id_lot": 8,
      "id_produit": 2,
      "id_utilisateur": 1,
      "image_produit": "amoxicilline.jpg",
      "nom_produit": "Amoxicilline 500mg",
      "prix_achat": "2.50",
      "prix_vente": "5.00",
      "quantite": 78,
      "unite_mesure": null,
      "utilisateur_email": "admin@pharma.com",
      "utilisateur_nom": "Admin Principal"
    },
    {
      "actif": 1,
      "code_barre": "AMOX500",
      "date_ajout_produit": "19-09-2025",
      "date_approvisionnement": "20-04-2025",
      "date_expiration": "01-11-2026",
      "description": "Antibiotique large spectre",
      "fournisseur_contact": "M. Dupont",
      "fournisseur_email": "sales@globalmed.eu",
      "fournisseur_nom": "GlobalMed Europe",
2026-03-10T03:08:53.939Z | REQUEST  | GET | http://127.0.0.1:5000/api/master/list
2026-03-10T03:08:54.160Z | RESPONSE | GET | http://127.0.0.1:5000/api/master/list | 200 | ok=true | duration_ms=146 | {
  "data": [
    {
      "actif": 1,
      "code_barre": "AMOX500",
      "date_ajout_produit": "19-09-2025",
      "date_approvisionnement": "20-04-2025",
      "date_expiration": "20-04-2026",
      "description": "Antibiotique large spectre",
      "fournisseur_contact": "M. Kabila",
      "fournisseur_email": "contact@pharmadistrib.com",
      "fournisseur_nom": "PharmaDistrib RDC",
      "fournisseur_telephone": "+243900000001",
      "id_fournisseur": 1,
      "id_lot": 7,
      "id_produit": 2,
      "id_utilisateur": 1,
      "image_produit": "amoxicilline.jpg",
      "nom_produit": "Amoxicilline 500mg",
      "prix_achat": "2.30",
      "prix_vente": "5.00",
      "quantite": 26,
      "unite_mesure": null,
      "utilisateur_email": "admin@pharma.com",
      "utilisateur_nom": "Admin Principal"
    },
    {
      "actif": 1,
      "code_barre": "AMOX500",
      "date_ajout_produit": "19-09-2025",
      "date_approvisionnement": "20-04-2025",
      "date_expiration": "01-06-2026",
      "description": "Antibiotique large spectre",
      "fournisseur_contact": "Mme Mwamba",
      "fournisseur_email": "info@medsuppliers.com",
      "fournisseur_nom": "MedSuppliers Congo",
      "fournisseur_telephone": "+243900000002",
      "id_fournisseur": 2,
      "id_lot": 8,
      "id_produit": 2,
      "id_utilisateur": 1,
      "image_produit": "amoxicilline.jpg",
      "nom_produit": "Amoxicilline 500mg",
      "prix_achat": "2.50",
      "prix_vente": "5.00",
      "quantite": 78,
      "unite_mesure": null,
      "utilisateur_email": "admin@pharma.com",
      "utilisateur_nom": "Admin Principal"
    },
    {
      "actif": 1,
      "code_barre": "AMOX500",
      "date_ajout_produit": "19-09-2025",
      "date_approvisionnement": "20-04-2025",
      "date_expiration": "01-11-2026",
      "description": "Antibiotique large spectre",
      "fournisseur_contact": "M. Dupont",
      "fournisseur_email": "sales@globalmed.eu",
      "fournisseur_nom": "GlobalMed Europe",
2026-03-10T03:09:22.252Z | REQUEST  | GET | http://127.0.0.1:5000/api/master/list
2026-03-10T03:09:22.585Z | RESPONSE | GET | http://127.0.0.1:5000/api/master/list | 200 | ok=true | duration_ms=254 | {
  "data": [
    {
      "actif": 1,
      "code_barre": "AMOX500",
      "date_ajout_produit": "19-09-2025",
      "date_approvisionnement": "20-04-2025",
      "date_expiration": "20-04-2026",
      "description": "Antibiotique large spectre",
      "fournisseur_contact": "M. Kabila",
      "fournisseur_email": "contact@pharmadistrib.com",
      "fournisseur_nom": "PharmaDistrib RDC",
      "fournisseur_telephone": "+243900000001",
      "id_fournisseur": 1,
      "id_lot": 7,
      "id_produit": 2,
      "id_utilisateur": 1,
      "image_produit": "amoxicilline.jpg",
      "nom_produit": "Amoxicilline 500mg",
      "prix_achat": "2.30",
      "prix_vente": "5.00",
      "quantite": 26,
      "unite_mesure": null,
      "utilisateur_email": "admin@pharma.com",
      "utilisateur_nom": "Admin Principal"
    },
    {
      "actif": 1,
      "code_barre": "AMOX500",
      "date_ajout_produit": "19-09-2025",
      "date_approvisionnement": "20-04-2025",
      "date_expiration": "01-06-2026",
      "description": "Antibiotique large spectre",
      "fournisseur_contact": "Mme Mwamba",
      "fournisseur_email": "info@medsuppliers.com",
      "fournisseur_nom": "MedSuppliers Congo",
      "fournisseur_telephone": "+243900000002",
      "id_fournisseur": 2,
      "id_lot": 8,
      "id_produit": 2,
      "id_utilisateur": 1,
      "image_produit": "amoxicilline.jpg",
      "nom_produit": "Amoxicilline 500mg",
      "prix_achat": "2.50",
      "prix_vente": "5.00",
      "quantite": 78,
      "unite_mesure": null,
      "utilisateur_email": "admin@pharma.com",
      "utilisateur_nom": "Admin Principal"
    },
    {
      "actif": 1,
      "code_barre": "AMOX500",
      "date_ajout_produit": "19-09-2025",
      "date_approvisionnement": "20-04-2025",
      "date_expiration": "01-11-2026",
      "description": "Antibiotique large spectre",
      "fournisseur_contact": "M. Dupont",
      "fournisseur_email": "sales@globalmed.eu",
      "fournisseur_nom": "GlobalMed Europe",
2026-03-10T03:09:39.270Z | REQUEST  | GET | http://127.0.0.1:5000/api/master/list
2026-03-10T03:09:39.626Z | RESPONSE | GET | http://127.0.0.1:5000/api/master/list | 200 | ok=true | duration_ms=179 | {
  "data": [
    {
      "actif": 1,
      "code_barre": "AMOX500",
      "date_ajout_produit": "19-09-2025",
      "date_approvisionnement": "20-04-2025",
      "date_expiration": "20-04-2026",
      "description": "Antibiotique large spectre",
      "fournisseur_contact": "M. Kabila",
      "fournisseur_email": "contact@pharmadistrib.com",
      "fournisseur_nom": "PharmaDistrib RDC",
      "fournisseur_telephone": "+243900000001",
      "id_fournisseur": 1,
      "id_lot": 7,
      "id_produit": 2,
      "id_utilisateur": 1,
      "image_produit": "amoxicilline.jpg",
      "nom_produit": "Amoxicilline 500mg",
      "prix_achat": "2.30",
      "prix_vente": "5.00",
      "quantite": 26,
      "unite_mesure": null,
      "utilisateur_email": "admin@pharma.com",
      "utilisateur_nom": "Admin Principal"
    },
    {
      "actif": 1,
      "code_barre": "AMOX500",
      "date_ajout_produit": "19-09-2025",
      "date_approvisionnement": "20-04-2025",
      "date_expiration": "01-06-2026",
      "description": "Antibiotique large spectre",
      "fournisseur_contact": "Mme Mwamba",
      "fournisseur_email": "info@medsuppliers.com",
      "fournisseur_nom": "MedSuppliers Congo",
      "fournisseur_telephone": "+243900000002",
      "id_fournisseur": 2,
      "id_lot": 8,
      "id_produit": 2,
      "id_utilisateur": 1,
      "image_produit": "amoxicilline.jpg",
      "nom_produit": "Amoxicilline 500mg",
      "prix_achat": "2.50",
      "prix_vente": "5.00",
      "quantite": 78,
      "unite_mesure": null,
      "utilisateur_email": "admin@pharma.com",
      "utilisateur_nom": "Admin Principal"
    },
    {
      "actif": 1,
      "code_barre": "AMOX500",
      "date_ajout_produit": "19-09-2025",
      "date_approvisionnement": "20-04-2025",
      "date_expiration": "01-11-2026",
      "description": "Antibiotique large spectre",
      "fournisseur_contact": "M. Dupont",
      "fournisseur_email": "sales@globalmed.eu",
      "fournisseur_nom": "GlobalMed Europe",
2026-03-10T03:09:56.594Z | REQUEST  | GET | http://127.0.0.1:5000/api/master/list
2026-03-10T03:09:57.974Z | RESPONSE | GET | http://127.0.0.1:5000/api/master/list | 200 | ok=true | duration_ms=225 | {
  "data": [
    {
      "actif": 1,
      "code_barre": "AMOX500",
      "date_ajout_produit": "19-09-2025",
      "date_approvisionnement": "20-04-2025",
      "date_expiration": "20-04-2026",
      "description": "Antibiotique large spectre",
      "fournisseur_contact": "M. Kabila",
      "fournisseur_email": "contact@pharmadistrib.com",
      "fournisseur_nom": "PharmaDistrib RDC",
      "fournisseur_telephone": "+243900000001",
      "id_fournisseur": 1,
      "id_lot": 7,
      "id_produit": 2,
      "id_utilisateur": 1,
      "image_produit": "amoxicilline.jpg",
      "nom_produit": "Amoxicilline 500mg",
      "prix_achat": "2.30",
      "prix_vente": "5.00",
      "quantite": 26,
      "unite_mesure": null,
      "utilisateur_email": "admin@pharma.com",
      "utilisateur_nom": "Admin Principal"
    },
    {
      "actif": 1,
      "code_barre": "AMOX500",
      "date_ajout_produit": "19-09-2025",
      "date_approvisionnement": "20-04-2025",
      "date_expiration": "01-06-2026",
      "description": "Antibiotique large spectre",
      "fournisseur_contact": "Mme Mwamba",
      "fournisseur_email": "info@medsuppliers.com",
      "fournisseur_nom": "MedSuppliers Congo",
      "fournisseur_telephone": "+243900000002",
      "id_fournisseur": 2,
      "id_lot": 8,
      "id_produit": 2,
      "id_utilisateur": 1,
      "image_produit": "amoxicilline.jpg",
      "nom_produit": "Amoxicilline 500mg",
      "prix_achat": "2.50",
      "prix_vente": "5.00",
      "quantite": 78,
      "unite_mesure": null,
      "utilisateur_email": "admin@pharma.com",
      "utilisateur_nom": "Admin Principal"
    },
    {
      "actif": 1,
      "code_barre": "AMOX500",
      "date_ajout_produit": "19-09-2025",
      "date_approvisionnement": "20-04-2025",
      "date_expiration": "01-11-2026",
      "description": "Antibiotique large spectre",
      "fournisseur_contact": "M. Dupont",
      "fournisseur_email": "sales@globalmed.eu",
      "fournisseur_nom": "GlobalMed Europe",
2026-03-10T03:10:12.770Z | REQUEST  | GET | http://127.0.0.1:5000/api/master/list
2026-03-10T03:10:13.068Z | RESPONSE | GET | http://127.0.0.1:5000/api/master/list | 200 | ok=true | duration_ms=222 | {
  "data": [
    {
      "actif": 1,
      "code_barre": "AMOX500",
      "date_ajout_produit": "19-09-2025",
      "date_approvisionnement": "20-04-2025",
      "date_expiration": "20-04-2026",
      "description": "Antibiotique large spectre",
      "fournisseur_contact": "M. Kabila",
      "fournisseur_email": "contact@pharmadistrib.com",
      "fournisseur_nom": "PharmaDistrib RDC",
      "fournisseur_telephone": "+243900000001",
      "id_fournisseur": 1,
      "id_lot": 7,
      "id_produit": 2,
      "id_utilisateur": 1,
      "image_produit": "amoxicilline.jpg",
      "nom_produit": "Amoxicilline 500mg",
      "prix_achat": "2.30",
      "prix_vente": "5.00",
      "quantite": 26,
      "unite_mesure": null,
      "utilisateur_email": "admin@pharma.com",
      "utilisateur_nom": "Admin Principal"
    },
    {
      "actif": 1,
      "code_barre": "AMOX500",
      "date_ajout_produit": "19-09-2025",
      "date_approvisionnement": "20-04-2025",
      "date_expiration": "01-06-2026",
      "description": "Antibiotique large spectre",
      "fournisseur_contact": "Mme Mwamba",
      "fournisseur_email": "info@medsuppliers.com",
      "fournisseur_nom": "MedSuppliers Congo",
      "fournisseur_telephone": "+243900000002",
      "id_fournisseur": 2,
      "id_lot": 8,
      "id_produit": 2,
      "id_utilisateur": 1,
      "image_produit": "amoxicilline.jpg",
      "nom_produit": "Amoxicilline 500mg",
      "prix_achat": "2.50",
      "prix_vente": "5.00",
      "quantite": 78,
      "unite_mesure": null,
      "utilisateur_email": "admin@pharma.com",
      "utilisateur_nom": "Admin Principal"
    },
    {
      "actif": 1,
      "code_barre": "AMOX500",
      "date_ajout_produit": "19-09-2025",
      "date_approvisionnement": "20-04-2025",
      "date_expiration": "01-11-2026",
      "description": "Antibiotique large spectre",
      "fournisseur_contact": "M. Dupont",
      "fournisseur_email": "sales@globalmed.eu",
      "fournisseur_nom": "GlobalMed Europe",
2026-03-10T03:10:28.822Z | REQUEST  | GET | http://127.0.0.1:5000/api/master/list
2026-03-10T03:10:29.223Z | RESPONSE | GET | http://127.0.0.1:5000/api/master/list | 200 | ok=true | duration_ms=266 | {
  "data": [
    {
      "actif": 1,
      "code_barre": "AMOX500",
      "date_ajout_produit": "19-09-2025",
      "date_approvisionnement": "20-04-2025",
      "date_expiration": "20-04-2026",
      "description": "Antibiotique large spectre",
      "fournisseur_contact": "M. Kabila",
      "fournisseur_email": "contact@pharmadistrib.com",
      "fournisseur_nom": "PharmaDistrib RDC",
      "fournisseur_telephone": "+243900000001",
      "id_fournisseur": 1,
      "id_lot": 7,
      "id_produit": 2,
      "id_utilisateur": 1,
      "image_produit": "amoxicilline.jpg",
      "nom_produit": "Amoxicilline 500mg",
      "prix_achat": "2.30",
      "prix_vente": "5.00",
      "quantite": 26,
      "unite_mesure": null,
      "utilisateur_email": "admin@pharma.com",
      "utilisateur_nom": "Admin Principal"
    },
    {
      "actif": 1,
      "code_barre": "AMOX500",
      "date_ajout_produit": "19-09-2025",
      "date_approvisionnement": "20-04-2025",
      "date_expiration": "01-06-2026",
      "description": "Antibiotique large spectre",
      "fournisseur_contact": "Mme Mwamba",
      "fournisseur_email": "info@medsuppliers.com",
      "fournisseur_nom": "MedSuppliers Congo",
      "fournisseur_telephone": "+243900000002",
      "id_fournisseur": 2,
      "id_lot": 8,
      "id_produit": 2,
      "id_utilisateur": 1,
      "image_produit": "amoxicilline.jpg",
      "nom_produit": "Amoxicilline 500mg",
      "prix_achat": "2.50",
      "prix_vente": "5.00",
      "quantite": 78,
      "unite_mesure": null,
      "utilisateur_email": "admin@pharma.com",
      "utilisateur_nom": "Admin Principal"
    },
    {
      "actif": 1,
      "code_barre": "AMOX500",
      "date_ajout_produit": "19-09-2025",
      "date_approvisionnement": "20-04-2025",
      "date_expiration": "01-11-2026",
      "description": "Antibiotique large spectre",
      "fournisseur_contact": "M. Dupont",
      "fournisseur_email": "sales@globalmed.eu",
      "fournisseur_nom": "GlobalMed Europe",
2026-03-10T03:10:44.995Z | REQUEST  | GET | http://127.0.0.1:5000/api/master/list
2026-03-10T03:10:45.218Z | RESPONSE | GET | http://127.0.0.1:5000/api/master/list | 200 | ok=true | duration_ms=142 | {
  "data": [
    {
      "actif": 1,
      "code_barre": "AMOX500",
      "date_ajout_produit": "19-09-2025",
      "date_approvisionnement": "20-04-2025",
      "date_expiration": "20-04-2026",
      "description": "Antibiotique large spectre",
      "fournisseur_contact": "M. Kabila",
      "fournisseur_email": "contact@pharmadistrib.com",
      "fournisseur_nom": "PharmaDistrib RDC",
      "fournisseur_telephone": "+243900000001",
      "id_fournisseur": 1,
      "id_lot": 7,
      "id_produit": 2,
      "id_utilisateur": 1,
      "image_produit": "amoxicilline.jpg",
      "nom_produit": "Amoxicilline 500mg",
      "prix_achat": "2.30",
      "prix_vente": "5.00",
      "quantite": 26,
      "unite_mesure": null,
      "utilisateur_email": "admin@pharma.com",
      "utilisateur_nom": "Admin Principal"
    },
    {
      "actif": 1,
      "code_barre": "AMOX500",
      "date_ajout_produit": "19-09-2025",
      "date_approvisionnement": "20-04-2025",
      "date_expiration": "01-06-2026",
      "description": "Antibiotique large spectre",
      "fournisseur_contact": "Mme Mwamba",
      "fournisseur_email": "info@medsuppliers.com",
      "fournisseur_nom": "MedSuppliers Congo",
      "fournisseur_telephone": "+243900000002",
      "id_fournisseur": 2,
      "id_lot": 8,
      "id_produit": 2,
      "id_utilisateur": 1,
      "image_produit": "amoxicilline.jpg",
      "nom_produit": "Amoxicilline 500mg",
      "prix_achat": "2.50",
      "prix_vente": "5.00",
      "quantite": 78,
      "unite_mesure": null,
      "utilisateur_email": "admin@pharma.com",
      "utilisateur_nom": "Admin Principal"
    },
    {
      "actif": 1,
      "code_barre": "AMOX500",
      "date_ajout_produit": "19-09-2025",
      "date_approvisionnement": "20-04-2025",
      "date_expiration": "01-11-2026",
      "description": "Antibiotique large spectre",
      "fournisseur_contact": "M. Dupont",
      "fournisseur_email": "sales@globalmed.eu",
      "fournisseur_nom": "GlobalMed Europe",
2026-03-10T03:11:00.779Z | REQUEST  | GET | http://127.0.0.1:5000/api/master/list
2026-03-10T03:11:01.118Z | RESPONSE | GET | http://127.0.0.1:5000/api/master/list | 200 | ok=true | duration_ms=236 | {
  "data": [
    {
      "actif": 1,
      "code_barre": "AMOX500",
      "date_ajout_produit": "19-09-2025",
      "date_approvisionnement": "20-04-2025",
      "date_expiration": "20-04-2026",
      "description": "Antibiotique large spectre",
      "fournisseur_contact": "M. Kabila",
      "fournisseur_email": "contact@pharmadistrib.com",
      "fournisseur_nom": "PharmaDistrib RDC",
      "fournisseur_telephone": "+243900000001",
      "id_fournisseur": 1,
      "id_lot": 7,
      "id_produit": 2,
      "id_utilisateur": 1,
      "image_produit": "amoxicilline.jpg",
      "nom_produit": "Amoxicilline 500mg",
      "prix_achat": "2.30",
      "prix_vente": "5.00",
      "quantite": 26,
      "unite_mesure": null,
      "utilisateur_email": "admin@pharma.com",
      "utilisateur_nom": "Admin Principal"
    },
    {
      "actif": 1,
      "code_barre": "AMOX500",
      "date_ajout_produit": "19-09-2025",
      "date_approvisionnement": "20-04-2025",
      "date_expiration": "01-06-2026",
      "description": "Antibiotique large spectre",
      "fournisseur_contact": "Mme Mwamba",
      "fournisseur_email": "info@medsuppliers.com",
      "fournisseur_nom": "MedSuppliers Congo",
      "fournisseur_telephone": "+243900000002",
      "id_fournisseur": 2,
      "id_lot": 8,
      "id_produit": 2,
      "id_utilisateur": 1,
      "image_produit": "amoxicilline.jpg",
      "nom_produit": "Amoxicilline 500mg",
      "prix_achat": "2.50",
      "prix_vente": "5.00",
      "quantite": 78,
      "unite_mesure": null,
      "utilisateur_email": "admin@pharma.com",
      "utilisateur_nom": "Admin Principal"
    },
    {
      "actif": 1,
      "code_barre": "AMOX500",
      "date_ajout_produit": "19-09-2025",
      "date_approvisionnement": "20-04-2025",
      "date_expiration": "01-11-2026",
      "description": "Antibiotique large spectre",
      "fournisseur_contact": "M. Dupont",
      "fournisseur_email": "sales@globalmed.eu",
      "fournisseur_nom": "GlobalMed Europe",
2026-03-10T03:11:26.294Z | REQUEST  | GET | http://127.0.0.1:5000/api/master/list
2026-03-10T03:11:26.688Z | RESPONSE | GET | http://127.0.0.1:5000/api/master/list | 200 | ok=true | duration_ms=239 | {
  "data": [
    {
      "actif": 1,
      "code_barre": "AMOX500",
      "date_ajout_produit": "19-09-2025",
      "date_approvisionnement": "20-04-2025",
      "date_expiration": "20-04-2026",
      "description": "Antibiotique large spectre",
      "fournisseur_contact": "M. Kabila",
      "fournisseur_email": "contact@pharmadistrib.com",
      "fournisseur_nom": "PharmaDistrib RDC",
      "fournisseur_telephone": "+243900000001",
      "id_fournisseur": 1,
      "id_lot": 7,
      "id_produit": 2,
      "id_utilisateur": 1,
      "image_produit": "amoxicilline.jpg",
      "nom_produit": "Amoxicilline 500mg",
      "prix_achat": "2.30",
      "prix_vente": "5.00",
      "quantite": 26,
      "unite_mesure": null,
      "utilisateur_email": "admin@pharma.com",
      "utilisateur_nom": "Admin Principal"
    },
    {
      "actif": 1,
      "code_barre": "AMOX500",
      "date_ajout_produit": "19-09-2025",
      "date_approvisionnement": "20-04-2025",
      "date_expiration": "01-06-2026",
      "description": "Antibiotique large spectre",
      "fournisseur_contact": "Mme Mwamba",
      "fournisseur_email": "info@medsuppliers.com",
      "fournisseur_nom": "MedSuppliers Congo",
      "fournisseur_telephone": "+243900000002",
      "id_fournisseur": 2,
      "id_lot": 8,
      "id_produit": 2,
      "id_utilisateur": 1,
      "image_produit": "amoxicilline.jpg",
      "nom_produit": "Amoxicilline 500mg",
      "prix_achat": "2.50",
      "prix_vente": "5.00",
      "quantite": 78,
      "unite_mesure": null,
      "utilisateur_email": "admin@pharma.com",
      "utilisateur_nom": "Admin Principal"
    },
    {
      "actif": 1,
      "code_barre": "AMOX500",
      "date_ajout_produit": "19-09-2025",
      "date_approvisionnement": "20-04-2025",
      "date_expiration": "01-11-2026",
      "description": "Antibiotique large spectre",
      "fournisseur_contact": "M. Dupont",
      "fournisseur_email": "sales@globalmed.eu",
      "fournisseur_nom": "GlobalMed Europe",
2026-03-10T03:11:41.781Z | REQUEST  | GET | http://127.0.0.1:5000/api/master/list
2026-03-10T03:11:41.961Z | RESPONSE | GET | http://127.0.0.1:5000/api/master/list | 200 | ok=true | duration_ms=130 | {
  "data": [
    {
      "actif": 1,
      "code_barre": "AMOX500",
      "date_ajout_produit": "19-09-2025",
      "date_approvisionnement": "20-04-2025",
      "date_expiration": "20-04-2026",
      "description": "Antibiotique large spectre",
      "fournisseur_contact": "M. Kabila",
      "fournisseur_email": "contact@pharmadistrib.com",
      "fournisseur_nom": "PharmaDistrib RDC",
      "fournisseur_telephone": "+243900000001",
      "id_fournisseur": 1,
      "id_lot": 7,
      "id_produit": 2,
      "id_utilisateur": 1,
      "image_produit": "amoxicilline.jpg",
      "nom_produit": "Amoxicilline 500mg",
      "prix_achat": "2.30",
      "prix_vente": "5.00",
      "quantite": 26,
      "unite_mesure": null,
      "utilisateur_email": "admin@pharma.com",
      "utilisateur_nom": "Admin Principal"
    },
    {
      "actif": 1,
      "code_barre": "AMOX500",
      "date_ajout_produit": "19-09-2025",
      "date_approvisionnement": "20-04-2025",
      "date_expiration": "01-06-2026",
      "description": "Antibiotique large spectre",
      "fournisseur_contact": "Mme Mwamba",
      "fournisseur_email": "info@medsuppliers.com",
      "fournisseur_nom": "MedSuppliers Congo",
      "fournisseur_telephone": "+243900000002",
      "id_fournisseur": 2,
      "id_lot": 8,
      "id_produit": 2,
      "id_utilisateur": 1,
      "image_produit": "amoxicilline.jpg",
      "nom_produit": "Amoxicilline 500mg",
      "prix_achat": "2.50",
      "prix_vente": "5.00",
      "quantite": 78,
      "unite_mesure": null,
      "utilisateur_email": "admin@pharma.com",
      "utilisateur_nom": "Admin Principal"
    },
    {
      "actif": 1,
      "code_barre": "AMOX500",
      "date_ajout_produit": "19-09-2025",
      "date_approvisionnement": "20-04-2025",
      "date_expiration": "01-11-2026",
      "description": "Antibiotique large spectre",
      "fournisseur_contact": "M. Dupont",
      "fournisseur_email": "sales@globalmed.eu",
      "fournisseur_nom": "GlobalMed Europe",
2026-03-10T03:11:57.806Z | REQUEST  | GET | http://127.0.0.1:5000/api/master/list
2026-03-10T03:11:58.401Z | RESPONSE | GET | http://127.0.0.1:5000/api/master/list | 200 | ok=true | duration_ms=406 | {
  "data": [
    {
      "actif": 1,
      "code_barre": "AMOX500",
      "date_ajout_produit": "19-09-2025",
      "date_approvisionnement": "20-04-2025",
      "date_expiration": "20-04-2026",
      "description": "Antibiotique large spectre",
      "fournisseur_contact": "M. Kabila",
      "fournisseur_email": "contact@pharmadistrib.com",
      "fournisseur_nom": "PharmaDistrib RDC",
      "fournisseur_telephone": "+243900000001",
      "id_fournisseur": 1,
      "id_lot": 7,
      "id_produit": 2,
      "id_utilisateur": 1,
      "image_produit": "amoxicilline.jpg",
      "nom_produit": "Amoxicilline 500mg",
      "prix_achat": "2.30",
      "prix_vente": "5.00",
      "quantite": 26,
      "unite_mesure": null,
      "utilisateur_email": "admin@pharma.com",
      "utilisateur_nom": "Admin Principal"
    },
    {
      "actif": 1,
      "code_barre": "AMOX500",
      "date_ajout_produit": "19-09-2025",
      "date_approvisionnement": "20-04-2025",
      "date_expiration": "01-06-2026",
      "description": "Antibiotique large spectre",
      "fournisseur_contact": "Mme Mwamba",
      "fournisseur_email": "info@medsuppliers.com",
      "fournisseur_nom": "MedSuppliers Congo",
      "fournisseur_telephone": "+243900000002",
      "id_fournisseur": 2,
      "id_lot": 8,
      "id_produit": 2,
      "id_utilisateur": 1,
      "image_produit": "amoxicilline.jpg",
      "nom_produit": "Amoxicilline 500mg",
      "prix_achat": "2.50",
      "prix_vente": "5.00",
      "quantite": 78,
      "unite_mesure": null,
      "utilisateur_email": "admin@pharma.com",
      "utilisateur_nom": "Admin Principal"
    },
    {
      "actif": 1,
      "code_barre": "AMOX500",
      "date_ajout_produit": "19-09-2025",
      "date_approvisionnement": "20-04-2025",
      "date_expiration": "01-11-2026",
      "description": "Antibiotique large spectre",
      "fournisseur_contact": "M. Dupont",
      "fournisseur_email": "sales@globalmed.eu",
      "fournisseur_nom": "GlobalMed Europe",
2026-03-10T03:12:13.894Z | REQUEST  | GET | http://127.0.0.1:5000/api/master/list
2026-03-10T03:12:14.291Z | RESPONSE | GET | http://127.0.0.1:5000/api/master/list | 200 | ok=true | duration_ms=257 | {
  "data": [
    {
      "actif": 1,
      "code_barre": "AMOX500",
      "date_ajout_produit": "19-09-2025",
      "date_approvisionnement": "20-04-2025",
      "date_expiration": "20-04-2026",
      "description": "Antibiotique large spectre",
      "fournisseur_contact": "M. Kabila",
      "fournisseur_email": "contact@pharmadistrib.com",
      "fournisseur_nom": "PharmaDistrib RDC",
      "fournisseur_telephone": "+243900000001",
      "id_fournisseur": 1,
      "id_lot": 7,
      "id_produit": 2,
      "id_utilisateur": 1,
      "image_produit": "amoxicilline.jpg",
      "nom_produit": "Amoxicilline 500mg",
      "prix_achat": "2.30",
      "prix_vente": "5.00",
      "quantite": 26,
      "unite_mesure": null,
      "utilisateur_email": "admin@pharma.com",
      "utilisateur_nom": "Admin Principal"
    },
    {
      "actif": 1,
      "code_barre": "AMOX500",
      "date_ajout_produit": "19-09-2025",
      "date_approvisionnement": "20-04-2025",
      "date_expiration": "01-06-2026",
      "description": "Antibiotique large spectre",
      "fournisseur_contact": "Mme Mwamba",
      "fournisseur_email": "info@medsuppliers.com",
      "fournisseur_nom": "MedSuppliers Congo",
      "fournisseur_telephone": "+243900000002",
      "id_fournisseur": 2,
      "id_lot": 8,
      "id_produit": 2,
      "id_utilisateur": 1,
      "image_produit": "amoxicilline.jpg",
      "nom_produit": "Amoxicilline 500mg",
      "prix_achat": "2.50",
      "prix_vente": "5.00",
      "quantite": 78,
      "unite_mesure": null,
      "utilisateur_email": "admin@pharma.com",
      "utilisateur_nom": "Admin Principal"
    },
    {
      "actif": 1,
      "code_barre": "AMOX500",
      "date_ajout_produit": "19-09-2025",
      "date_approvisionnement": "20-04-2025",
      "date_expiration": "01-11-2026",
      "description": "Antibiotique large spectre",
      "fournisseur_contact": "M. Dupont",
      "fournisseur_email": "sales@globalmed.eu",
      "fournisseur_nom": "GlobalMed Europe",
2026-03-10T03:12:30.136Z | REQUEST  | GET | http://127.0.0.1:5000/api/master/list
2026-03-10T03:12:31.431Z | RESPONSE | GET | http://127.0.0.1:5000/api/master/list | 200 | ok=true | duration_ms=815 | {
  "data": [
    {
      "actif": 1,
      "code_barre": "AMOX500",
      "date_ajout_produit": "19-09-2025",
      "date_approvisionnement": "20-04-2025",
      "date_expiration": "20-04-2026",
      "description": "Antibiotique large spectre",
      "fournisseur_contact": "M. Kabila",
      "fournisseur_email": "contact@pharmadistrib.com",
      "fournisseur_nom": "PharmaDistrib RDC",
      "fournisseur_telephone": "+243900000001",
      "id_fournisseur": 1,
      "id_lot": 7,
      "id_produit": 2,
      "id_utilisateur": 1,
      "image_produit": "amoxicilline.jpg",
      "nom_produit": "Amoxicilline 500mg",
      "prix_achat": "2.30",
      "prix_vente": "5.00",
      "quantite": 26,
      "unite_mesure": null,
      "utilisateur_email": "admin@pharma.com",
      "utilisateur_nom": "Admin Principal"
    },
    {
      "actif": 1,
      "code_barre": "AMOX500",
      "date_ajout_produit": "19-09-2025",
      "date_approvisionnement": "20-04-2025",
      "date_expiration": "01-06-2026",
      "description": "Antibiotique large spectre",
      "fournisseur_contact": "Mme Mwamba",
      "fournisseur_email": "info@medsuppliers.com",
      "fournisseur_nom": "MedSuppliers Congo",
      "fournisseur_telephone": "+243900000002",
      "id_fournisseur": 2,
      "id_lot": 8,
      "id_produit": 2,
      "id_utilisateur": 1,
      "image_produit": "amoxicilline.jpg",
      "nom_produit": "Amoxicilline 500mg",
      "prix_achat": "2.50",
      "prix_vente": "5.00",
      "quantite": 78,
      "unite_mesure": null,
      "utilisateur_email": "admin@pharma.com",
      "utilisateur_nom": "Admin Principal"
    },
    {
      "actif": 1,
      "code_barre": "AMOX500",
      "date_ajout_produit": "19-09-2025",
      "date_approvisionnement": "20-04-2025",
      "date_expiration": "01-11-2026",
      "description": "Antibiotique large spectre",
      "fournisseur_contact": "M. Dupont",
      "fournisseur_email": "sales@globalmed.eu",
      "fournisseur_nom": "GlobalMed Europe",
2026-03-10T03:12:46.416Z | REQUEST  | GET | http://127.0.0.1:5000/api/master/list
2026-03-10T03:12:47.311Z | RESPONSE | GET | http://127.0.0.1:5000/api/master/list | 200 | ok=true | duration_ms=704 | {
  "data": [
    {
      "actif": 1,
      "code_barre": "AMOX500",
      "date_ajout_produit": "19-09-2025",
      "date_approvisionnement": "20-04-2025",
      "date_expiration": "20-04-2026",
      "description": "Antibiotique large spectre",
      "fournisseur_contact": "M. Kabila",
      "fournisseur_email": "contact@pharmadistrib.com",
      "fournisseur_nom": "PharmaDistrib RDC",
      "fournisseur_telephone": "+243900000001",
      "id_fournisseur": 1,
      "id_lot": 7,
      "id_produit": 2,
      "id_utilisateur": 1,
      "image_produit": "amoxicilline.jpg",
      "nom_produit": "Amoxicilline 500mg",
      "prix_achat": "2.30",
      "prix_vente": "5.00",
      "quantite": 26,
      "unite_mesure": null,
      "utilisateur_email": "admin@pharma.com",
      "utilisateur_nom": "Admin Principal"
    },
    {
      "actif": 1,
      "code_barre": "AMOX500",
      "date_ajout_produit": "19-09-2025",
      "date_approvisionnement": "20-04-2025",
      "date_expiration": "01-06-2026",
      "description": "Antibiotique large spectre",
      "fournisseur_contact": "Mme Mwamba",
      "fournisseur_email": "info@medsuppliers.com",
      "fournisseur_nom": "MedSuppliers Congo",
      "fournisseur_telephone": "+243900000002",
      "id_fournisseur": 2,
      "id_lot": 8,
      "id_produit": 2,
      "id_utilisateur": 1,
      "image_produit": "amoxicilline.jpg",
      "nom_produit": "Amoxicilline 500mg",
      "prix_achat": "2.50",
      "prix_vente": "5.00",
      "quantite": 78,
      "unite_mesure": null,
      "utilisateur_email": "admin@pharma.com",
      "utilisateur_nom": "Admin Principal"
    },
    {
      "actif": 1,
      "code_barre": "AMOX500",
      "date_ajout_produit": "19-09-2025",
      "date_approvisionnement": "20-04-2025",
      "date_expiration": "01-11-2026",
      "description": "Antibiotique large spectre",
      "fournisseur_contact": "M. Dupont",
      "fournisseur_email": "sales@globalmed.eu",
      "fournisseur_nom": "GlobalMed Europe",
2026-03-10T03:13:04.613Z | REQUEST  | GET | http://127.0.0.1:5000/api/master/list
2026-03-10T03:13:04.930Z | RESPONSE | GET | http://127.0.0.1:5000/api/master/list | 200 | ok=true | duration_ms=95 | {
  "data": [
    {
      "actif": 1,
      "code_barre": "AMOX500",
      "date_ajout_produit": "19-09-2025",
      "date_approvisionnement": "20-04-2025",
      "date_expiration": "20-04-2026",
      "description": "Antibiotique large spectre",
      "fournisseur_contact": "M. Kabila",
      "fournisseur_email": "contact@pharmadistrib.com",
      "fournisseur_nom": "PharmaDistrib RDC",
      "fournisseur_telephone": "+243900000001",
      "id_fournisseur": 1,
      "id_lot": 7,
      "id_produit": 2,
      "id_utilisateur": 1,
      "image_produit": "amoxicilline.jpg",
      "nom_produit": "Amoxicilline 500mg",
      "prix_achat": "2.30",
      "prix_vente": "5.00",
      "quantite": 26,
      "unite_mesure": null,
      "utilisateur_email": "admin@pharma.com",
      "utilisateur_nom": "Admin Principal"
    },
    {
      "actif": 1,
      "code_barre": "AMOX500",
      "date_ajout_produit": "19-09-2025",
      "date_approvisionnement": "20-04-2025",
      "date_expiration": "01-06-2026",
      "description": "Antibiotique large spectre",
      "fournisseur_contact": "Mme Mwamba",
      "fournisseur_email": "info@medsuppliers.com",
      "fournisseur_nom": "MedSuppliers Congo",
      "fournisseur_telephone": "+243900000002",
      "id_fournisseur": 2,
      "id_lot": 8,
      "id_produit": 2,
      "id_utilisateur": 1,
      "image_produit": "amoxicilline.jpg",
      "nom_produit": "Amoxicilline 500mg",
      "prix_achat": "2.50",
      "prix_vente": "5.00",
      "quantite": 78,
      "unite_mesure": null,
      "utilisateur_email": "admin@pharma.com",
      "utilisateur_nom": "Admin Principal"
    },
    {
      "actif": 1,
      "code_barre": "AMOX500",
      "date_ajout_produit": "19-09-2025",
      "date_approvisionnement": "20-04-2025",
      "date_expiration": "01-11-2026",
      "description": "Antibiotique large spectre",
      "fournisseur_contact": "M. Dupont",
      "fournisseur_email": "sales@globalmed.eu",
      "fournisseur_nom": "GlobalMed Europe",
2026-03-10T03:13:22.553Z | REQUEST  | GET | http://127.0.0.1:5000/api/master/list
2026-03-10T03:13:23.484Z | RESPONSE | GET | http://127.0.0.1:5000/api/master/list | 200 | ok=true | duration_ms=570 | {
  "data": [
    {
      "actif": 1,
      "code_barre": "AMOX500",
      "date_ajout_produit": "19-09-2025",
      "date_approvisionnement": "20-04-2025",
      "date_expiration": "20-04-2026",
      "description": "Antibiotique large spectre",
      "fournisseur_contact": "M. Kabila",
      "fournisseur_email": "contact@pharmadistrib.com",
      "fournisseur_nom": "PharmaDistrib RDC",
      "fournisseur_telephone": "+243900000001",
      "id_fournisseur": 1,
      "id_lot": 7,
      "id_produit": 2,
      "id_utilisateur": 1,
      "image_produit": "amoxicilline.jpg",
      "nom_produit": "Amoxicilline 500mg",
      "prix_achat": "2.30",
      "prix_vente": "5.00",
      "quantite": 26,
      "unite_mesure": null,
      "utilisateur_email": "admin@pharma.com",
      "utilisateur_nom": "Admin Principal"
    },
    {
      "actif": 1,
      "code_barre": "AMOX500",
      "date_ajout_produit": "19-09-2025",
      "date_approvisionnement": "20-04-2025",
      "date_expiration": "01-06-2026",
      "description": "Antibiotique large spectre",
      "fournisseur_contact": "Mme Mwamba",
      "fournisseur_email": "info@medsuppliers.com",
      "fournisseur_nom": "MedSuppliers Congo",
      "fournisseur_telephone": "+243900000002",
      "id_fournisseur": 2,
      "id_lot": 8,
      "id_produit": 2,
      "id_utilisateur": 1,
      "image_produit": "amoxicilline.jpg",
      "nom_produit": "Amoxicilline 500mg",
      "prix_achat": "2.50",
      "prix_vente": "5.00",
      "quantite": 78,
      "unite_mesure": null,
      "utilisateur_email": "admin@pharma.com",
      "utilisateur_nom": "Admin Principal"
    },
    {
      "actif": 1,
      "code_barre": "AMOX500",
      "date_ajout_produit": "19-09-2025",
      "date_approvisionnement": "20-04-2025",
      "date_expiration": "01-11-2026",
      "description": "Antibiotique large spectre",
      "fournisseur_contact": "M. Dupont",
      "fournisseur_email": "sales@globalmed.eu",
      "fournisseur_nom": "GlobalMed Europe",
2026-03-10T03:13:38.956Z | REQUEST  | GET | http://127.0.0.1:5000/api/master/list
2026-03-10T03:13:41.179Z | RESPONSE | GET | http://127.0.0.1:5000/api/master/list | 200 | ok=true | duration_ms=1930 | {
  "data": [
    {
      "actif": 1,
      "code_barre": "AMOX500",
      "date_ajout_produit": "19-09-2025",
      "date_approvisionnement": "20-04-2025",
      "date_expiration": "20-04-2026",
      "description": "Antibiotique large spectre",
      "fournisseur_contact": "M. Kabila",
      "fournisseur_email": "contact@pharmadistrib.com",
      "fournisseur_nom": "PharmaDistrib RDC",
      "fournisseur_telephone": "+243900000001",
      "id_fournisseur": 1,
      "id_lot": 7,
      "id_produit": 2,
      "id_utilisateur": 1,
      "image_produit": "amoxicilline.jpg",
      "nom_produit": "Amoxicilline 500mg",
      "prix_achat": "2.30",
      "prix_vente": "5.00",
      "quantite": 26,
      "unite_mesure": null,
      "utilisateur_email": "admin@pharma.com",
      "utilisateur_nom": "Admin Principal"
    },
    {
      "actif": 1,
      "code_barre": "AMOX500",
      "date_ajout_produit": "19-09-2025",
      "date_approvisionnement": "20-04-2025",
      "date_expiration": "01-06-2026",
      "description": "Antibiotique large spectre",
      "fournisseur_contact": "Mme Mwamba",
      "fournisseur_email": "info@medsuppliers.com",
      "fournisseur_nom": "MedSuppliers Congo",
      "fournisseur_telephone": "+243900000002",
      "id_fournisseur": 2,
      "id_lot": 8,
      "id_produit": 2,
      "id_utilisateur": 1,
      "image_produit": "amoxicilline.jpg",
      "nom_produit": "Amoxicilline 500mg",
      "prix_achat": "2.50",
      "prix_vente": "5.00",
      "quantite": 78,
      "unite_mesure": null,
      "utilisateur_email": "admin@pharma.com",
      "utilisateur_nom": "Admin Principal"
    },
    {
      "actif": 1,
      "code_barre": "AMOX500",
      "date_ajout_produit": "19-09-2025",
      "date_approvisionnement": "20-04-2025",
      "date_expiration": "01-11-2026",
      "description": "Antibiotique large spectre",
      "fournisseur_contact": "M. Dupont",
      "fournisseur_email": "sales@globalmed.eu",
      "fournisseur_nom": "GlobalMed Europe",
2026-03-10T03:13:54.898Z | REQUEST  | GET | http://127.0.0.1:5000/api/master/list
2026-03-10T03:13:55.363Z | RESPONSE | GET | http://127.0.0.1:5000/api/master/list | 200 | ok=true | duration_ms=331 | {
  "data": [
    {
      "actif": 1,
      "code_barre": "AMOX500",
      "date_ajout_produit": "19-09-2025",
      "date_approvisionnement": "20-04-2025",
      "date_expiration": "20-04-2026",
      "description": "Antibiotique large spectre",
      "fournisseur_contact": "M. Kabila",
      "fournisseur_email": "contact@pharmadistrib.com",
      "fournisseur_nom": "PharmaDistrib RDC",
      "fournisseur_telephone": "+243900000001",
      "id_fournisseur": 1,
      "id_lot": 7,
      "id_produit": 2,
      "id_utilisateur": 1,
      "image_produit": "amoxicilline.jpg",
      "nom_produit": "Amoxicilline 500mg",
      "prix_achat": "2.30",
      "prix_vente": "5.00",
      "quantite": 26,
      "unite_mesure": null,
      "utilisateur_email": "admin@pharma.com",
      "utilisateur_nom": "Admin Principal"
    },
    {
      "actif": 1,
      "code_barre": "AMOX500",
      "date_ajout_produit": "19-09-2025",
      "date_approvisionnement": "20-04-2025",
      "date_expiration": "01-06-2026",
      "description": "Antibiotique large spectre",
      "fournisseur_contact": "Mme Mwamba",
      "fournisseur_email": "info@medsuppliers.com",
      "fournisseur_nom": "MedSuppliers Congo",
      "fournisseur_telephone": "+243900000002",
      "id_fournisseur": 2,
      "id_lot": 8,
      "id_produit": 2,
      "id_utilisateur": 1,
      "image_produit": "amoxicilline.jpg",
      "nom_produit": "Amoxicilline 500mg",
      "prix_achat": "2.50",
      "prix_vente": "5.00",
      "quantite": 78,
      "unite_mesure": null,
      "utilisateur_email": "admin@pharma.com",
      "utilisateur_nom": "Admin Principal"
    },
    {
      "actif": 1,
      "code_barre": "AMOX500",
      "date_ajout_produit": "19-09-2025",
      "date_approvisionnement": "20-04-2025",
      "date_expiration": "01-11-2026",
      "description": "Antibiotique large spectre",
      "fournisseur_contact": "M. Dupont",
      "fournisseur_email": "sales@globalmed.eu",
      "fournisseur_nom": "GlobalMed Europe",
2026-03-10T03:14:10.916Z | REQUEST  | GET | http://127.0.0.1:5000/api/master/list
2026-03-10T03:14:11.287Z | RESPONSE | GET | http://127.0.0.1:5000/api/master/list | 200 | ok=true | duration_ms=249 | {
  "data": [
    {
      "actif": 1,
      "code_barre": "AMOX500",
      "date_ajout_produit": "19-09-2025",
      "date_approvisionnement": "20-04-2025",
      "date_expiration": "20-04-2026",
      "description": "Antibiotique large spectre",
      "fournisseur_contact": "M. Kabila",
      "fournisseur_email": "contact@pharmadistrib.com",
      "fournisseur_nom": "PharmaDistrib RDC",
      "fournisseur_telephone": "+243900000001",
      "id_fournisseur": 1,
      "id_lot": 7,
      "id_produit": 2,
      "id_utilisateur": 1,
      "image_produit": "amoxicilline.jpg",
      "nom_produit": "Amoxicilline 500mg",
      "prix_achat": "2.30",
      "prix_vente": "5.00",
      "quantite": 26,
      "unite_mesure": null,
      "utilisateur_email": "admin@pharma.com",
      "utilisateur_nom": "Admin Principal"
    },
    {
      "actif": 1,
      "code_barre": "AMOX500",
      "date_ajout_produit": "19-09-2025",
      "date_approvisionnement": "20-04-2025",
      "date_expiration": "01-06-2026",
      "description": "Antibiotique large spectre",
      "fournisseur_contact": "Mme Mwamba",
      "fournisseur_email": "info@medsuppliers.com",
      "fournisseur_nom": "MedSuppliers Congo",
      "fournisseur_telephone": "+243900000002",
      "id_fournisseur": 2,
      "id_lot": 8,
      "id_produit": 2,
      "id_utilisateur": 1,
      "image_produit": "amoxicilline.jpg",
      "nom_produit": "Amoxicilline 500mg",
      "prix_achat": "2.50",
      "prix_vente": "5.00",
      "quantite": 78,
      "unite_mesure": null,
      "utilisateur_email": "admin@pharma.com",
      "utilisateur_nom": "Admin Principal"
    },
    {
      "actif": 1,
      "code_barre": "AMOX500",
      "date_ajout_produit": "19-09-2025",
      "date_approvisionnement": "20-04-2025",
      "date_expiration": "01-11-2026",
      "description": "Antibiotique large spectre",
      "fournisseur_contact": "M. Dupont",
      "fournisseur_email": "sales@globalmed.eu",
      "fournisseur_nom": "GlobalMed Europe",
2026-03-10T03:14:26.867Z | REQUEST  | GET | http://127.0.0.1:5000/api/master/list
2026-03-10T03:14:27.174Z | RESPONSE | GET | http://127.0.0.1:5000/api/master/list | 200 | ok=true | duration_ms=232 | {
  "data": [
    {
      "actif": 1,
      "code_barre": "AMOX500",
      "date_ajout_produit": "19-09-2025",
      "date_approvisionnement": "20-04-2025",
      "date_expiration": "20-04-2026",
      "description": "Antibiotique large spectre",
      "fournisseur_contact": "M. Kabila",
      "fournisseur_email": "contact@pharmadistrib.com",
      "fournisseur_nom": "PharmaDistrib RDC",
      "fournisseur_telephone": "+243900000001",
      "id_fournisseur": 1,
      "id_lot": 7,
      "id_produit": 2,
      "id_utilisateur": 1,
      "image_produit": "amoxicilline.jpg",
      "nom_produit": "Amoxicilline 500mg",
      "prix_achat": "2.30",
      "prix_vente": "5.00",
      "quantite": 26,
      "unite_mesure": null,
      "utilisateur_email": "admin@pharma.com",
      "utilisateur_nom": "Admin Principal"
    },
    {
      "actif": 1,
      "code_barre": "AMOX500",
      "date_ajout_produit": "19-09-2025",
      "date_approvisionnement": "20-04-2025",
      "date_expiration": "01-06-2026",
      "description": "Antibiotique large spectre",
      "fournisseur_contact": "Mme Mwamba",
      "fournisseur_email": "info@medsuppliers.com",
      "fournisseur_nom": "MedSuppliers Congo",
      "fournisseur_telephone": "+243900000002",
      "id_fournisseur": 2,
      "id_lot": 8,
      "id_produit": 2,
      "id_utilisateur": 1,
      "image_produit": "amoxicilline.jpg",
      "nom_produit": "Amoxicilline 500mg",
      "prix_achat": "2.50",
      "prix_vente": "5.00",
      "quantite": 78,
      "unite_mesure": null,
      "utilisateur_email": "admin@pharma.com",
      "utilisateur_nom": "Admin Principal"
    },
    {
      "actif": 1,
      "code_barre": "AMOX500",
      "date_ajout_produit": "19-09-2025",
      "date_approvisionnement": "20-04-2025",
      "date_expiration": "01-11-2026",
      "description": "Antibiotique large spectre",
      "fournisseur_contact": "M. Dupont",
      "fournisseur_email": "sales@globalmed.eu",
      "fournisseur_nom": "GlobalMed Europe",
2026-03-10T03:14:43.950Z | REQUEST  | GET | http://127.0.0.1:5000/api/master/list
2026-03-10T03:14:49.227Z | RESPONSE | GET | http://127.0.0.1:5000/api/master/list | 200 | ok=true | duration_ms=2892 | {
  "data": [
    {
      "actif": 1,
      "code_barre": "AMOX500",
      "date_ajout_produit": "19-09-2025",
      "date_approvisionnement": "20-04-2025",
      "date_expiration": "20-04-2026",
      "description": "Antibiotique large spectre",
      "fournisseur_contact": "M. Kabila",
      "fournisseur_email": "contact@pharmadistrib.com",
      "fournisseur_nom": "PharmaDistrib RDC",
      "fournisseur_telephone": "+243900000001",
      "id_fournisseur": 1,
      "id_lot": 7,
      "id_produit": 2,
      "id_utilisateur": 1,
      "image_produit": "amoxicilline.jpg",
      "nom_produit": "Amoxicilline 500mg",
      "prix_achat": "2.30",
      "prix_vente": "5.00",
      "quantite": 26,
      "unite_mesure": null,
      "utilisateur_email": "admin@pharma.com",
      "utilisateur_nom": "Admin Principal"
    },
    {
      "actif": 1,
      "code_barre": "AMOX500",
      "date_ajout_produit": "19-09-2025",
      "date_approvisionnement": "20-04-2025",
      "date_expiration": "01-06-2026",
      "description": "Antibiotique large spectre",
      "fournisseur_contact": "Mme Mwamba",
      "fournisseur_email": "info@medsuppliers.com",
      "fournisseur_nom": "MedSuppliers Congo",
      "fournisseur_telephone": "+243900000002",
      "id_fournisseur": 2,
      "id_lot": 8,
      "id_produit": 2,
      "id_utilisateur": 1,
      "image_produit": "amoxicilline.jpg",
      "nom_produit": "Amoxicilline 500mg",
      "prix_achat": "2.50",
      "prix_vente": "5.00",
      "quantite": 78,
      "unite_mesure": null,
      "utilisateur_email": "admin@pharma.com",
      "utilisateur_nom": "Admin Principal"
    },
    {
      "actif": 1,
      "code_barre": "AMOX500",
      "date_ajout_produit": "19-09-2025",
      "date_approvisionnement": "20-04-2025",
      "date_expiration": "01-11-2026",
      "description": "Antibiotique large spectre",
      "fournisseur_contact": "M. Dupont",
      "fournisseur_email": "sales@globalmed.eu",
      "fournisseur_nom": "GlobalMed Europe",
2026-03-10T03:15:01.870Z | REQUEST  | GET | http://127.0.0.1:5000/api/master/list
2026-03-10T03:15:02.360Z | RESPONSE | GET | http://127.0.0.1:5000/api/master/list | 200 | ok=true | duration_ms=279 | {
  "data": [
    {
      "actif": 1,
      "code_barre": "AMOX500",
      "date_ajout_produit": "19-09-2025",
      "date_approvisionnement": "20-04-2025",
      "date_expiration": "20-04-2026",
      "description": "Antibiotique large spectre",
      "fournisseur_contact": "M. Kabila",
      "fournisseur_email": "contact@pharmadistrib.com",
      "fournisseur_nom": "PharmaDistrib RDC",
      "fournisseur_telephone": "+243900000001",
      "id_fournisseur": 1,
      "id_lot": 7,
      "id_produit": 2,
      "id_utilisateur": 1,
      "image_produit": "amoxicilline.jpg",
      "nom_produit": "Amoxicilline 500mg",
      "prix_achat": "2.30",
      "prix_vente": "5.00",
      "quantite": 26,
      "unite_mesure": null,
      "utilisateur_email": "admin@pharma.com",
      "utilisateur_nom": "Admin Principal"
    },
    {
      "actif": 1,
      "code_barre": "AMOX500",
      "date_ajout_produit": "19-09-2025",
      "date_approvisionnement": "20-04-2025",
      "date_expiration": "01-06-2026",
      "description": "Antibiotique large spectre",
      "fournisseur_contact": "Mme Mwamba",
      "fournisseur_email": "info@medsuppliers.com",
      "fournisseur_nom": "MedSuppliers Congo",
      "fournisseur_telephone": "+243900000002",
      "id_fournisseur": 2,
      "id_lot": 8,
      "id_produit": 2,
      "id_utilisateur": 1,
      "image_produit": "amoxicilline.jpg",
      "nom_produit": "Amoxicilline 500mg",
      "prix_achat": "2.50",
      "prix_vente": "5.00",
      "quantite": 78,
      "unite_mesure": null,
      "utilisateur_email": "admin@pharma.com",
      "utilisateur_nom": "Admin Principal"
    },
    {
      "actif": 1,
      "code_barre": "AMOX500",
      "date_ajout_produit": "19-09-2025",
      "date_approvisionnement": "20-04-2025",
      "date_expiration": "01-11-2026",
      "description": "Antibiotique large spectre",
      "fournisseur_contact": "M. Dupont",
      "fournisseur_email": "sales@globalmed.eu",
      "fournisseur_nom": "GlobalMed Europe",
2026-03-10T03:15:19.378Z | REQUEST  | GET | http://127.0.0.1:5000/api/master/list
2026-03-10T03:15:19.917Z | RESPONSE | GET | http://127.0.0.1:5000/api/master/list | 200 | ok=true | duration_ms=422 | {
  "data": [
    {
      "actif": 1,
      "code_barre": "AMOX500",
      "date_ajout_produit": "19-09-2025",
      "date_approvisionnement": "20-04-2025",
      "date_expiration": "20-04-2026",
      "description": "Antibiotique large spectre",
      "fournisseur_contact": "M. Kabila",
      "fournisseur_email": "contact@pharmadistrib.com",
      "fournisseur_nom": "PharmaDistrib RDC",
      "fournisseur_telephone": "+243900000001",
      "id_fournisseur": 1,
      "id_lot": 7,
      "id_produit": 2,
      "id_utilisateur": 1,
      "image_produit": "amoxicilline.jpg",
      "nom_produit": "Amoxicilline 500mg",
      "prix_achat": "2.30",
      "prix_vente": "5.00",
      "quantite": 26,
      "unite_mesure": null,
      "utilisateur_email": "admin@pharma.com",
      "utilisateur_nom": "Admin Principal"
    },
    {
      "actif": 1,
      "code_barre": "AMOX500",
      "date_ajout_produit": "19-09-2025",
      "date_approvisionnement": "20-04-2025",
      "date_expiration": "01-06-2026",
      "description": "Antibiotique large spectre",
      "fournisseur_contact": "Mme Mwamba",
      "fournisseur_email": "info@medsuppliers.com",
      "fournisseur_nom": "MedSuppliers Congo",
      "fournisseur_telephone": "+243900000002",
      "id_fournisseur": 2,
      "id_lot": 8,
      "id_produit": 2,
      "id_utilisateur": 1,
      "image_produit": "amoxicilline.jpg",
      "nom_produit": "Amoxicilline 500mg",
      "prix_achat": "2.50",
      "prix_vente": "5.00",
      "quantite": 78,
      "unite_mesure": null,
      "utilisateur_email": "admin@pharma.com",
      "utilisateur_nom": "Admin Principal"
    },
    {
      "actif": 1,
      "code_barre": "AMOX500",
      "date_ajout_produit": "19-09-2025",
      "date_approvisionnement": "20-04-2025",
      "date_expiration": "01-11-2026",
      "description": "Antibiotique large spectre",
      "fournisseur_contact": "M. Dupont",
      "fournisseur_email": "sales@globalmed.eu",
      "fournisseur_nom": "GlobalMed Europe",
2026-03-10T03:15:34.870Z | REQUEST  | GET | http://127.0.0.1:5000/api/master/list
2026-03-10T03:15:35.273Z | RESPONSE | GET | http://127.0.0.1:5000/api/master/list | 200 | ok=true | duration_ms=293 | {
  "data": [
    {
      "actif": 1,
      "code_barre": "AMOX500",
      "date_ajout_produit": "19-09-2025",
      "date_approvisionnement": "20-04-2025",
      "date_expiration": "20-04-2026",
      "description": "Antibiotique large spectre",
      "fournisseur_contact": "M. Kabila",
      "fournisseur_email": "contact@pharmadistrib.com",
      "fournisseur_nom": "PharmaDistrib RDC",
      "fournisseur_telephone": "+243900000001",
      "id_fournisseur": 1,
      "id_lot": 7,
      "id_produit": 2,
      "id_utilisateur": 1,
      "image_produit": "amoxicilline.jpg",
      "nom_produit": "Amoxicilline 500mg",
      "prix_achat": "2.30",
      "prix_vente": "5.00",
      "quantite": 26,
      "unite_mesure": null,
      "utilisateur_email": "admin@pharma.com",
      "utilisateur_nom": "Admin Principal"
    },
    {
      "actif": 1,
      "code_barre": "AMOX500",
      "date_ajout_produit": "19-09-2025",
      "date_approvisionnement": "20-04-2025",
      "date_expiration": "01-06-2026",
      "description": "Antibiotique large spectre",
      "fournisseur_contact": "Mme Mwamba",
      "fournisseur_email": "info@medsuppliers.com",
      "fournisseur_nom": "MedSuppliers Congo",
      "fournisseur_telephone": "+243900000002",
      "id_fournisseur": 2,
      "id_lot": 8,
      "id_produit": 2,
      "id_utilisateur": 1,
      "image_produit": "amoxicilline.jpg",
      "nom_produit": "Amoxicilline 500mg",
      "prix_achat": "2.50",
      "prix_vente": "5.00",
      "quantite": 78,
      "unite_mesure": null,
      "utilisateur_email": "admin@pharma.com",
      "utilisateur_nom": "Admin Principal"
    },
    {
      "actif": 1,
      "code_barre": "AMOX500",
      "date_ajout_produit": "19-09-2025",
      "date_approvisionnement": "20-04-2025",
      "date_expiration": "01-11-2026",
      "description": "Antibiotique large spectre",
      "fournisseur_contact": "M. Dupont",
      "fournisseur_email": "sales@globalmed.eu",
      "fournisseur_nom": "GlobalMed Europe",
2026-03-10T03:15:50.875Z | REQUEST  | GET | http://127.0.0.1:5000/api/master/list
2026-03-10T03:15:51.320Z | RESPONSE | GET | http://127.0.0.1:5000/api/master/list | 200 | ok=true | duration_ms=313 | {
  "data": [
    {
      "actif": 1,
      "code_barre": "AMOX500",
      "date_ajout_produit": "19-09-2025",
      "date_approvisionnement": "20-04-2025",
      "date_expiration": "20-04-2026",
      "description": "Antibiotique large spectre",
      "fournisseur_contact": "M. Kabila",
      "fournisseur_email": "contact@pharmadistrib.com",
      "fournisseur_nom": "PharmaDistrib RDC",
      "fournisseur_telephone": "+243900000001",
      "id_fournisseur": 1,
      "id_lot": 7,
      "id_produit": 2,
      "id_utilisateur": 1,
      "image_produit": "amoxicilline.jpg",
      "nom_produit": "Amoxicilline 500mg",
      "prix_achat": "2.30",
      "prix_vente": "5.00",
      "quantite": 26,
      "unite_mesure": null,
      "utilisateur_email": "admin@pharma.com",
      "utilisateur_nom": "Admin Principal"
    },
    {
      "actif": 1,
      "code_barre": "AMOX500",
      "date_ajout_produit": "19-09-2025",
      "date_approvisionnement": "20-04-2025",
      "date_expiration": "01-06-2026",
      "description": "Antibiotique large spectre",
      "fournisseur_contact": "Mme Mwamba",
      "fournisseur_email": "info@medsuppliers.com",
      "fournisseur_nom": "MedSuppliers Congo",
      "fournisseur_telephone": "+243900000002",
      "id_fournisseur": 2,
      "id_lot": 8,
      "id_produit": 2,
      "id_utilisateur": 1,
      "image_produit": "amoxicilline.jpg",
      "nom_produit": "Amoxicilline 500mg",
      "prix_achat": "2.50",
      "prix_vente": "5.00",
      "quantite": 78,
      "unite_mesure": null,
      "utilisateur_email": "admin@pharma.com",
      "utilisateur_nom": "Admin Principal"
    },
    {
      "actif": 1,
      "code_barre": "AMOX500",
      "date_ajout_produit": "19-09-2025",
      "date_approvisionnement": "20-04-2025",
      "date_expiration": "01-11-2026",
      "description": "Antibiotique large spectre",
      "fournisseur_contact": "M. Dupont",
      "fournisseur_email": "sales@globalmed.eu",
      "fournisseur_nom": "GlobalMed Europe",
2026-03-10T03:16:06.876Z | REQUEST  | GET | http://127.0.0.1:5000/api/master/list
2026-03-10T03:16:07.229Z | RESPONSE | GET | http://127.0.0.1:5000/api/master/list | 200 | ok=true | duration_ms=240 | {
  "data": [
    {
      "actif": 1,
      "code_barre": "AMOX500",
      "date_ajout_produit": "19-09-2025",
      "date_approvisionnement": "20-04-2025",
      "date_expiration": "20-04-2026",
      "description": "Antibiotique large spectre",
      "fournisseur_contact": "M. Kabila",
      "fournisseur_email": "contact@pharmadistrib.com",
      "fournisseur_nom": "PharmaDistrib RDC",
      "fournisseur_telephone": "+243900000001",
      "id_fournisseur": 1,
      "id_lot": 7,
      "id_produit": 2,
      "id_utilisateur": 1,
      "image_produit": "amoxicilline.jpg",
      "nom_produit": "Amoxicilline 500mg",
      "prix_achat": "2.30",
      "prix_vente": "5.00",
      "quantite": 26,
      "unite_mesure": null,
      "utilisateur_email": "admin@pharma.com",
      "utilisateur_nom": "Admin Principal"
    },
    {
      "actif": 1,
      "code_barre": "AMOX500",
      "date_ajout_produit": "19-09-2025",
      "date_approvisionnement": "20-04-2025",
      "date_expiration": "01-06-2026",
      "description": "Antibiotique large spectre",
      "fournisseur_contact": "Mme Mwamba",
      "fournisseur_email": "info@medsuppliers.com",
      "fournisseur_nom": "MedSuppliers Congo",
      "fournisseur_telephone": "+243900000002",
      "id_fournisseur": 2,
      "id_lot": 8,
      "id_produit": 2,
      "id_utilisateur": 1,
      "image_produit": "amoxicilline.jpg",
      "nom_produit": "Amoxicilline 500mg",
      "prix_achat": "2.50",
      "prix_vente": "5.00",
      "quantite": 78,
      "unite_mesure": null,
      "utilisateur_email": "admin@pharma.com",
      "utilisateur_nom": "Admin Principal"
    },
    {
      "actif": 1,
      "code_barre": "AMOX500",
      "date_ajout_produit": "19-09-2025",
      "date_approvisionnement": "20-04-2025",
      "date_expiration": "01-11-2026",
      "description": "Antibiotique large spectre",
      "fournisseur_contact": "M. Dupont",
      "fournisseur_email": "sales@globalmed.eu",
      "fournisseur_nom": "GlobalMed Europe",
2026-03-10T03:16:22.833Z | REQUEST  | GET | http://127.0.0.1:5000/api/master/list
2026-03-10T03:16:23.099Z | RESPONSE | GET | http://127.0.0.1:5000/api/master/list | 200 | ok=true | duration_ms=103 | {
  "data": [
    {
      "actif": 1,
      "code_barre": "AMOX500",
      "date_ajout_produit": "19-09-2025",
      "date_approvisionnement": "20-04-2025",
      "date_expiration": "20-04-2026",
      "description": "Antibiotique large spectre",
      "fournisseur_contact": "M. Kabila",
      "fournisseur_email": "contact@pharmadistrib.com",
      "fournisseur_nom": "PharmaDistrib RDC",
      "fournisseur_telephone": "+243900000001",
      "id_fournisseur": 1,
      "id_lot": 7,
      "id_produit": 2,
      "id_utilisateur": 1,
      "image_produit": "amoxicilline.jpg",
      "nom_produit": "Amoxicilline 500mg",
      "prix_achat": "2.30",
      "prix_vente": "5.00",
      "quantite": 26,
      "unite_mesure": null,
      "utilisateur_email": "admin@pharma.com",
      "utilisateur_nom": "Admin Principal"
    },
    {
      "actif": 1,
      "code_barre": "AMOX500",
      "date_ajout_produit": "19-09-2025",
      "date_approvisionnement": "20-04-2025",
      "date_expiration": "01-06-2026",
      "description": "Antibiotique large spectre",
      "fournisseur_contact": "Mme Mwamba",
      "fournisseur_email": "info@medsuppliers.com",
      "fournisseur_nom": "MedSuppliers Congo",
      "fournisseur_telephone": "+243900000002",
      "id_fournisseur": 2,
      "id_lot": 8,
      "id_produit": 2,
      "id_utilisateur": 1,
      "image_produit": "amoxicilline.jpg",
      "nom_produit": "Amoxicilline 500mg",
      "prix_achat": "2.50",
      "prix_vente": "5.00",
      "quantite": 78,
      "unite_mesure": null,
      "utilisateur_email": "admin@pharma.com",
      "utilisateur_nom": "Admin Principal"
    },
    {
      "actif": 1,
      "code_barre": "AMOX500",
      "date_ajout_produit": "19-09-2025",
      "date_approvisionnement": "20-04-2025",
      "date_expiration": "01-11-2026",
      "description": "Antibiotique large spectre",
      "fournisseur_contact": "M. Dupont",
      "fournisseur_email": "sales@globalmed.eu",
      "fournisseur_nom": "GlobalMed Europe",
2026-03-10T03:16:49.953Z | REQUEST  | GET | http://127.0.0.1:5000/api/master/list
2026-03-10T03:16:50.287Z | RESPONSE | GET | http://127.0.0.1:5000/api/master/list | 200 | ok=true | duration_ms=210 | {
  "data": [
    {
      "actif": 1,
      "code_barre": "AMOX500",
      "date_ajout_produit": "19-09-2025",
      "date_approvisionnement": "20-04-2025",
      "date_expiration": "20-04-2026",
      "description": "Antibiotique large spectre",
      "fournisseur_contact": "M. Kabila",
      "fournisseur_email": "contact@pharmadistrib.com",
      "fournisseur_nom": "PharmaDistrib RDC",
      "fournisseur_telephone": "+243900000001",
      "id_fournisseur": 1,
      "id_lot": 7,
      "id_produit": 2,
      "id_utilisateur": 1,
      "image_produit": "amoxicilline.jpg",
      "nom_produit": "Amoxicilline 500mg",
      "prix_achat": "2.30",
      "prix_vente": "5.00",
      "quantite": 26,
      "unite_mesure": null,
      "utilisateur_email": "admin@pharma.com",
      "utilisateur_nom": "Admin Principal"
    },
    {
      "actif": 1,
      "code_barre": "AMOX500",
      "date_ajout_produit": "19-09-2025",
      "date_approvisionnement": "20-04-2025",
      "date_expiration": "01-06-2026",
      "description": "Antibiotique large spectre",
      "fournisseur_contact": "Mme Mwamba",
      "fournisseur_email": "info@medsuppliers.com",
      "fournisseur_nom": "MedSuppliers Congo",
      "fournisseur_telephone": "+243900000002",
      "id_fournisseur": 2,
      "id_lot": 8,
      "id_produit": 2,
      "id_utilisateur": 1,
      "image_produit": "amoxicilline.jpg",
      "nom_produit": "Amoxicilline 500mg",
      "prix_achat": "2.50",
      "prix_vente": "5.00",
      "quantite": 78,
      "unite_mesure": null,
      "utilisateur_email": "admin@pharma.com",
      "utilisateur_nom": "Admin Principal"
    },
    {
      "actif": 1,
      "code_barre": "AMOX500",
      "date_ajout_produit": "19-09-2025",
      "date_approvisionnement": "20-04-2025",
      "date_expiration": "01-11-2026",
      "description": "Antibiotique large spectre",
      "fournisseur_contact": "M. Dupont",
      "fournisseur_email": "sales@globalmed.eu",
      "fournisseur_nom": "GlobalMed Europe",
2026-03-10T03:17:07.274Z | REQUEST  | GET | http://127.0.0.1:5000/api/master/list
2026-03-10T03:17:07.718Z | RESPONSE | GET | http://127.0.0.1:5000/api/master/list | 200 | ok=true | duration_ms=369 | {
  "data": [
    {
      "actif": 1,
      "code_barre": "AMOX500",
      "date_ajout_produit": "19-09-2025",
      "date_approvisionnement": "20-04-2025",
      "date_expiration": "20-04-2026",
      "description": "Antibiotique large spectre",
      "fournisseur_contact": "M. Kabila",
      "fournisseur_email": "contact@pharmadistrib.com",
      "fournisseur_nom": "PharmaDistrib RDC",
      "fournisseur_telephone": "+243900000001",
      "id_fournisseur": 1,
      "id_lot": 7,
      "id_produit": 2,
      "id_utilisateur": 1,
      "image_produit": "amoxicilline.jpg",
      "nom_produit": "Amoxicilline 500mg",
      "prix_achat": "2.30",
      "prix_vente": "5.00",
      "quantite": 26,
      "unite_mesure": null,
      "utilisateur_email": "admin@pharma.com",
      "utilisateur_nom": "Admin Principal"
    },
    {
      "actif": 1,
      "code_barre": "AMOX500",
      "date_ajout_produit": "19-09-2025",
      "date_approvisionnement": "20-04-2025",
      "date_expiration": "01-06-2026",
      "description": "Antibiotique large spectre",
      "fournisseur_contact": "Mme Mwamba",
      "fournisseur_email": "info@medsuppliers.com",
      "fournisseur_nom": "MedSuppliers Congo",
      "fournisseur_telephone": "+243900000002",
      "id_fournisseur": 2,
      "id_lot": 8,
      "id_produit": 2,
      "id_utilisateur": 1,
      "image_produit": "amoxicilline.jpg",
      "nom_produit": "Amoxicilline 500mg",
      "prix_achat": "2.50",
      "prix_vente": "5.00",
      "quantite": 78,
      "unite_mesure": null,
      "utilisateur_email": "admin@pharma.com",
      "utilisateur_nom": "Admin Principal"
    },
    {
      "actif": 1,
      "code_barre": "AMOX500",
      "date_ajout_produit": "19-09-2025",
      "date_approvisionnement": "20-04-2025",
      "date_expiration": "01-11-2026",
      "description": "Antibiotique large spectre",
      "fournisseur_contact": "M. Dupont",
      "fournisseur_email": "sales@globalmed.eu",
      "fournisseur_nom": "GlobalMed Europe",
2026-03-10T03:17:22.849Z | REQUEST  | GET | http://127.0.0.1:5000/api/master/list
2026-03-10T03:17:23.293Z | RESPONSE | GET | http://127.0.0.1:5000/api/master/list | 200 | ok=true | duration_ms=328 | {
  "data": [
    {
      "actif": 1,
      "code_barre": "AMOX500",
      "date_ajout_produit": "19-09-2025",
      "date_approvisionnement": "20-04-2025",
      "date_expiration": "20-04-2026",
      "description": "Antibiotique large spectre",
      "fournisseur_contact": "M. Kabila",
      "fournisseur_email": "contact@pharmadistrib.com",
      "fournisseur_nom": "PharmaDistrib RDC",
      "fournisseur_telephone": "+243900000001",
      "id_fournisseur": 1,
      "id_lot": 7,
      "id_produit": 2,
      "id_utilisateur": 1,
      "image_produit": "amoxicilline.jpg",
      "nom_produit": "Amoxicilline 500mg",
      "prix_achat": "2.30",
      "prix_vente": "5.00",
      "quantite": 26,
      "unite_mesure": null,
      "utilisateur_email": "admin@pharma.com",
      "utilisateur_nom": "Admin Principal"
    },
    {
      "actif": 1,
      "code_barre": "AMOX500",
      "date_ajout_produit": "19-09-2025",
      "date_approvisionnement": "20-04-2025",
      "date_expiration": "01-06-2026",
      "description": "Antibiotique large spectre",
      "fournisseur_contact": "Mme Mwamba",
      "fournisseur_email": "info@medsuppliers.com",
      "fournisseur_nom": "MedSuppliers Congo",
      "fournisseur_telephone": "+243900000002",
      "id_fournisseur": 2,
      "id_lot": 8,
      "id_produit": 2,
      "id_utilisateur": 1,
      "image_produit": "amoxicilline.jpg",
      "nom_produit": "Amoxicilline 500mg",
      "prix_achat": "2.50",
      "prix_vente": "5.00",
      "quantite": 78,
      "unite_mesure": null,
      "utilisateur_email": "admin@pharma.com",
      "utilisateur_nom": "Admin Principal"
    },
    {
      "actif": 1,
      "code_barre": "AMOX500",
      "date_ajout_produit": "19-09-2025",
      "date_approvisionnement": "20-04-2025",
      "date_expiration": "01-11-2026",
      "description": "Antibiotique large spectre",
      "fournisseur_contact": "M. Dupont",
      "fournisseur_email": "sales@globalmed.eu",
      "fournisseur_nom": "GlobalMed Europe",
2026-03-10T03:17:38.885Z | REQUEST  | GET | http://127.0.0.1:5000/api/master/list
2026-03-10T03:17:39.499Z | RESPONSE | GET | http://127.0.0.1:5000/api/master/list | 200 | ok=true | duration_ms=442 | {
  "data": [
    {
      "actif": 1,
      "code_barre": "AMOX500",
      "date_ajout_produit": "19-09-2025",
      "date_approvisionnement": "20-04-2025",
      "date_expiration": "20-04-2026",
      "description": "Antibiotique large spectre",
      "fournisseur_contact": "M. Kabila",
      "fournisseur_email": "contact@pharmadistrib.com",
      "fournisseur_nom": "PharmaDistrib RDC",
      "fournisseur_telephone": "+243900000001",
      "id_fournisseur": 1,
      "id_lot": 7,
      "id_produit": 2,
      "id_utilisateur": 1,
      "image_produit": "amoxicilline.jpg",
      "nom_produit": "Amoxicilline 500mg",
      "prix_achat": "2.30",
      "prix_vente": "5.00",
      "quantite": 26,
      "unite_mesure": null,
      "utilisateur_email": "admin@pharma.com",
      "utilisateur_nom": "Admin Principal"
    },
    {
      "actif": 1,
      "code_barre": "AMOX500",
      "date_ajout_produit": "19-09-2025",
      "date_approvisionnement": "20-04-2025",
      "date_expiration": "01-06-2026",
      "description": "Antibiotique large spectre",
      "fournisseur_contact": "Mme Mwamba",
      "fournisseur_email": "info@medsuppliers.com",
      "fournisseur_nom": "MedSuppliers Congo",
      "fournisseur_telephone": "+243900000002",
      "id_fournisseur": 2,
      "id_lot": 8,
      "id_produit": 2,
      "id_utilisateur": 1,
      "image_produit": "amoxicilline.jpg",
      "nom_produit": "Amoxicilline 500mg",
      "prix_achat": "2.50",
      "prix_vente": "5.00",
      "quantite": 78,
      "unite_mesure": null,
      "utilisateur_email": "admin@pharma.com",
      "utilisateur_nom": "Admin Principal"
    },
    {
      "actif": 1,
      "code_barre": "AMOX500",
      "date_ajout_produit": "19-09-2025",
      "date_approvisionnement": "20-04-2025",
      "date_expiration": "01-11-2026",
      "description": "Antibiotique large spectre",
      "fournisseur_contact": "M. Dupont",
      "fournisseur_email": "sales@globalmed.eu",
      "fournisseur_nom": "GlobalMed Europe",
2026-03-10T03:17:54.897Z | REQUEST  | GET | http://127.0.0.1:5000/api/master/list
2026-03-10T03:17:55.389Z | RESPONSE | GET | http://127.0.0.1:5000/api/master/list | 200 | ok=true | duration_ms=403 | {
  "data": [
    {
      "actif": 1,
      "code_barre": "AMOX500",
      "date_ajout_produit": "19-09-2025",
      "date_approvisionnement": "20-04-2025",
      "date_expiration": "20-04-2026",
      "description": "Antibiotique large spectre",
      "fournisseur_contact": "M. Kabila",
      "fournisseur_email": "contact@pharmadistrib.com",
      "fournisseur_nom": "PharmaDistrib RDC",
      "fournisseur_telephone": "+243900000001",
      "id_fournisseur": 1,
      "id_lot": 7,
      "id_produit": 2,
      "id_utilisateur": 1,
      "image_produit": "amoxicilline.jpg",
      "nom_produit": "Amoxicilline 500mg",
      "prix_achat": "2.30",
      "prix_vente": "5.00",
      "quantite": 26,
      "unite_mesure": null,
      "utilisateur_email": "admin@pharma.com",
      "utilisateur_nom": "Admin Principal"
    },
    {
      "actif": 1,
      "code_barre": "AMOX500",
      "date_ajout_produit": "19-09-2025",
      "date_approvisionnement": "20-04-2025",
      "date_expiration": "01-06-2026",
      "description": "Antibiotique large spectre",
      "fournisseur_contact": "Mme Mwamba",
      "fournisseur_email": "info@medsuppliers.com",
      "fournisseur_nom": "MedSuppliers Congo",
      "fournisseur_telephone": "+243900000002",
      "id_fournisseur": 2,
      "id_lot": 8,
      "id_produit": 2,
      "id_utilisateur": 1,
      "image_produit": "amoxicilline.jpg",
      "nom_produit": "Amoxicilline 500mg",
      "prix_achat": "2.50",
      "prix_vente": "5.00",
      "quantite": 78,
      "unite_mesure": null,
      "utilisateur_email": "admin@pharma.com",
      "utilisateur_nom": "Admin Principal"
    },
    {
      "actif": 1,
      "code_barre": "AMOX500",
      "date_ajout_produit": "19-09-2025",
      "date_approvisionnement": "20-04-2025",
      "date_expiration": "01-11-2026",
      "description": "Antibiotique large spectre",
      "fournisseur_contact": "M. Dupont",
      "fournisseur_email": "sales@globalmed.eu",
      "fournisseur_nom": "GlobalMed Europe",
2026-03-10T03:18:10.817Z | REQUEST  | GET | http://127.0.0.1:5000/api/master/list
2026-03-10T03:18:11.485Z | RESPONSE | GET | http://127.0.0.1:5000/api/master/list | 200 | ok=true | duration_ms=518 | {
  "data": [
    {
      "actif": 1,
      "code_barre": "AMOX500",
      "date_ajout_produit": "19-09-2025",
      "date_approvisionnement": "20-04-2025",
      "date_expiration": "20-04-2026",
      "description": "Antibiotique large spectre",
      "fournisseur_contact": "M. Kabila",
      "fournisseur_email": "contact@pharmadistrib.com",
      "fournisseur_nom": "PharmaDistrib RDC",
      "fournisseur_telephone": "+243900000001",
      "id_fournisseur": 1,
      "id_lot": 7,
      "id_produit": 2,
      "id_utilisateur": 1,
      "image_produit": "amoxicilline.jpg",
      "nom_produit": "Amoxicilline 500mg",
      "prix_achat": "2.30",
      "prix_vente": "5.00",
      "quantite": 26,
      "unite_mesure": null,
      "utilisateur_email": "admin@pharma.com",
      "utilisateur_nom": "Admin Principal"
    },
    {
      "actif": 1,
      "code_barre": "AMOX500",
      "date_ajout_produit": "19-09-2025",
      "date_approvisionnement": "20-04-2025",
      "date_expiration": "01-06-2026",
      "description": "Antibiotique large spectre",
      "fournisseur_contact": "Mme Mwamba",
      "fournisseur_email": "info@medsuppliers.com",
      "fournisseur_nom": "MedSuppliers Congo",
      "fournisseur_telephone": "+243900000002",
      "id_fournisseur": 2,
      "id_lot": 8,
      "id_produit": 2,
      "id_utilisateur": 1,
      "image_produit": "amoxicilline.jpg",
      "nom_produit": "Amoxicilline 500mg",
      "prix_achat": "2.50",
      "prix_vente": "5.00",
      "quantite": 78,
      "unite_mesure": null,
      "utilisateur_email": "admin@pharma.com",
      "utilisateur_nom": "Admin Principal"
    },
    {
      "actif": 1,
      "code_barre": "AMOX500",
      "date_ajout_produit": "19-09-2025",
      "date_approvisionnement": "20-04-2025",
      "date_expiration": "01-11-2026",
      "description": "Antibiotique large spectre",
      "fournisseur_contact": "M. Dupont",
      "fournisseur_email": "sales@globalmed.eu",
      "fournisseur_nom": "GlobalMed Europe",
2026-03-10T03:18:31.128Z | REQUEST  | GET | http://127.0.0.1:5000/api/master/list
2026-03-10T03:18:31.673Z | RESPONSE | GET | http://127.0.0.1:5000/api/master/list | 200 | ok=true | duration_ms=228 | {
  "data": [
    {
      "actif": 1,
      "code_barre": "AMOX500",
      "date_ajout_produit": "19-09-2025",
      "date_approvisionnement": "20-04-2025",
      "date_expiration": "20-04-2026",
      "description": "Antibiotique large spectre",
      "fournisseur_contact": "M. Kabila",
      "fournisseur_email": "contact@pharmadistrib.com",
      "fournisseur_nom": "PharmaDistrib RDC",
      "fournisseur_telephone": "+243900000001",
      "id_fournisseur": 1,
      "id_lot": 7,
      "id_produit": 2,
      "id_utilisateur": 1,
      "image_produit": "amoxicilline.jpg",
      "nom_produit": "Amoxicilline 500mg",
      "prix_achat": "2.30",
      "prix_vente": "5.00",
      "quantite": 26,
      "unite_mesure": null,
      "utilisateur_email": "admin@pharma.com",
      "utilisateur_nom": "Admin Principal"
    },
    {
      "actif": 1,
      "code_barre": "AMOX500",
      "date_ajout_produit": "19-09-2025",
      "date_approvisionnement": "20-04-2025",
      "date_expiration": "01-06-2026",
      "description": "Antibiotique large spectre",
      "fournisseur_contact": "Mme Mwamba",
      "fournisseur_email": "info@medsuppliers.com",
      "fournisseur_nom": "MedSuppliers Congo",
      "fournisseur_telephone": "+243900000002",
      "id_fournisseur": 2,
      "id_lot": 8,
      "id_produit": 2,
      "id_utilisateur": 1,
      "image_produit": "amoxicilline.jpg",
      "nom_produit": "Amoxicilline 500mg",
      "prix_achat": "2.50",
      "prix_vente": "5.00",
      "quantite": 78,
      "unite_mesure": null,
      "utilisateur_email": "admin@pharma.com",
      "utilisateur_nom": "Admin Principal"
    },
    {
      "actif": 1,
      "code_barre": "AMOX500",
      "date_ajout_produit": "19-09-2025",
      "date_approvisionnement": "20-04-2025",
      "date_expiration": "01-11-2026",
      "description": "Antibiotique large spectre",
      "fournisseur_contact": "M. Dupont",
      "fournisseur_email": "sales@globalmed.eu",
      "fournisseur_nom": "GlobalMed Europe",
2026-03-10T03:18:48.699Z | REQUEST  | GET | http://127.0.0.1:5000/api/master/list
2026-03-10T03:18:48.808Z | RESPONSE | GET | http://127.0.0.1:5000/api/master/list | 200 | ok=true | duration_ms=49 | {
  "data": [
    {
      "actif": 1,
      "code_barre": "AMOX500",
      "date_ajout_produit": "19-09-2025",
      "date_approvisionnement": "20-04-2025",
      "date_expiration": "20-04-2026",
      "description": "Antibiotique large spectre",
      "fournisseur_contact": "M. Kabila",
      "fournisseur_email": "contact@pharmadistrib.com",
      "fournisseur_nom": "PharmaDistrib RDC",
      "fournisseur_telephone": "+243900000001",
      "id_fournisseur": 1,
      "id_lot": 7,
      "id_produit": 2,
      "id_utilisateur": 1,
      "image_produit": "amoxicilline.jpg",
      "nom_produit": "Amoxicilline 500mg",
      "prix_achat": "2.30",
      "prix_vente": "5.00",
      "quantite": 26,
      "unite_mesure": null,
      "utilisateur_email": "admin@pharma.com",
      "utilisateur_nom": "Admin Principal"
    },
    {
      "actif": 1,
      "code_barre": "AMOX500",
      "date_ajout_produit": "19-09-2025",
      "date_approvisionnement": "20-04-2025",
      "date_expiration": "01-06-2026",
      "description": "Antibiotique large spectre",
      "fournisseur_contact": "Mme Mwamba",
      "fournisseur_email": "info@medsuppliers.com",
      "fournisseur_nom": "MedSuppliers Congo",
      "fournisseur_telephone": "+243900000002",
      "id_fournisseur": 2,
      "id_lot": 8,
      "id_produit": 2,
      "id_utilisateur": 1,
      "image_produit": "amoxicilline.jpg",
      "nom_produit": "Amoxicilline 500mg",
      "prix_achat": "2.50",
      "prix_vente": "5.00",
      "quantite": 78,
      "unite_mesure": null,
      "utilisateur_email": "admin@pharma.com",
      "utilisateur_nom": "Admin Principal"
    },
    {
      "actif": 1,
      "code_barre": "AMOX500",
      "date_ajout_produit": "19-09-2025",
      "date_approvisionnement": "20-04-2025",
      "date_expiration": "01-11-2026",
      "description": "Antibiotique large spectre",
      "fournisseur_contact": "M. Dupont",
      "fournisseur_email": "sales@globalmed.eu",
      "fournisseur_nom": "GlobalMed Europe",
2026-03-10T03:19:04.902Z | REQUEST  | GET | http://127.0.0.1:5000/api/master/list
2026-03-10T03:19:05.493Z | RESPONSE | GET | http://127.0.0.1:5000/api/master/list | 200 | ok=true | duration_ms=455 | {
  "data": [
    {
      "actif": 1,
      "code_barre": "AMOX500",
      "date_ajout_produit": "19-09-2025",
      "date_approvisionnement": "20-04-2025",
      "date_expiration": "20-04-2026",
      "description": "Antibiotique large spectre",
      "fournisseur_contact": "M. Kabila",
      "fournisseur_email": "contact@pharmadistrib.com",
      "fournisseur_nom": "PharmaDistrib RDC",
      "fournisseur_telephone": "+243900000001",
      "id_fournisseur": 1,
      "id_lot": 7,
      "id_produit": 2,
      "id_utilisateur": 1,
      "image_produit": "amoxicilline.jpg",
      "nom_produit": "Amoxicilline 500mg",
      "prix_achat": "2.30",
      "prix_vente": "5.00",
      "quantite": 26,
      "unite_mesure": null,
      "utilisateur_email": "admin@pharma.com",
      "utilisateur_nom": "Admin Principal"
    },
    {
      "actif": 1,
      "code_barre": "AMOX500",
      "date_ajout_produit": "19-09-2025",
      "date_approvisionnement": "20-04-2025",
      "date_expiration": "01-06-2026",
      "description": "Antibiotique large spectre",
      "fournisseur_contact": "Mme Mwamba",
      "fournisseur_email": "info@medsuppliers.com",
      "fournisseur_nom": "MedSuppliers Congo",
      "fournisseur_telephone": "+243900000002",
      "id_fournisseur": 2,
      "id_lot": 8,
      "id_produit": 2,
      "id_utilisateur": 1,
      "image_produit": "amoxicilline.jpg",
      "nom_produit": "Amoxicilline 500mg",
      "prix_achat": "2.50",
      "prix_vente": "5.00",
      "quantite": 78,
      "unite_mesure": null,
      "utilisateur_email": "admin@pharma.com",
      "utilisateur_nom": "Admin Principal"
    },
    {
      "actif": 1,
      "code_barre": "AMOX500",
      "date_ajout_produit": "19-09-2025",
      "date_approvisionnement": "20-04-2025",
      "date_expiration": "01-11-2026",
      "description": "Antibiotique large spectre",
      "fournisseur_contact": "M. Dupont",
      "fournisseur_email": "sales@globalmed.eu",
      "fournisseur_nom": "GlobalMed Europe",
2026-03-10T03:19:20.869Z | REQUEST  | GET | http://127.0.0.1:5000/api/master/list
2026-03-10T03:19:21.419Z | RESPONSE | GET | http://127.0.0.1:5000/api/master/list | 200 | ok=true | duration_ms=415 | {
  "data": [
    {
      "actif": 1,
      "code_barre": "AMOX500",
      "date_ajout_produit": "19-09-2025",
      "date_approvisionnement": "20-04-2025",
      "date_expiration": "20-04-2026",
      "description": "Antibiotique large spectre",
      "fournisseur_contact": "M. Kabila",
      "fournisseur_email": "contact@pharmadistrib.com",
      "fournisseur_nom": "PharmaDistrib RDC",
      "fournisseur_telephone": "+243900000001",
      "id_fournisseur": 1,
      "id_lot": 7,
      "id_produit": 2,
      "id_utilisateur": 1,
      "image_produit": "amoxicilline.jpg",
      "nom_produit": "Amoxicilline 500mg",
      "prix_achat": "2.30",
      "prix_vente": "5.00",
      "quantite": 26,
      "unite_mesure": null,
      "utilisateur_email": "admin@pharma.com",
      "utilisateur_nom": "Admin Principal"
    },
    {
      "actif": 1,
      "code_barre": "AMOX500",
      "date_ajout_produit": "19-09-2025",
      "date_approvisionnement": "20-04-2025",
      "date_expiration": "01-06-2026",
      "description": "Antibiotique large spectre",
      "fournisseur_contact": "Mme Mwamba",
      "fournisseur_email": "info@medsuppliers.com",
      "fournisseur_nom": "MedSuppliers Congo",
      "fournisseur_telephone": "+243900000002",
      "id_fournisseur": 2,
      "id_lot": 8,
      "id_produit": 2,
      "id_utilisateur": 1,
      "image_produit": "amoxicilline.jpg",
      "nom_produit": "Amoxicilline 500mg",
      "prix_achat": "2.50",
      "prix_vente": "5.00",
      "quantite": 78,
      "unite_mesure": null,
      "utilisateur_email": "admin@pharma.com",
      "utilisateur_nom": "Admin Principal"
    },
    {
      "actif": 1,
      "code_barre": "AMOX500",
      "date_ajout_produit": "19-09-2025",
      "date_approvisionnement": "20-04-2025",
      "date_expiration": "01-11-2026",
      "description": "Antibiotique large spectre",
      "fournisseur_contact": "M. Dupont",
      "fournisseur_email": "sales@globalmed.eu",
      "fournisseur_nom": "GlobalMed Europe",
2026-03-10T03:19:36.925Z | REQUEST  | GET | http://127.0.0.1:5000/api/master/list
2026-03-10T03:19:37.831Z | RESPONSE | GET | http://127.0.0.1:5000/api/master/list | 200 | ok=true | duration_ms=776 | {
  "data": [
    {
      "actif": 1,
      "code_barre": "AMOX500",
      "date_ajout_produit": "19-09-2025",
      "date_approvisionnement": "20-04-2025",
      "date_expiration": "20-04-2026",
      "description": "Antibiotique large spectre",
      "fournisseur_contact": "M. Kabila",
      "fournisseur_email": "contact@pharmadistrib.com",
      "fournisseur_nom": "PharmaDistrib RDC",
      "fournisseur_telephone": "+243900000001",
      "id_fournisseur": 1,
      "id_lot": 7,
      "id_produit": 2,
      "id_utilisateur": 1,
      "image_produit": "amoxicilline.jpg",
      "nom_produit": "Amoxicilline 500mg",
      "prix_achat": "2.30",
      "prix_vente": "5.00",
      "quantite": 26,
      "unite_mesure": null,
      "utilisateur_email": "admin@pharma.com",
      "utilisateur_nom": "Admin Principal"
    },
    {
      "actif": 1,
      "code_barre": "AMOX500",
      "date_ajout_produit": "19-09-2025",
      "date_approvisionnement": "20-04-2025",
      "date_expiration": "01-06-2026",
      "description": "Antibiotique large spectre",
      "fournisseur_contact": "Mme Mwamba",
      "fournisseur_email": "info@medsuppliers.com",
      "fournisseur_nom": "MedSuppliers Congo",
      "fournisseur_telephone": "+243900000002",
      "id_fournisseur": 2,
      "id_lot": 8,
      "id_produit": 2,
      "id_utilisateur": 1,
      "image_produit": "amoxicilline.jpg",
      "nom_produit": "Amoxicilline 500mg",
      "prix_achat": "2.50",
      "prix_vente": "5.00",
      "quantite": 78,
      "unite_mesure": null,
      "utilisateur_email": "admin@pharma.com",
      "utilisateur_nom": "Admin Principal"
    },
    {
      "actif": 1,
      "code_barre": "AMOX500",
      "date_ajout_produit": "19-09-2025",
      "date_approvisionnement": "20-04-2025",
      "date_expiration": "01-11-2026",
      "description": "Antibiotique large spectre",
      "fournisseur_contact": "M. Dupont",
      "fournisseur_email": "sales@globalmed.eu",
      "fournisseur_nom": "GlobalMed Europe",
2026-03-10T03:19:52.965Z | REQUEST  | GET | http://127.0.0.1:5000/api/master/list
2026-03-10T03:19:54.428Z | RESPONSE | GET | http://127.0.0.1:5000/api/master/list | 200 | ok=true | duration_ms=1433 | {
  "data": [
    {
      "actif": 1,
      "code_barre": "AMOX500",
      "date_ajout_produit": "19-09-2025",
      "date_approvisionnement": "20-04-2025",
      "date_expiration": "20-04-2026",
      "description": "Antibiotique large spectre",
      "fournisseur_contact": "M. Kabila",
      "fournisseur_email": "contact@pharmadistrib.com",
      "fournisseur_nom": "PharmaDistrib RDC",
      "fournisseur_telephone": "+243900000001",
      "id_fournisseur": 1,
      "id_lot": 7,
      "id_produit": 2,
      "id_utilisateur": 1,
      "image_produit": "amoxicilline.jpg",
      "nom_produit": "Amoxicilline 500mg",
      "prix_achat": "2.30",
      "prix_vente": "5.00",
      "quantite": 26,
      "unite_mesure": null,
      "utilisateur_email": "admin@pharma.com",
      "utilisateur_nom": "Admin Principal"
    },
    {
      "actif": 1,
      "code_barre": "AMOX500",
      "date_ajout_produit": "19-09-2025",
      "date_approvisionnement": "20-04-2025",
      "date_expiration": "01-06-2026",
      "description": "Antibiotique large spectre",
      "fournisseur_contact": "Mme Mwamba",
      "fournisseur_email": "info@medsuppliers.com",
      "fournisseur_nom": "MedSuppliers Congo",
      "fournisseur_telephone": "+243900000002",
      "id_fournisseur": 2,
      "id_lot": 8,
      "id_produit": 2,
      "id_utilisateur": 1,
      "image_produit": "amoxicilline.jpg",
      "nom_produit": "Amoxicilline 500mg",
      "prix_achat": "2.50",
      "prix_vente": "5.00",
      "quantite": 78,
      "unite_mesure": null,
      "utilisateur_email": "admin@pharma.com",
      "utilisateur_nom": "Admin Principal"
    },
    {
      "actif": 1,
      "code_barre": "AMOX500",
      "date_ajout_produit": "19-09-2025",
      "date_approvisionnement": "20-04-2025",
      "date_expiration": "01-11-2026",
      "description": "Antibiotique large spectre",
      "fournisseur_contact": "M. Dupont",
      "fournisseur_email": "sales@globalmed.eu",
      "fournisseur_nom": "GlobalMed Europe",
2026-03-10T03:20:15.441Z | REQUEST  | GET | http://127.0.0.1:5000/api/master/list
2026-03-10T03:20:15.782Z | RESPONSE | GET | http://127.0.0.1:5000/api/master/list | 200 | ok=true | duration_ms=218 | {
  "data": [
    {
      "actif": 1,
      "code_barre": "AMOX500",
      "date_ajout_produit": "19-09-2025",
      "date_approvisionnement": "20-04-2025",
      "date_expiration": "20-04-2026",
      "description": "Antibiotique large spectre",
      "fournisseur_contact": "M. Kabila",
      "fournisseur_email": "contact@pharmadistrib.com",
      "fournisseur_nom": "PharmaDistrib RDC",
      "fournisseur_telephone": "+243900000001",
      "id_fournisseur": 1,
      "id_lot": 7,
      "id_produit": 2,
      "id_utilisateur": 1,
      "image_produit": "amoxicilline.jpg",
      "nom_produit": "Amoxicilline 500mg",
      "prix_achat": "2.30",
      "prix_vente": "5.00",
      "quantite": 26,
      "unite_mesure": null,
      "utilisateur_email": "admin@pharma.com",
      "utilisateur_nom": "Admin Principal"
    },
    {
      "actif": 1,
      "code_barre": "AMOX500",
      "date_ajout_produit": "19-09-2025",
      "date_approvisionnement": "20-04-2025",
      "date_expiration": "01-06-2026",
      "description": "Antibiotique large spectre",
      "fournisseur_contact": "Mme Mwamba",
      "fournisseur_email": "info@medsuppliers.com",
      "fournisseur_nom": "MedSuppliers Congo",
      "fournisseur_telephone": "+243900000002",
      "id_fournisseur": 2,
      "id_lot": 8,
      "id_produit": 2,
      "id_utilisateur": 1,
      "image_produit": "amoxicilline.jpg",
      "nom_produit": "Amoxicilline 500mg",
      "prix_achat": "2.50",
      "prix_vente": "5.00",
      "quantite": 78,
      "unite_mesure": null,
      "utilisateur_email": "admin@pharma.com",
      "utilisateur_nom": "Admin Principal"
    },
    {
      "actif": 1,
      "code_barre": "AMOX500",
      "date_ajout_produit": "19-09-2025",
      "date_approvisionnement": "20-04-2025",
      "date_expiration": "01-11-2026",
      "description": "Antibiotique large spectre",
      "fournisseur_contact": "M. Dupont",
      "fournisseur_email": "sales@globalmed.eu",
      "fournisseur_nom": "GlobalMed Europe",
2026-03-10T03:20:32.137Z | REQUEST  | GET | http://127.0.0.1:5000/api/master/list
2026-03-10T03:20:32.669Z | RESPONSE | GET | http://127.0.0.1:5000/api/master/list | 200 | ok=true | duration_ms=330 | {
  "data": [
    {
      "actif": 1,
      "code_barre": "AMOX500",
      "date_ajout_produit": "19-09-2025",
      "date_approvisionnement": "20-04-2025",
      "date_expiration": "20-04-2026",
      "description": "Antibiotique large spectre",
      "fournisseur_contact": "M. Kabila",
      "fournisseur_email": "contact@pharmadistrib.com",
      "fournisseur_nom": "PharmaDistrib RDC",
      "fournisseur_telephone": "+243900000001",
      "id_fournisseur": 1,
      "id_lot": 7,
      "id_produit": 2,
      "id_utilisateur": 1,
      "image_produit": "amoxicilline.jpg",
      "nom_produit": "Amoxicilline 500mg",
      "prix_achat": "2.30",
      "prix_vente": "5.00",
      "quantite": 26,
      "unite_mesure": null,
      "utilisateur_email": "admin@pharma.com",
      "utilisateur_nom": "Admin Principal"
    },
    {
      "actif": 1,
      "code_barre": "AMOX500",
      "date_ajout_produit": "19-09-2025",
      "date_approvisionnement": "20-04-2025",
      "date_expiration": "01-06-2026",
      "description": "Antibiotique large spectre",
      "fournisseur_contact": "Mme Mwamba",
      "fournisseur_email": "info@medsuppliers.com",
      "fournisseur_nom": "MedSuppliers Congo",
      "fournisseur_telephone": "+243900000002",
      "id_fournisseur": 2,
      "id_lot": 8,
      "id_produit": 2,
      "id_utilisateur": 1,
      "image_produit": "amoxicilline.jpg",
      "nom_produit": "Amoxicilline 500mg",
      "prix_achat": "2.50",
      "prix_vente": "5.00",
      "quantite": 78,
      "unite_mesure": null,
      "utilisateur_email": "admin@pharma.com",
      "utilisateur_nom": "Admin Principal"
    },
    {
      "actif": 1,
      "code_barre": "AMOX500",
      "date_ajout_produit": "19-09-2025",
      "date_approvisionnement": "20-04-2025",
      "date_expiration": "01-11-2026",
      "description": "Antibiotique large spectre",
      "fournisseur_contact": "M. Dupont",
      "fournisseur_email": "sales@globalmed.eu",
      "fournisseur_nom": "GlobalMed Europe",
2026-03-10T03:20:47.903Z | REQUEST  | GET | http://127.0.0.1:5000/api/master/list
2026-03-10T03:20:48.322Z | RESPONSE | GET | http://127.0.0.1:5000/api/master/list | 200 | ok=true | duration_ms=289 | {
  "data": [
    {
      "actif": 1,
      "code_barre": "AMOX500",
      "date_ajout_produit": "19-09-2025",
      "date_approvisionnement": "20-04-2025",
      "date_expiration": "20-04-2026",
      "description": "Antibiotique large spectre",
      "fournisseur_contact": "M. Kabila",
      "fournisseur_email": "contact@pharmadistrib.com",
      "fournisseur_nom": "PharmaDistrib RDC",
      "fournisseur_telephone": "+243900000001",
      "id_fournisseur": 1,
      "id_lot": 7,
      "id_produit": 2,
      "id_utilisateur": 1,
      "image_produit": "amoxicilline.jpg",
      "nom_produit": "Amoxicilline 500mg",
      "prix_achat": "2.30",
      "prix_vente": "5.00",
      "quantite": 26,
      "unite_mesure": null,
      "utilisateur_email": "admin@pharma.com",
      "utilisateur_nom": "Admin Principal"
    },
    {
      "actif": 1,
      "code_barre": "AMOX500",
      "date_ajout_produit": "19-09-2025",
      "date_approvisionnement": "20-04-2025",
      "date_expiration": "01-06-2026",
      "description": "Antibiotique large spectre",
      "fournisseur_contact": "Mme Mwamba",
      "fournisseur_email": "info@medsuppliers.com",
      "fournisseur_nom": "MedSuppliers Congo",
      "fournisseur_telephone": "+243900000002",
      "id_fournisseur": 2,
      "id_lot": 8,
      "id_produit": 2,
      "id_utilisateur": 1,
      "image_produit": "amoxicilline.jpg",
      "nom_produit": "Amoxicilline 500mg",
      "prix_achat": "2.50",
      "prix_vente": "5.00",
      "quantite": 78,
      "unite_mesure": null,
      "utilisateur_email": "admin@pharma.com",
      "utilisateur_nom": "Admin Principal"
    },
    {
      "actif": 1,
      "code_barre": "AMOX500",
      "date_ajout_produit": "19-09-2025",
      "date_approvisionnement": "20-04-2025",
      "date_expiration": "01-11-2026",
      "description": "Antibiotique large spectre",
      "fournisseur_contact": "M. Dupont",
      "fournisseur_email": "sales@globalmed.eu",
      "fournisseur_nom": "GlobalMed Europe",
2026-03-10T03:21:03.965Z | REQUEST  | GET | http://127.0.0.1:5000/api/master/list
2026-03-10T03:21:04.642Z | RESPONSE | GET | http://127.0.0.1:5000/api/master/list | 200 | ok=true | duration_ms=357 | {
  "data": [
    {
      "actif": 1,
      "code_barre": "AMOX500",
      "date_ajout_produit": "19-09-2025",
      "date_approvisionnement": "20-04-2025",
      "date_expiration": "20-04-2026",
      "description": "Antibiotique large spectre",
      "fournisseur_contact": "M. Kabila",
      "fournisseur_email": "contact@pharmadistrib.com",
      "fournisseur_nom": "PharmaDistrib RDC",
      "fournisseur_telephone": "+243900000001",
      "id_fournisseur": 1,
      "id_lot": 7,
      "id_produit": 2,
      "id_utilisateur": 1,
      "image_produit": "amoxicilline.jpg",
      "nom_produit": "Amoxicilline 500mg",
      "prix_achat": "2.30",
      "prix_vente": "5.00",
      "quantite": 26,
      "unite_mesure": null,
      "utilisateur_email": "admin@pharma.com",
      "utilisateur_nom": "Admin Principal"
    },
    {
      "actif": 1,
      "code_barre": "AMOX500",
      "date_ajout_produit": "19-09-2025",
      "date_approvisionnement": "20-04-2025",
      "date_expiration": "01-06-2026",
      "description": "Antibiotique large spectre",
      "fournisseur_contact": "Mme Mwamba",
      "fournisseur_email": "info@medsuppliers.com",
      "fournisseur_nom": "MedSuppliers Congo",
      "fournisseur_telephone": "+243900000002",
      "id_fournisseur": 2,
      "id_lot": 8,
      "id_produit": 2,
      "id_utilisateur": 1,
      "image_produit": "amoxicilline.jpg",
      "nom_produit": "Amoxicilline 500mg",
      "prix_achat": "2.50",
      "prix_vente": "5.00",
      "quantite": 78,
      "unite_mesure": null,
      "utilisateur_email": "admin@pharma.com",
      "utilisateur_nom": "Admin Principal"
    },
    {
      "actif": 1,
      "code_barre": "AMOX500",
      "date_ajout_produit": "19-09-2025",
      "date_approvisionnement": "20-04-2025",
      "date_expiration": "01-11-2026",
      "description": "Antibiotique large spectre",
      "fournisseur_contact": "M. Dupont",
      "fournisseur_email": "sales@globalmed.eu",
      "fournisseur_nom": "GlobalMed Europe",
2026-03-10T03:21:19.913Z | REQUEST  | GET | http://127.0.0.1:5000/api/master/list
2026-03-10T03:21:20.386Z | RESPONSE | GET | http://127.0.0.1:5000/api/master/list | 200 | ok=true | duration_ms=362 | {
  "data": [
    {
      "actif": 1,
      "code_barre": "AMOX500",
      "date_ajout_produit": "19-09-2025",
      "date_approvisionnement": "20-04-2025",
      "date_expiration": "20-04-2026",
      "description": "Antibiotique large spectre",
      "fournisseur_contact": "M. Kabila",
      "fournisseur_email": "contact@pharmadistrib.com",
      "fournisseur_nom": "PharmaDistrib RDC",
      "fournisseur_telephone": "+243900000001",
      "id_fournisseur": 1,
      "id_lot": 7,
      "id_produit": 2,
      "id_utilisateur": 1,
      "image_produit": "amoxicilline.jpg",
      "nom_produit": "Amoxicilline 500mg",
      "prix_achat": "2.30",
      "prix_vente": "5.00",
      "quantite": 26,
      "unite_mesure": null,
      "utilisateur_email": "admin@pharma.com",
      "utilisateur_nom": "Admin Principal"
    },
    {
      "actif": 1,
      "code_barre": "AMOX500",
      "date_ajout_produit": "19-09-2025",
      "date_approvisionnement": "20-04-2025",
      "date_expiration": "01-06-2026",
      "description": "Antibiotique large spectre",
      "fournisseur_contact": "Mme Mwamba",
      "fournisseur_email": "info@medsuppliers.com",
      "fournisseur_nom": "MedSuppliers Congo",
      "fournisseur_telephone": "+243900000002",
      "id_fournisseur": 2,
      "id_lot": 8,
      "id_produit": 2,
      "id_utilisateur": 1,
      "image_produit": "amoxicilline.jpg",
      "nom_produit": "Amoxicilline 500mg",
      "prix_achat": "2.50",
      "prix_vente": "5.00",
      "quantite": 78,
      "unite_mesure": null,
      "utilisateur_email": "admin@pharma.com",
      "utilisateur_nom": "Admin Principal"
    },
    {
      "actif": 1,
      "code_barre": "AMOX500",
      "date_ajout_produit": "19-09-2025",
      "date_approvisionnement": "20-04-2025",
      "date_expiration": "01-11-2026",
      "description": "Antibiotique large spectre",
      "fournisseur_contact": "M. Dupont",
      "fournisseur_email": "sales@globalmed.eu",
      "fournisseur_nom": "GlobalMed Europe",
2026-03-10T03:21:35.861Z | REQUEST  | GET | http://127.0.0.1:5000/api/master/list
2026-03-10T03:21:36.378Z | RESPONSE | GET | http://127.0.0.1:5000/api/master/list | 200 | ok=true | duration_ms=490 | {
  "data": [
    {
      "actif": 1,
      "code_barre": "AMOX500",
      "date_ajout_produit": "19-09-2025",
      "date_approvisionnement": "20-04-2025",
      "date_expiration": "20-04-2026",
      "description": "Antibiotique large spectre",
      "fournisseur_contact": "M. Kabila",
      "fournisseur_email": "contact@pharmadistrib.com",
      "fournisseur_nom": "PharmaDistrib RDC",
      "fournisseur_telephone": "+243900000001",
      "id_fournisseur": 1,
      "id_lot": 7,
      "id_produit": 2,
      "id_utilisateur": 1,
      "image_produit": "amoxicilline.jpg",
      "nom_produit": "Amoxicilline 500mg",
      "prix_achat": "2.30",
      "prix_vente": "5.00",
      "quantite": 26,
      "unite_mesure": null,
      "utilisateur_email": "admin@pharma.com",
      "utilisateur_nom": "Admin Principal"
    },
    {
      "actif": 1,
      "code_barre": "AMOX500",
      "date_ajout_produit": "19-09-2025",
      "date_approvisionnement": "20-04-2025",
      "date_expiration": "01-06-2026",
      "description": "Antibiotique large spectre",
      "fournisseur_contact": "Mme Mwamba",
      "fournisseur_email": "info@medsuppliers.com",
      "fournisseur_nom": "MedSuppliers Congo",
      "fournisseur_telephone": "+243900000002",
      "id_fournisseur": 2,
      "id_lot": 8,
      "id_produit": 2,
      "id_utilisateur": 1,
      "image_produit": "amoxicilline.jpg",
      "nom_produit": "Amoxicilline 500mg",
      "prix_achat": "2.50",
      "prix_vente": "5.00",
      "quantite": 78,
      "unite_mesure": null,
      "utilisateur_email": "admin@pharma.com",
      "utilisateur_nom": "Admin Principal"
    },
    {
      "actif": 1,
      "code_barre": "AMOX500",
      "date_ajout_produit": "19-09-2025",
      "date_approvisionnement": "20-04-2025",
      "date_expiration": "01-11-2026",
      "description": "Antibiotique large spectre",
      "fournisseur_contact": "M. Dupont",
      "fournisseur_email": "sales@globalmed.eu",
      "fournisseur_nom": "GlobalMed Europe",
2026-03-10T03:21:58.720Z | REQUEST  | GET | http://127.0.0.1:5000/api/master/list
2026-03-10T03:21:59.036Z | RESPONSE | GET | http://127.0.0.1:5000/api/master/list | 200 | ok=true | duration_ms=222 | {
  "data": [
    {
      "actif": 1,
      "code_barre": "AMOX500",
      "date_ajout_produit": "19-09-2025",
      "date_approvisionnement": "20-04-2025",
      "date_expiration": "20-04-2026",
      "description": "Antibiotique large spectre",
      "fournisseur_contact": "M. Kabila",
      "fournisseur_email": "contact@pharmadistrib.com",
      "fournisseur_nom": "PharmaDistrib RDC",
      "fournisseur_telephone": "+243900000001",
      "id_fournisseur": 1,
      "id_lot": 7,
      "id_produit": 2,
      "id_utilisateur": 1,
      "image_produit": "amoxicilline.jpg",
      "nom_produit": "Amoxicilline 500mg",
      "prix_achat": "2.30",
      "prix_vente": "5.00",
      "quantite": 26,
      "unite_mesure": null,
      "utilisateur_email": "admin@pharma.com",
      "utilisateur_nom": "Admin Principal"
    },
    {
      "actif": 1,
      "code_barre": "AMOX500",
      "date_ajout_produit": "19-09-2025",
      "date_approvisionnement": "20-04-2025",
      "date_expiration": "01-06-2026",
      "description": "Antibiotique large spectre",
      "fournisseur_contact": "Mme Mwamba",
      "fournisseur_email": "info@medsuppliers.com",
      "fournisseur_nom": "MedSuppliers Congo",
      "fournisseur_telephone": "+243900000002",
      "id_fournisseur": 2,
      "id_lot": 8,
      "id_produit": 2,
      "id_utilisateur": 1,
      "image_produit": "amoxicilline.jpg",
      "nom_produit": "Amoxicilline 500mg",
      "prix_achat": "2.50",
      "prix_vente": "5.00",
      "quantite": 78,
      "unite_mesure": null,
      "utilisateur_email": "admin@pharma.com",
      "utilisateur_nom": "Admin Principal"
    },
    {
      "actif": 1,
      "code_barre": "AMOX500",
      "date_ajout_produit": "19-09-2025",
      "date_approvisionnement": "20-04-2025",
      "date_expiration": "01-11-2026",
      "description": "Antibiotique large spectre",
      "fournisseur_contact": "M. Dupont",
      "fournisseur_email": "sales@globalmed.eu",
      "fournisseur_nom": "GlobalMed Europe",
2026-03-10T03:22:16.358Z | REQUEST  | GET | http://127.0.0.1:5000/api/master/list
2026-03-10T03:22:16.632Z | RESPONSE | GET | http://127.0.0.1:5000/api/master/list | 200 | ok=true | duration_ms=203 | {
  "data": [
    {
      "actif": 1,
      "code_barre": "AMOX500",
      "date_ajout_produit": "19-09-2025",
      "date_approvisionnement": "20-04-2025",
      "date_expiration": "20-04-2026",
      "description": "Antibiotique large spectre",
      "fournisseur_contact": "M. Kabila",
      "fournisseur_email": "contact@pharmadistrib.com",
      "fournisseur_nom": "PharmaDistrib RDC",
      "fournisseur_telephone": "+243900000001",
      "id_fournisseur": 1,
      "id_lot": 7,
      "id_produit": 2,
      "id_utilisateur": 1,
      "image_produit": "amoxicilline.jpg",
      "nom_produit": "Amoxicilline 500mg",
      "prix_achat": "2.30",
      "prix_vente": "5.00",
      "quantite": 26,
      "unite_mesure": null,
      "utilisateur_email": "admin@pharma.com",
      "utilisateur_nom": "Admin Principal"
    },
    {
      "actif": 1,
      "code_barre": "AMOX500",
      "date_ajout_produit": "19-09-2025",
      "date_approvisionnement": "20-04-2025",
      "date_expiration": "01-06-2026",
      "description": "Antibiotique large spectre",
      "fournisseur_contact": "Mme Mwamba",
      "fournisseur_email": "info@medsuppliers.com",
      "fournisseur_nom": "MedSuppliers Congo",
      "fournisseur_telephone": "+243900000002",
      "id_fournisseur": 2,
      "id_lot": 8,
      "id_produit": 2,
      "id_utilisateur": 1,
      "image_produit": "amoxicilline.jpg",
      "nom_produit": "Amoxicilline 500mg",
      "prix_achat": "2.50",
      "prix_vente": "5.00",
      "quantite": 78,
      "unite_mesure": null,
      "utilisateur_email": "admin@pharma.com",
      "utilisateur_nom": "Admin Principal"
    },
    {
      "actif": 1,
      "code_barre": "AMOX500",
      "date_ajout_produit": "19-09-2025",
      "date_approvisionnement": "20-04-2025",
      "date_expiration": "01-11-2026",
      "description": "Antibiotique large spectre",
      "fournisseur_contact": "M. Dupont",
      "fournisseur_email": "sales@globalmed.eu",
      "fournisseur_nom": "GlobalMed Europe",
2026-03-10T03:22:31.909Z | REQUEST  | GET | http://127.0.0.1:5000/api/master/list
2026-03-10T03:22:32.160Z | RESPONSE | GET | http://127.0.0.1:5000/api/master/list | 200 | ok=true | duration_ms=187 | {
  "data": [
    {
      "actif": 1,
      "code_barre": "AMOX500",
      "date_ajout_produit": "19-09-2025",
      "date_approvisionnement": "20-04-2025",
      "date_expiration": "20-04-2026",
      "description": "Antibiotique large spectre",
      "fournisseur_contact": "M. Kabila",
      "fournisseur_email": "contact@pharmadistrib.com",
      "fournisseur_nom": "PharmaDistrib RDC",
      "fournisseur_telephone": "+243900000001",
      "id_fournisseur": 1,
      "id_lot": 7,
      "id_produit": 2,
      "id_utilisateur": 1,
      "image_produit": "amoxicilline.jpg",
      "nom_produit": "Amoxicilline 500mg",
      "prix_achat": "2.30",
      "prix_vente": "5.00",
      "quantite": 26,
      "unite_mesure": null,
      "utilisateur_email": "admin@pharma.com",
      "utilisateur_nom": "Admin Principal"
    },
    {
      "actif": 1,
      "code_barre": "AMOX500",
      "date_ajout_produit": "19-09-2025",
      "date_approvisionnement": "20-04-2025",
      "date_expiration": "01-06-2026",
      "description": "Antibiotique large spectre",
      "fournisseur_contact": "Mme Mwamba",
      "fournisseur_email": "info@medsuppliers.com",
      "fournisseur_nom": "MedSuppliers Congo",
      "fournisseur_telephone": "+243900000002",
      "id_fournisseur": 2,
      "id_lot": 8,
      "id_produit": 2,
      "id_utilisateur": 1,
      "image_produit": "amoxicilline.jpg",
      "nom_produit": "Amoxicilline 500mg",
      "prix_achat": "2.50",
      "prix_vente": "5.00",
      "quantite": 78,
      "unite_mesure": null,
      "utilisateur_email": "admin@pharma.com",
      "utilisateur_nom": "Admin Principal"
    },
    {
      "actif": 1,
      "code_barre": "AMOX500",
      "date_ajout_produit": "19-09-2025",
      "date_approvisionnement": "20-04-2025",
      "date_expiration": "01-11-2026",
      "description": "Antibiotique large spectre",
      "fournisseur_contact": "M. Dupont",
      "fournisseur_email": "sales@globalmed.eu",
      "fournisseur_nom": "GlobalMed Europe",
2026-03-10T03:22:47.885Z | REQUEST  | GET | http://127.0.0.1:5000/api/master/list
2026-03-10T03:22:48.269Z | RESPONSE | GET | http://127.0.0.1:5000/api/master/list | 200 | ok=true | duration_ms=336 | {
  "data": [
    {
      "actif": 1,
      "code_barre": "AMOX500",
      "date_ajout_produit": "19-09-2025",
      "date_approvisionnement": "20-04-2025",
      "date_expiration": "20-04-2026",
      "description": "Antibiotique large spectre",
      "fournisseur_contact": "M. Kabila",
      "fournisseur_email": "contact@pharmadistrib.com",
      "fournisseur_nom": "PharmaDistrib RDC",
      "fournisseur_telephone": "+243900000001",
      "id_fournisseur": 1,
      "id_lot": 7,
      "id_produit": 2,
      "id_utilisateur": 1,
      "image_produit": "amoxicilline.jpg",
      "nom_produit": "Amoxicilline 500mg",
      "prix_achat": "2.30",
      "prix_vente": "5.00",
      "quantite": 26,
      "unite_mesure": null,
      "utilisateur_email": "admin@pharma.com",
      "utilisateur_nom": "Admin Principal"
    },
    {
      "actif": 1,
      "code_barre": "AMOX500",
      "date_ajout_produit": "19-09-2025",
      "date_approvisionnement": "20-04-2025",
      "date_expiration": "01-06-2026",
      "description": "Antibiotique large spectre",
      "fournisseur_contact": "Mme Mwamba",
      "fournisseur_email": "info@medsuppliers.com",
      "fournisseur_nom": "MedSuppliers Congo",
      "fournisseur_telephone": "+243900000002",
      "id_fournisseur": 2,
      "id_lot": 8,
      "id_produit": 2,
      "id_utilisateur": 1,
      "image_produit": "amoxicilline.jpg",
      "nom_produit": "Amoxicilline 500mg",
      "prix_achat": "2.50",
      "prix_vente": "5.00",
      "quantite": 78,
      "unite_mesure": null,
      "utilisateur_email": "admin@pharma.com",
      "utilisateur_nom": "Admin Principal"
    },
    {
      "actif": 1,
      "code_barre": "AMOX500",
      "date_ajout_produit": "19-09-2025",
      "date_approvisionnement": "20-04-2025",
      "date_expiration": "01-11-2026",
      "description": "Antibiotique large spectre",
      "fournisseur_contact": "M. Dupont",
      "fournisseur_email": "sales@globalmed.eu",
      "fournisseur_nom": "GlobalMed Europe",
2026-03-10T03:23:03.876Z | REQUEST  | GET | http://127.0.0.1:5000/api/master/list
2026-03-10T03:23:04.182Z | RESPONSE | GET | http://127.0.0.1:5000/api/master/list | 200 | ok=true | duration_ms=217 | {
  "data": [
    {
      "actif": 1,
      "code_barre": "AMOX500",
      "date_ajout_produit": "19-09-2025",
      "date_approvisionnement": "20-04-2025",
      "date_expiration": "20-04-2026",
      "description": "Antibiotique large spectre",
      "fournisseur_contact": "M. Kabila",
      "fournisseur_email": "contact@pharmadistrib.com",
      "fournisseur_nom": "PharmaDistrib RDC",
      "fournisseur_telephone": "+243900000001",
      "id_fournisseur": 1,
      "id_lot": 7,
      "id_produit": 2,
      "id_utilisateur": 1,
      "image_produit": "amoxicilline.jpg",
      "nom_produit": "Amoxicilline 500mg",
      "prix_achat": "2.30",
      "prix_vente": "5.00",
      "quantite": 26,
      "unite_mesure": null,
      "utilisateur_email": "admin@pharma.com",
      "utilisateur_nom": "Admin Principal"
    },
    {
      "actif": 1,
      "code_barre": "AMOX500",
      "date_ajout_produit": "19-09-2025",
      "date_approvisionnement": "20-04-2025",
      "date_expiration": "01-06-2026",
      "description": "Antibiotique large spectre",
      "fournisseur_contact": "Mme Mwamba",
      "fournisseur_email": "info@medsuppliers.com",
      "fournisseur_nom": "MedSuppliers Congo",
      "fournisseur_telephone": "+243900000002",
      "id_fournisseur": 2,
      "id_lot": 8,
      "id_produit": 2,
      "id_utilisateur": 1,
      "image_produit": "amoxicilline.jpg",
      "nom_produit": "Amoxicilline 500mg",
      "prix_achat": "2.50",
      "prix_vente": "5.00",
      "quantite": 78,
      "unite_mesure": null,
      "utilisateur_email": "admin@pharma.com",
      "utilisateur_nom": "Admin Principal"
    },
    {
      "actif": 1,
      "code_barre": "AMOX500",
      "date_ajout_produit": "19-09-2025",
      "date_approvisionnement": "20-04-2025",
      "date_expiration": "01-11-2026",
      "description": "Antibiotique large spectre",
      "fournisseur_contact": "M. Dupont",
      "fournisseur_email": "sales@globalmed.eu",
      "fournisseur_nom": "GlobalMed Europe",
2026-03-10T03:23:19.885Z | REQUEST  | GET | http://127.0.0.1:5000/api/master/list
2026-03-10T03:23:20.232Z | RESPONSE | GET | http://127.0.0.1:5000/api/master/list | 200 | ok=true | duration_ms=275 | {
  "data": [
    {
      "actif": 1,
      "code_barre": "AMOX500",
      "date_ajout_produit": "19-09-2025",
      "date_approvisionnement": "20-04-2025",
      "date_expiration": "20-04-2026",
      "description": "Antibiotique large spectre",
      "fournisseur_contact": "M. Kabila",
      "fournisseur_email": "contact@pharmadistrib.com",
      "fournisseur_nom": "PharmaDistrib RDC",
      "fournisseur_telephone": "+243900000001",
      "id_fournisseur": 1,
      "id_lot": 7,
      "id_produit": 2,
      "id_utilisateur": 1,
      "image_produit": "amoxicilline.jpg",
      "nom_produit": "Amoxicilline 500mg",
      "prix_achat": "2.30",
      "prix_vente": "5.00",
      "quantite": 26,
      "unite_mesure": null,
      "utilisateur_email": "admin@pharma.com",
      "utilisateur_nom": "Admin Principal"
    },
    {
      "actif": 1,
      "code_barre": "AMOX500",
      "date_ajout_produit": "19-09-2025",
      "date_approvisionnement": "20-04-2025",
      "date_expiration": "01-06-2026",
      "description": "Antibiotique large spectre",
      "fournisseur_contact": "Mme Mwamba",
      "fournisseur_email": "info@medsuppliers.com",
      "fournisseur_nom": "MedSuppliers Congo",
      "fournisseur_telephone": "+243900000002",
      "id_fournisseur": 2,
      "id_lot": 8,
      "id_produit": 2,
      "id_utilisateur": 1,
      "image_produit": "amoxicilline.jpg",
      "nom_produit": "Amoxicilline 500mg",
      "prix_achat": "2.50",
      "prix_vente": "5.00",
      "quantite": 78,
      "unite_mesure": null,
      "utilisateur_email": "admin@pharma.com",
      "utilisateur_nom": "Admin Principal"
    },
    {
      "actif": 1,
      "code_barre": "AMOX500",
      "date_ajout_produit": "19-09-2025",
      "date_approvisionnement": "20-04-2025",
      "date_expiration": "01-11-2026",
      "description": "Antibiotique large spectre",
      "fournisseur_contact": "M. Dupont",
      "fournisseur_email": "sales@globalmed.eu",
      "fournisseur_nom": "GlobalMed Europe",
2026-03-10T03:23:38.520Z | REQUEST  | GET | http://127.0.0.1:5000/api/master/list
2026-03-10T03:23:38.781Z | RESPONSE | GET | http://127.0.0.1:5000/api/master/list | 200 | ok=true | duration_ms=202 | {
  "data": [
    {
      "actif": 1,
      "code_barre": "AMOX500",
      "date_ajout_produit": "19-09-2025",
      "date_approvisionnement": "20-04-2025",
      "date_expiration": "20-04-2026",
      "description": "Antibiotique large spectre",
      "fournisseur_contact": "M. Kabila",
      "fournisseur_email": "contact@pharmadistrib.com",
      "fournisseur_nom": "PharmaDistrib RDC",
      "fournisseur_telephone": "+243900000001",
      "id_fournisseur": 1,
      "id_lot": 7,
      "id_produit": 2,
      "id_utilisateur": 1,
      "image_produit": "amoxicilline.jpg",
      "nom_produit": "Amoxicilline 500mg",
      "prix_achat": "2.30",
      "prix_vente": "5.00",
      "quantite": 26,
      "unite_mesure": null,
      "utilisateur_email": "admin@pharma.com",
      "utilisateur_nom": "Admin Principal"
    },
    {
      "actif": 1,
      "code_barre": "AMOX500",
      "date_ajout_produit": "19-09-2025",
      "date_approvisionnement": "20-04-2025",
      "date_expiration": "01-06-2026",
      "description": "Antibiotique large spectre",
      "fournisseur_contact": "Mme Mwamba",
      "fournisseur_email": "info@medsuppliers.com",
      "fournisseur_nom": "MedSuppliers Congo",
      "fournisseur_telephone": "+243900000002",
      "id_fournisseur": 2,
      "id_lot": 8,
      "id_produit": 2,
      "id_utilisateur": 1,
      "image_produit": "amoxicilline.jpg",
      "nom_produit": "Amoxicilline 500mg",
      "prix_achat": "2.50",
      "prix_vente": "5.00",
      "quantite": 78,
      "unite_mesure": null,
      "utilisateur_email": "admin@pharma.com",
      "utilisateur_nom": "Admin Principal"
    },
    {
      "actif": 1,
      "code_barre": "AMOX500",
      "date_ajout_produit": "19-09-2025",
      "date_approvisionnement": "20-04-2025",
      "date_expiration": "01-11-2026",
      "description": "Antibiotique large spectre",
      "fournisseur_contact": "M. Dupont",
      "fournisseur_email": "sales@globalmed.eu",
      "fournisseur_nom": "GlobalMed Europe",
2026-03-10T03:23:56.432Z | REQUEST  | GET | http://127.0.0.1:5000/api/master/list
2026-03-10T03:23:56.943Z | RESPONSE | GET | http://127.0.0.1:5000/api/master/list | 200 | ok=true | duration_ms=433 | {
  "data": [
    {
      "actif": 1,
      "code_barre": "AMOX500",
      "date_ajout_produit": "19-09-2025",
      "date_approvisionnement": "20-04-2025",
      "date_expiration": "20-04-2026",
      "description": "Antibiotique large spectre",
      "fournisseur_contact": "M. Kabila",
      "fournisseur_email": "contact@pharmadistrib.com",
      "fournisseur_nom": "PharmaDistrib RDC",
      "fournisseur_telephone": "+243900000001",
      "id_fournisseur": 1,
      "id_lot": 7,
      "id_produit": 2,
      "id_utilisateur": 1,
      "image_produit": "amoxicilline.jpg",
      "nom_produit": "Amoxicilline 500mg",
      "prix_achat": "2.30",
      "prix_vente": "5.00",
      "quantite": 26,
      "unite_mesure": null,
      "utilisateur_email": "admin@pharma.com",
      "utilisateur_nom": "Admin Principal"
    },
    {
      "actif": 1,
      "code_barre": "AMOX500",
      "date_ajout_produit": "19-09-2025",
      "date_approvisionnement": "20-04-2025",
      "date_expiration": "01-06-2026",
      "description": "Antibiotique large spectre",
      "fournisseur_contact": "Mme Mwamba",
      "fournisseur_email": "info@medsuppliers.com",
      "fournisseur_nom": "MedSuppliers Congo",
      "fournisseur_telephone": "+243900000002",
      "id_fournisseur": 2,
      "id_lot": 8,
      "id_produit": 2,
      "id_utilisateur": 1,
      "image_produit": "amoxicilline.jpg",
      "nom_produit": "Amoxicilline 500mg",
      "prix_achat": "2.50",
      "prix_vente": "5.00",
      "quantite": 78,
      "unite_mesure": null,
      "utilisateur_email": "admin@pharma.com",
      "utilisateur_nom": "Admin Principal"
    },
    {
      "actif": 1,
      "code_barre": "AMOX500",
      "date_ajout_produit": "19-09-2025",
      "date_approvisionnement": "20-04-2025",
      "date_expiration": "01-11-2026",
      "description": "Antibiotique large spectre",
      "fournisseur_contact": "M. Dupont",
      "fournisseur_email": "sales@globalmed.eu",
      "fournisseur_nom": "GlobalMed Europe",
2026-03-10T03:24:11.898Z | REQUEST  | GET | http://127.0.0.1:5000/api/master/list
2026-03-10T03:24:12.243Z | RESPONSE | GET | http://127.0.0.1:5000/api/master/list | 200 | ok=true | duration_ms=268 | {
  "data": [
    {
      "actif": 1,
      "code_barre": "AMOX500",
      "date_ajout_produit": "19-09-2025",
      "date_approvisionnement": "20-04-2025",
      "date_expiration": "20-04-2026",
      "description": "Antibiotique large spectre",
      "fournisseur_contact": "M. Kabila",
      "fournisseur_email": "contact@pharmadistrib.com",
      "fournisseur_nom": "PharmaDistrib RDC",
      "fournisseur_telephone": "+243900000001",
      "id_fournisseur": 1,
      "id_lot": 7,
      "id_produit": 2,
      "id_utilisateur": 1,
      "image_produit": "amoxicilline.jpg",
      "nom_produit": "Amoxicilline 500mg",
      "prix_achat": "2.30",
      "prix_vente": "5.00",
      "quantite": 26,
      "unite_mesure": null,
      "utilisateur_email": "admin@pharma.com",
      "utilisateur_nom": "Admin Principal"
    },
    {
      "actif": 1,
      "code_barre": "AMOX500",
      "date_ajout_produit": "19-09-2025",
      "date_approvisionnement": "20-04-2025",
      "date_expiration": "01-06-2026",
      "description": "Antibiotique large spectre",
      "fournisseur_contact": "Mme Mwamba",
      "fournisseur_email": "info@medsuppliers.com",
      "fournisseur_nom": "MedSuppliers Congo",
      "fournisseur_telephone": "+243900000002",
      "id_fournisseur": 2,
      "id_lot": 8,
      "id_produit": 2,
      "id_utilisateur": 1,
      "image_produit": "amoxicilline.jpg",
      "nom_produit": "Amoxicilline 500mg",
      "prix_achat": "2.50",
      "prix_vente": "5.00",
      "quantite": 78,
      "unite_mesure": null,
      "utilisateur_email": "admin@pharma.com",
      "utilisateur_nom": "Admin Principal"
    },
    {
      "actif": 1,
      "code_barre": "AMOX500",
      "date_ajout_produit": "19-09-2025",
      "date_approvisionnement": "20-04-2025",
      "date_expiration": "01-11-2026",
      "description": "Antibiotique large spectre",
      "fournisseur_contact": "M. Dupont",
      "fournisseur_email": "sales@globalmed.eu",
      "fournisseur_nom": "GlobalMed Europe",
2026-03-10T03:24:27.906Z | REQUEST  | GET | http://127.0.0.1:5000/api/master/list
2026-03-10T03:24:28.889Z | RESPONSE | GET | http://127.0.0.1:5000/api/master/list | 200 | ok=true | duration_ms=817 | {
  "data": [
    {
      "actif": 1,
      "code_barre": "AMOX500",
      "date_ajout_produit": "19-09-2025",
      "date_approvisionnement": "20-04-2025",
      "date_expiration": "20-04-2026",
      "description": "Antibiotique large spectre",
      "fournisseur_contact": "M. Kabila",
      "fournisseur_email": "contact@pharmadistrib.com",
      "fournisseur_nom": "PharmaDistrib RDC",
      "fournisseur_telephone": "+243900000001",
      "id_fournisseur": 1,
      "id_lot": 7,
      "id_produit": 2,
      "id_utilisateur": 1,
      "image_produit": "amoxicilline.jpg",
      "nom_produit": "Amoxicilline 500mg",
      "prix_achat": "2.30",
      "prix_vente": "5.00",
      "quantite": 26,
      "unite_mesure": null,
      "utilisateur_email": "admin@pharma.com",
      "utilisateur_nom": "Admin Principal"
    },
    {
      "actif": 1,
      "code_barre": "AMOX500",
      "date_ajout_produit": "19-09-2025",
      "date_approvisionnement": "20-04-2025",
      "date_expiration": "01-06-2026",
      "description": "Antibiotique large spectre",
      "fournisseur_contact": "Mme Mwamba",
      "fournisseur_email": "info@medsuppliers.com",
      "fournisseur_nom": "MedSuppliers Congo",
      "fournisseur_telephone": "+243900000002",
      "id_fournisseur": 2,
      "id_lot": 8,
      "id_produit": 2,
      "id_utilisateur": 1,
      "image_produit": "amoxicilline.jpg",
      "nom_produit": "Amoxicilline 500mg",
      "prix_achat": "2.50",
      "prix_vente": "5.00",
      "quantite": 78,
      "unite_mesure": null,
      "utilisateur_email": "admin@pharma.com",
      "utilisateur_nom": "Admin Principal"
    },
    {
      "actif": 1,
      "code_barre": "AMOX500",
      "date_ajout_produit": "19-09-2025",
      "date_approvisionnement": "20-04-2025",
      "date_expiration": "01-11-2026",
      "description": "Antibiotique large spectre",
      "fournisseur_contact": "M. Dupont",
      "fournisseur_email": "sales@globalmed.eu",
      "fournisseur_nom": "GlobalMed Europe",
2026-03-10T03:24:43.891Z | REQUEST  | GET | http://127.0.0.1:5000/api/master/list
2026-03-10T03:24:44.277Z | RESPONSE | GET | http://127.0.0.1:5000/api/master/list | 200 | ok=true | duration_ms=266 | {
  "data": [
    {
      "actif": 1,
      "code_barre": "AMOX500",
      "date_ajout_produit": "19-09-2025",
      "date_approvisionnement": "20-04-2025",
      "date_expiration": "20-04-2026",
      "description": "Antibiotique large spectre",
      "fournisseur_contact": "M. Kabila",
      "fournisseur_email": "contact@pharmadistrib.com",
      "fournisseur_nom": "PharmaDistrib RDC",
      "fournisseur_telephone": "+243900000001",
      "id_fournisseur": 1,
      "id_lot": 7,
      "id_produit": 2,
      "id_utilisateur": 1,
      "image_produit": "amoxicilline.jpg",
      "nom_produit": "Amoxicilline 500mg",
      "prix_achat": "2.30",
      "prix_vente": "5.00",
      "quantite": 26,
      "unite_mesure": null,
      "utilisateur_email": "admin@pharma.com",
      "utilisateur_nom": "Admin Principal"
    },
    {
      "actif": 1,
      "code_barre": "AMOX500",
      "date_ajout_produit": "19-09-2025",
      "date_approvisionnement": "20-04-2025",
      "date_expiration": "01-06-2026",
      "description": "Antibiotique large spectre",
      "fournisseur_contact": "Mme Mwamba",
      "fournisseur_email": "info@medsuppliers.com",
      "fournisseur_nom": "MedSuppliers Congo",
      "fournisseur_telephone": "+243900000002",
      "id_fournisseur": 2,
      "id_lot": 8,
      "id_produit": 2,
      "id_utilisateur": 1,
      "image_produit": "amoxicilline.jpg",
      "nom_produit": "Amoxicilline 500mg",
      "prix_achat": "2.50",
      "prix_vente": "5.00",
      "quantite": 78,
      "unite_mesure": null,
      "utilisateur_email": "admin@pharma.com",
      "utilisateur_nom": "Admin Principal"
    },
    {
      "actif": 1,
      "code_barre": "AMOX500",
      "date_ajout_produit": "19-09-2025",
      "date_approvisionnement": "20-04-2025",
      "date_expiration": "01-11-2026",
      "description": "Antibiotique large spectre",
      "fournisseur_contact": "M. Dupont",
      "fournisseur_email": "sales@globalmed.eu",
      "fournisseur_nom": "GlobalMed Europe",
2026-03-10T03:24:59.894Z | REQUEST  | GET | http://127.0.0.1:5000/api/master/list
2026-03-10T03:25:00.429Z | RESPONSE | GET | http://127.0.0.1:5000/api/master/list | 200 | ok=true | duration_ms=406 | {
  "data": [
    {
      "actif": 1,
      "code_barre": "AMOX500",
      "date_ajout_produit": "19-09-2025",
      "date_approvisionnement": "20-04-2025",
      "date_expiration": "20-04-2026",
      "description": "Antibiotique large spectre",
      "fournisseur_contact": "M. Kabila",
      "fournisseur_email": "contact@pharmadistrib.com",
      "fournisseur_nom": "PharmaDistrib RDC",
      "fournisseur_telephone": "+243900000001",
      "id_fournisseur": 1,
      "id_lot": 7,
      "id_produit": 2,
      "id_utilisateur": 1,
      "image_produit": "amoxicilline.jpg",
      "nom_produit": "Amoxicilline 500mg",
      "prix_achat": "2.30",
      "prix_vente": "5.00",
      "quantite": 26,
      "unite_mesure": null,
      "utilisateur_email": "admin@pharma.com",
      "utilisateur_nom": "Admin Principal"
    },
    {
      "actif": 1,
      "code_barre": "AMOX500",
      "date_ajout_produit": "19-09-2025",
      "date_approvisionnement": "20-04-2025",
      "date_expiration": "01-06-2026",
      "description": "Antibiotique large spectre",
      "fournisseur_contact": "Mme Mwamba",
      "fournisseur_email": "info@medsuppliers.com",
      "fournisseur_nom": "MedSuppliers Congo",
      "fournisseur_telephone": "+243900000002",
      "id_fournisseur": 2,
      "id_lot": 8,
      "id_produit": 2,
      "id_utilisateur": 1,
      "image_produit": "amoxicilline.jpg",
      "nom_produit": "Amoxicilline 500mg",
      "prix_achat": "2.50",
      "prix_vente": "5.00",
      "quantite": 78,
      "unite_mesure": null,
      "utilisateur_email": "admin@pharma.com",
      "utilisateur_nom": "Admin Principal"
    },
    {
      "actif": 1,
      "code_barre": "AMOX500",
      "date_ajout_produit": "19-09-2025",
      "date_approvisionnement": "20-04-2025",
      "date_expiration": "01-11-2026",
      "description": "Antibiotique large spectre",
      "fournisseur_contact": "M. Dupont",
      "fournisseur_email": "sales@globalmed.eu",
      "fournisseur_nom": "GlobalMed Europe",
2026-03-10T03:25:25.920Z | REQUEST  | GET | http://127.0.0.1:5000/api/master/list
2026-03-10T03:25:26.270Z | RESPONSE | GET | http://127.0.0.1:5000/api/master/list | 200 | ok=true | duration_ms=245 | {
  "data": [
    {
      "actif": 1,
      "code_barre": "AMOX500",
      "date_ajout_produit": "19-09-2025",
      "date_approvisionnement": "20-04-2025",
      "date_expiration": "20-04-2026",
      "description": "Antibiotique large spectre",
      "fournisseur_contact": "M. Kabila",
      "fournisseur_email": "contact@pharmadistrib.com",
      "fournisseur_nom": "PharmaDistrib RDC",
      "fournisseur_telephone": "+243900000001",
      "id_fournisseur": 1,
      "id_lot": 7,
      "id_produit": 2,
      "id_utilisateur": 1,
      "image_produit": "amoxicilline.jpg",
      "nom_produit": "Amoxicilline 500mg",
      "prix_achat": "2.30",
      "prix_vente": "5.00",
      "quantite": 26,
      "unite_mesure": null,
      "utilisateur_email": "admin@pharma.com",
      "utilisateur_nom": "Admin Principal"
    },
    {
      "actif": 1,
      "code_barre": "AMOX500",
      "date_ajout_produit": "19-09-2025",
      "date_approvisionnement": "20-04-2025",
      "date_expiration": "01-06-2026",
      "description": "Antibiotique large spectre",
      "fournisseur_contact": "Mme Mwamba",
      "fournisseur_email": "info@medsuppliers.com",
      "fournisseur_nom": "MedSuppliers Congo",
      "fournisseur_telephone": "+243900000002",
      "id_fournisseur": 2,
      "id_lot": 8,
      "id_produit": 2,
      "id_utilisateur": 1,
      "image_produit": "amoxicilline.jpg",
      "nom_produit": "Amoxicilline 500mg",
      "prix_achat": "2.50",
      "prix_vente": "5.00",
      "quantite": 78,
      "unite_mesure": null,
      "utilisateur_email": "admin@pharma.com",
      "utilisateur_nom": "Admin Principal"
    },
    {
      "actif": 1,
      "code_barre": "AMOX500",
      "date_ajout_produit": "19-09-2025",
      "date_approvisionnement": "20-04-2025",
      "date_expiration": "01-11-2026",
      "description": "Antibiotique large spectre",
      "fournisseur_contact": "M. Dupont",
      "fournisseur_email": "sales@globalmed.eu",
      "fournisseur_nom": "GlobalMed Europe",
2026-03-10T03:25:43.308Z | REQUEST  | GET | http://127.0.0.1:5000/api/master/list
2026-03-10T03:25:43.595Z | RESPONSE | GET | http://127.0.0.1:5000/api/master/list | 200 | ok=true | duration_ms=238 | {
  "data": [
    {
      "actif": 1,
      "code_barre": "AMOX500",
      "date_ajout_produit": "19-09-2025",
      "date_approvisionnement": "20-04-2025",
      "date_expiration": "20-04-2026",
      "description": "Antibiotique large spectre",
      "fournisseur_contact": "M. Kabila",
      "fournisseur_email": "contact@pharmadistrib.com",
      "fournisseur_nom": "PharmaDistrib RDC",
      "fournisseur_telephone": "+243900000001",
      "id_fournisseur": 1,
      "id_lot": 7,
      "id_produit": 2,
      "id_utilisateur": 1,
      "image_produit": "amoxicilline.jpg",
      "nom_produit": "Amoxicilline 500mg",
      "prix_achat": "2.30",
      "prix_vente": "5.00",
      "quantite": 26,
      "unite_mesure": null,
      "utilisateur_email": "admin@pharma.com",
      "utilisateur_nom": "Admin Principal"
    },
    {
      "actif": 1,
      "code_barre": "AMOX500",
      "date_ajout_produit": "19-09-2025",
      "date_approvisionnement": "20-04-2025",
      "date_expiration": "01-06-2026",
      "description": "Antibiotique large spectre",
      "fournisseur_contact": "Mme Mwamba",
      "fournisseur_email": "info@medsuppliers.com",
      "fournisseur_nom": "MedSuppliers Congo",
      "fournisseur_telephone": "+243900000002",
      "id_fournisseur": 2,
      "id_lot": 8,
      "id_produit": 2,
      "id_utilisateur": 1,
      "image_produit": "amoxicilline.jpg",
      "nom_produit": "Amoxicilline 500mg",
      "prix_achat": "2.50",
      "prix_vente": "5.00",
      "quantite": 78,
      "unite_mesure": null,
      "utilisateur_email": "admin@pharma.com",
      "utilisateur_nom": "Admin Principal"
    },
    {
      "actif": 1,
      "code_barre": "AMOX500",
      "date_ajout_produit": "19-09-2025",
      "date_approvisionnement": "20-04-2025",
      "date_expiration": "01-11-2026",
      "description": "Antibiotique large spectre",
      "fournisseur_contact": "M. Dupont",
      "fournisseur_email": "sales@globalmed.eu",
      "fournisseur_nom": "GlobalMed Europe",
2026-03-10T03:25:58.924Z | REQUEST  | GET | http://127.0.0.1:5000/api/master/list
2026-03-10T03:25:59.591Z | RESPONSE | GET | http://127.0.0.1:5000/api/master/list | 200 | ok=true | duration_ms=506 | {
  "data": [
    {
      "actif": 1,
      "code_barre": "AMOX500",
      "date_ajout_produit": "19-09-2025",
      "date_approvisionnement": "20-04-2025",
      "date_expiration": "20-04-2026",
      "description": "Antibiotique large spectre",
      "fournisseur_contact": "M. Kabila",
      "fournisseur_email": "contact@pharmadistrib.com",
      "fournisseur_nom": "PharmaDistrib RDC",
      "fournisseur_telephone": "+243900000001",
      "id_fournisseur": 1,
      "id_lot": 7,
      "id_produit": 2,
      "id_utilisateur": 1,
      "image_produit": "amoxicilline.jpg",
      "nom_produit": "Amoxicilline 500mg",
      "prix_achat": "2.30",
      "prix_vente": "5.00",
      "quantite": 26,
      "unite_mesure": null,
      "utilisateur_email": "admin@pharma.com",
      "utilisateur_nom": "Admin Principal"
    },
    {
      "actif": 1,
      "code_barre": "AMOX500",
      "date_ajout_produit": "19-09-2025",
      "date_approvisionnement": "20-04-2025",
      "date_expiration": "01-06-2026",
      "description": "Antibiotique large spectre",
      "fournisseur_contact": "Mme Mwamba",
      "fournisseur_email": "info@medsuppliers.com",
      "fournisseur_nom": "MedSuppliers Congo",
      "fournisseur_telephone": "+243900000002",
      "id_fournisseur": 2,
      "id_lot": 8,
      "id_produit": 2,
      "id_utilisateur": 1,
      "image_produit": "amoxicilline.jpg",
      "nom_produit": "Amoxicilline 500mg",
      "prix_achat": "2.50",
      "prix_vente": "5.00",
      "quantite": 78,
      "unite_mesure": null,
      "utilisateur_email": "admin@pharma.com",
      "utilisateur_nom": "Admin Principal"
    },
    {
      "actif": 1,
      "code_barre": "AMOX500",
      "date_ajout_produit": "19-09-2025",
      "date_approvisionnement": "20-04-2025",
      "date_expiration": "01-11-2026",
      "description": "Antibiotique large spectre",
      "fournisseur_contact": "M. Dupont",
      "fournisseur_email": "sales@globalmed.eu",
      "fournisseur_nom": "GlobalMed Europe",
2026-03-10T03:26:14.843Z | REQUEST  | GET | http://127.0.0.1:5000/api/master/list
2026-03-10T03:26:15.552Z | RESPONSE | GET | http://127.0.0.1:5000/api/master/list | 200 | ok=true | duration_ms=553 | {
  "data": [
    {
      "actif": 1,
      "code_barre": "AMOX500",
      "date_ajout_produit": "19-09-2025",
      "date_approvisionnement": "20-04-2025",
      "date_expiration": "20-04-2026",
      "description": "Antibiotique large spectre",
      "fournisseur_contact": "M. Kabila",
      "fournisseur_email": "contact@pharmadistrib.com",
      "fournisseur_nom": "PharmaDistrib RDC",
      "fournisseur_telephone": "+243900000001",
      "id_fournisseur": 1,
      "id_lot": 7,
      "id_produit": 2,
      "id_utilisateur": 1,
      "image_produit": "amoxicilline.jpg",
      "nom_produit": "Amoxicilline 500mg",
      "prix_achat": "2.30",
      "prix_vente": "5.00",
      "quantite": 26,
      "unite_mesure": null,
      "utilisateur_email": "admin@pharma.com",
      "utilisateur_nom": "Admin Principal"
    },
    {
      "actif": 1,
      "code_barre": "AMOX500",
      "date_ajout_produit": "19-09-2025",
      "date_approvisionnement": "20-04-2025",
      "date_expiration": "01-06-2026",
      "description": "Antibiotique large spectre",
      "fournisseur_contact": "Mme Mwamba",
      "fournisseur_email": "info@medsuppliers.com",
      "fournisseur_nom": "MedSuppliers Congo",
      "fournisseur_telephone": "+243900000002",
      "id_fournisseur": 2,
      "id_lot": 8,
      "id_produit": 2,
      "id_utilisateur": 1,
      "image_produit": "amoxicilline.jpg",
      "nom_produit": "Amoxicilline 500mg",
      "prix_achat": "2.50",
      "prix_vente": "5.00",
      "quantite": 78,
      "unite_mesure": null,
      "utilisateur_email": "admin@pharma.com",
      "utilisateur_nom": "Admin Principal"
    },
    {
      "actif": 1,
      "code_barre": "AMOX500",
      "date_ajout_produit": "19-09-2025",
      "date_approvisionnement": "20-04-2025",
      "date_expiration": "01-11-2026",
      "description": "Antibiotique large spectre",
      "fournisseur_contact": "M. Dupont",
      "fournisseur_email": "sales@globalmed.eu",
      "fournisseur_nom": "GlobalMed Europe",
2026-03-10T03:26:30.918Z | REQUEST  | GET | http://127.0.0.1:5000/api/master/list
2026-03-10T03:26:31.239Z | RESPONSE | GET | http://127.0.0.1:5000/api/master/list | 200 | ok=true | duration_ms=222 | {
  "data": [
    {
      "actif": 1,
      "code_barre": "AMOX500",
      "date_ajout_produit": "19-09-2025",
      "date_approvisionnement": "20-04-2025",
      "date_expiration": "20-04-2026",
      "description": "Antibiotique large spectre",
      "fournisseur_contact": "M. Kabila",
      "fournisseur_email": "contact@pharmadistrib.com",
      "fournisseur_nom": "PharmaDistrib RDC",
      "fournisseur_telephone": "+243900000001",
      "id_fournisseur": 1,
      "id_lot": 7,
      "id_produit": 2,
      "id_utilisateur": 1,
      "image_produit": "amoxicilline.jpg",
      "nom_produit": "Amoxicilline 500mg",
      "prix_achat": "2.30",
      "prix_vente": "5.00",
      "quantite": 26,
      "unite_mesure": null,
      "utilisateur_email": "admin@pharma.com",
      "utilisateur_nom": "Admin Principal"
    },
    {
      "actif": 1,
      "code_barre": "AMOX500",
      "date_ajout_produit": "19-09-2025",
      "date_approvisionnement": "20-04-2025",
      "date_expiration": "01-06-2026",
      "description": "Antibiotique large spectre",
      "fournisseur_contact": "Mme Mwamba",
      "fournisseur_email": "info@medsuppliers.com",
      "fournisseur_nom": "MedSuppliers Congo",
      "fournisseur_telephone": "+243900000002",
      "id_fournisseur": 2,
      "id_lot": 8,
      "id_produit": 2,
      "id_utilisateur": 1,
      "image_produit": "amoxicilline.jpg",
      "nom_produit": "Amoxicilline 500mg",
      "prix_achat": "2.50",
      "prix_vente": "5.00",
      "quantite": 78,
      "unite_mesure": null,
      "utilisateur_email": "admin@pharma.com",
      "utilisateur_nom": "Admin Principal"
    },
    {
      "actif": 1,
      "code_barre": "AMOX500",
      "date_ajout_produit": "19-09-2025",
      "date_approvisionnement": "20-04-2025",
      "date_expiration": "01-11-2026",
      "description": "Antibiotique large spectre",
      "fournisseur_contact": "M. Dupont",
      "fournisseur_email": "sales@globalmed.eu",
      "fournisseur_nom": "GlobalMed Europe",
2026-03-10T03:26:47.186Z | REQUEST  | GET | http://127.0.0.1:5000/api/master/list
2026-03-10T03:26:48.085Z | RESPONSE | GET | http://127.0.0.1:5000/api/master/list | 200 | ok=true | duration_ms=700 | {
  "data": [
    {
      "actif": 1,
      "code_barre": "AMOX500",
      "date_ajout_produit": "19-09-2025",
      "date_approvisionnement": "20-04-2025",
      "date_expiration": "20-04-2026",
      "description": "Antibiotique large spectre",
      "fournisseur_contact": "M. Kabila",
      "fournisseur_email": "contact@pharmadistrib.com",
      "fournisseur_nom": "PharmaDistrib RDC",
      "fournisseur_telephone": "+243900000001",
      "id_fournisseur": 1,
      "id_lot": 7,
      "id_produit": 2,
      "id_utilisateur": 1,
      "image_produit": "amoxicilline.jpg",
      "nom_produit": "Amoxicilline 500mg",
      "prix_achat": "2.30",
      "prix_vente": "5.00",
      "quantite": 26,
      "unite_mesure": null,
      "utilisateur_email": "admin@pharma.com",
      "utilisateur_nom": "Admin Principal"
    },
    {
      "actif": 1,
      "code_barre": "AMOX500",
      "date_ajout_produit": "19-09-2025",
      "date_approvisionnement": "20-04-2025",
      "date_expiration": "01-06-2026",
      "description": "Antibiotique large spectre",
      "fournisseur_contact": "Mme Mwamba",
      "fournisseur_email": "info@medsuppliers.com",
      "fournisseur_nom": "MedSuppliers Congo",
      "fournisseur_telephone": "+243900000002",
      "id_fournisseur": 2,
      "id_lot": 8,
      "id_produit": 2,
      "id_utilisateur": 1,
      "image_produit": "amoxicilline.jpg",
      "nom_produit": "Amoxicilline 500mg",
      "prix_achat": "2.50",
      "prix_vente": "5.00",
      "quantite": 78,
      "unite_mesure": null,
      "utilisateur_email": "admin@pharma.com",
      "utilisateur_nom": "Admin Principal"
    },
    {
      "actif": 1,
      "code_barre": "AMOX500",
      "date_ajout_produit": "19-09-2025",
      "date_approvisionnement": "20-04-2025",
      "date_expiration": "01-11-2026",
      "description": "Antibiotique large spectre",
      "fournisseur_contact": "M. Dupont",
      "fournisseur_email": "sales@globalmed.eu",
      "fournisseur_nom": "GlobalMed Europe",
2026-03-10T03:27:09.155Z | REQUEST  | GET | http://127.0.0.1:5000/api/master/list
2026-03-10T03:27:10.907Z | RESPONSE | GET | http://127.0.0.1:5000/api/master/list | 200 | ok=true | duration_ms=1691 | {
  "data": [
    {
      "actif": 1,
      "code_barre": "AMOX500",
      "date_ajout_produit": "19-09-2025",
      "date_approvisionnement": "20-04-2025",
      "date_expiration": "20-04-2026",
      "description": "Antibiotique large spectre",
      "fournisseur_contact": "M. Kabila",
      "fournisseur_email": "contact@pharmadistrib.com",
      "fournisseur_nom": "PharmaDistrib RDC",
      "fournisseur_telephone": "+243900000001",
      "id_fournisseur": 1,
      "id_lot": 7,
      "id_produit": 2,
      "id_utilisateur": 1,
      "image_produit": "amoxicilline.jpg",
      "nom_produit": "Amoxicilline 500mg",
      "prix_achat": "2.30",
      "prix_vente": "5.00",
      "quantite": 26,
      "unite_mesure": null,
      "utilisateur_email": "admin@pharma.com",
      "utilisateur_nom": "Admin Principal"
    },
    {
      "actif": 1,
      "code_barre": "AMOX500",
      "date_ajout_produit": "19-09-2025",
      "date_approvisionnement": "20-04-2025",
      "date_expiration": "01-06-2026",
      "description": "Antibiotique large spectre",
      "fournisseur_contact": "Mme Mwamba",
      "fournisseur_email": "info@medsuppliers.com",
      "fournisseur_nom": "MedSuppliers Congo",
      "fournisseur_telephone": "+243900000002",
      "id_fournisseur": 2,
      "id_lot": 8,
      "id_produit": 2,
      "id_utilisateur": 1,
      "image_produit": "amoxicilline.jpg",
      "nom_produit": "Amoxicilline 500mg",
      "prix_achat": "2.50",
      "prix_vente": "5.00",
      "quantite": 78,
      "unite_mesure": null,
      "utilisateur_email": "admin@pharma.com",
      "utilisateur_nom": "Admin Principal"
    },
    {
      "actif": 1,
      "code_barre": "AMOX500",
      "date_ajout_produit": "19-09-2025",
      "date_approvisionnement": "20-04-2025",
      "date_expiration": "01-11-2026",
      "description": "Antibiotique large spectre",
      "fournisseur_contact": "M. Dupont",
      "fournisseur_email": "sales@globalmed.eu",
      "fournisseur_nom": "GlobalMed Europe",
2026-03-10T03:27:26.209Z | REQUEST  | GET | http://127.0.0.1:5000/api/master/list
2026-03-10T03:27:27.226Z | RESPONSE | GET | http://127.0.0.1:5000/api/master/list | 200 | ok=true | duration_ms=868 | {
  "data": [
    {
      "actif": 1,
      "code_barre": "AMOX500",
      "date_ajout_produit": "19-09-2025",
      "date_approvisionnement": "20-04-2025",
      "date_expiration": "20-04-2026",
      "description": "Antibiotique large spectre",
      "fournisseur_contact": "M. Kabila",
      "fournisseur_email": "contact@pharmadistrib.com",
      "fournisseur_nom": "PharmaDistrib RDC",
      "fournisseur_telephone": "+243900000001",
      "id_fournisseur": 1,
      "id_lot": 7,
      "id_produit": 2,
      "id_utilisateur": 1,
      "image_produit": "amoxicilline.jpg",
      "nom_produit": "Amoxicilline 500mg",
      "prix_achat": "2.30",
      "prix_vente": "5.00",
      "quantite": 26,
      "unite_mesure": null,
      "utilisateur_email": "admin@pharma.com",
      "utilisateur_nom": "Admin Principal"
    },
    {
      "actif": 1,
      "code_barre": "AMOX500",
      "date_ajout_produit": "19-09-2025",
      "date_approvisionnement": "20-04-2025",
      "date_expiration": "01-06-2026",
      "description": "Antibiotique large spectre",
      "fournisseur_contact": "Mme Mwamba",
      "fournisseur_email": "info@medsuppliers.com",
      "fournisseur_nom": "MedSuppliers Congo",
      "fournisseur_telephone": "+243900000002",
      "id_fournisseur": 2,
      "id_lot": 8,
      "id_produit": 2,
      "id_utilisateur": 1,
      "image_produit": "amoxicilline.jpg",
      "nom_produit": "Amoxicilline 500mg",
      "prix_achat": "2.50",
      "prix_vente": "5.00",
      "quantite": 78,
      "unite_mesure": null,
      "utilisateur_email": "admin@pharma.com",
      "utilisateur_nom": "Admin Principal"
    },
    {
      "actif": 1,
      "code_barre": "AMOX500",
      "date_ajout_produit": "19-09-2025",
      "date_approvisionnement": "20-04-2025",
      "date_expiration": "01-11-2026",
      "description": "Antibiotique large spectre",
      "fournisseur_contact": "M. Dupont",
      "fournisseur_email": "sales@globalmed.eu",
      "fournisseur_nom": "GlobalMed Europe",
2026-03-10T03:27:41.946Z | REQUEST  | GET | http://127.0.0.1:5000/api/master/list
2026-03-10T03:27:42.377Z | RESPONSE | GET | http://127.0.0.1:5000/api/master/list | 200 | ok=true | duration_ms=286 | {
  "data": [
    {
      "actif": 1,
      "code_barre": "AMOX500",
      "date_ajout_produit": "19-09-2025",
      "date_approvisionnement": "20-04-2025",
      "date_expiration": "20-04-2026",
      "description": "Antibiotique large spectre",
      "fournisseur_contact": "M. Kabila",
      "fournisseur_email": "contact@pharmadistrib.com",
      "fournisseur_nom": "PharmaDistrib RDC",
      "fournisseur_telephone": "+243900000001",
      "id_fournisseur": 1,
      "id_lot": 7,
      "id_produit": 2,
      "id_utilisateur": 1,
      "image_produit": "amoxicilline.jpg",
      "nom_produit": "Amoxicilline 500mg",
      "prix_achat": "2.30",
      "prix_vente": "5.00",
      "quantite": 26,
      "unite_mesure": null,
      "utilisateur_email": "admin@pharma.com",
      "utilisateur_nom": "Admin Principal"
    },
    {
      "actif": 1,
      "code_barre": "AMOX500",
      "date_ajout_produit": "19-09-2025",
      "date_approvisionnement": "20-04-2025",
      "date_expiration": "01-06-2026",
      "description": "Antibiotique large spectre",
      "fournisseur_contact": "Mme Mwamba",
      "fournisseur_email": "info@medsuppliers.com",
      "fournisseur_nom": "MedSuppliers Congo",
      "fournisseur_telephone": "+243900000002",
      "id_fournisseur": 2,
      "id_lot": 8,
      "id_produit": 2,
      "id_utilisateur": 1,
      "image_produit": "amoxicilline.jpg",
      "nom_produit": "Amoxicilline 500mg",
      "prix_achat": "2.50",
      "prix_vente": "5.00",
      "quantite": 78,
      "unite_mesure": null,
      "utilisateur_email": "admin@pharma.com",
      "utilisateur_nom": "Admin Principal"
    },
    {
      "actif": 1,
      "code_barre": "AMOX500",
      "date_ajout_produit": "19-09-2025",
      "date_approvisionnement": "20-04-2025",
      "date_expiration": "01-11-2026",
      "description": "Antibiotique large spectre",
      "fournisseur_contact": "M. Dupont",
      "fournisseur_email": "sales@globalmed.eu",
      "fournisseur_nom": "GlobalMed Europe",
2026-03-10T03:27:57.876Z | REQUEST  | GET | http://127.0.0.1:5000/api/master/list
2026-03-10T03:27:58.721Z | RESPONSE | GET | http://127.0.0.1:5000/api/master/list | 200 | ok=true | duration_ms=717 | {
  "data": [
    {
      "actif": 1,
      "code_barre": "AMOX500",
      "date_ajout_produit": "19-09-2025",
      "date_approvisionnement": "20-04-2025",
      "date_expiration": "20-04-2026",
      "description": "Antibiotique large spectre",
      "fournisseur_contact": "M. Kabila",
      "fournisseur_email": "contact@pharmadistrib.com",
      "fournisseur_nom": "PharmaDistrib RDC",
      "fournisseur_telephone": "+243900000001",
      "id_fournisseur": 1,
      "id_lot": 7,
      "id_produit": 2,
      "id_utilisateur": 1,
      "image_produit": "amoxicilline.jpg",
      "nom_produit": "Amoxicilline 500mg",
      "prix_achat": "2.30",
      "prix_vente": "5.00",
      "quantite": 26,
      "unite_mesure": null,
      "utilisateur_email": "admin@pharma.com",
      "utilisateur_nom": "Admin Principal"
    },
    {
      "actif": 1,
      "code_barre": "AMOX500",
      "date_ajout_produit": "19-09-2025",
      "date_approvisionnement": "20-04-2025",
      "date_expiration": "01-06-2026",
      "description": "Antibiotique large spectre",
      "fournisseur_contact": "Mme Mwamba",
      "fournisseur_email": "info@medsuppliers.com",
      "fournisseur_nom": "MedSuppliers Congo",
      "fournisseur_telephone": "+243900000002",
      "id_fournisseur": 2,
      "id_lot": 8,
      "id_produit": 2,
      "id_utilisateur": 1,
      "image_produit": "amoxicilline.jpg",
      "nom_produit": "Amoxicilline 500mg",
      "prix_achat": "2.50",
      "prix_vente": "5.00",
      "quantite": 78,
      "unite_mesure": null,
      "utilisateur_email": "admin@pharma.com",
      "utilisateur_nom": "Admin Principal"
    },
    {
      "actif": 1,
      "code_barre": "AMOX500",
      "date_ajout_produit": "19-09-2025",
      "date_approvisionnement": "20-04-2025",
      "date_expiration": "01-11-2026",
      "description": "Antibiotique large spectre",
      "fournisseur_contact": "M. Dupont",
      "fournisseur_email": "sales@globalmed.eu",
      "fournisseur_nom": "GlobalMed Europe",
2026-03-10T03:28:13.843Z | REQUEST  | GET | http://127.0.0.1:5000/api/master/list
2026-03-10T03:28:14.086Z | RESPONSE | GET | http://127.0.0.1:5000/api/master/list | 200 | ok=true | duration_ms=202 | {
  "data": [
    {
      "actif": 1,
      "code_barre": "AMOX500",
      "date_ajout_produit": "19-09-2025",
      "date_approvisionnement": "20-04-2025",
      "date_expiration": "20-04-2026",
      "description": "Antibiotique large spectre",
      "fournisseur_contact": "M. Kabila",
      "fournisseur_email": "contact@pharmadistrib.com",
      "fournisseur_nom": "PharmaDistrib RDC",
      "fournisseur_telephone": "+243900000001",
      "id_fournisseur": 1,
      "id_lot": 7,
      "id_produit": 2,
      "id_utilisateur": 1,
      "image_produit": "amoxicilline.jpg",
      "nom_produit": "Amoxicilline 500mg",
      "prix_achat": "2.30",
      "prix_vente": "5.00",
      "quantite": 26,
      "unite_mesure": null,
      "utilisateur_email": "admin@pharma.com",
      "utilisateur_nom": "Admin Principal"
    },
    {
      "actif": 1,
      "code_barre": "AMOX500",
      "date_ajout_produit": "19-09-2025",
      "date_approvisionnement": "20-04-2025",
      "date_expiration": "01-06-2026",
      "description": "Antibiotique large spectre",
      "fournisseur_contact": "Mme Mwamba",
      "fournisseur_email": "info@medsuppliers.com",
      "fournisseur_nom": "MedSuppliers Congo",
      "fournisseur_telephone": "+243900000002",
      "id_fournisseur": 2,
      "id_lot": 8,
      "id_produit": 2,
      "id_utilisateur": 1,
      "image_produit": "amoxicilline.jpg",
      "nom_produit": "Amoxicilline 500mg",
      "prix_achat": "2.50",
      "prix_vente": "5.00",
      "quantite": 78,
      "unite_mesure": null,
      "utilisateur_email": "admin@pharma.com",
      "utilisateur_nom": "Admin Principal"
    },
    {
      "actif": 1,
      "code_barre": "AMOX500",
      "date_ajout_produit": "19-09-2025",
      "date_approvisionnement": "20-04-2025",
      "date_expiration": "01-11-2026",
      "description": "Antibiotique large spectre",
      "fournisseur_contact": "M. Dupont",
      "fournisseur_email": "sales@globalmed.eu",
      "fournisseur_nom": "GlobalMed Europe",
2026-03-10T03:28:29.944Z | REQUEST  | GET | http://127.0.0.1:5000/api/master/list
2026-03-10T03:28:31.380Z | RESPONSE | GET | http://127.0.0.1:5000/api/master/list | 200 | ok=true | duration_ms=1288 | {
  "data": [
    {
      "actif": 1,
      "code_barre": "AMOX500",
      "date_ajout_produit": "19-09-2025",
      "date_approvisionnement": "20-04-2025",
      "date_expiration": "20-04-2026",
      "description": "Antibiotique large spectre",
      "fournisseur_contact": "M. Kabila",
      "fournisseur_email": "contact@pharmadistrib.com",
      "fournisseur_nom": "PharmaDistrib RDC",
      "fournisseur_telephone": "+243900000001",
      "id_fournisseur": 1,
      "id_lot": 7,
      "id_produit": 2,
      "id_utilisateur": 1,
      "image_produit": "amoxicilline.jpg",
      "nom_produit": "Amoxicilline 500mg",
      "prix_achat": "2.30",
      "prix_vente": "5.00",
      "quantite": 26,
      "unite_mesure": null,
      "utilisateur_email": "admin@pharma.com",
      "utilisateur_nom": "Admin Principal"
    },
    {
      "actif": 1,
      "code_barre": "AMOX500",
      "date_ajout_produit": "19-09-2025",
      "date_approvisionnement": "20-04-2025",
      "date_expiration": "01-06-2026",
      "description": "Antibiotique large spectre",
      "fournisseur_contact": "Mme Mwamba",
      "fournisseur_email": "info@medsuppliers.com",
      "fournisseur_nom": "MedSuppliers Congo",
      "fournisseur_telephone": "+243900000002",
      "id_fournisseur": 2,
      "id_lot": 8,
      "id_produit": 2,
      "id_utilisateur": 1,
      "image_produit": "amoxicilline.jpg",
      "nom_produit": "Amoxicilline 500mg",
      "prix_achat": "2.50",
      "prix_vente": "5.00",
      "quantite": 78,
      "unite_mesure": null,
      "utilisateur_email": "admin@pharma.com",
      "utilisateur_nom": "Admin Principal"
    },
    {
      "actif": 1,
      "code_barre": "AMOX500",
      "date_ajout_produit": "19-09-2025",
      "date_approvisionnement": "20-04-2025",
      "date_expiration": "01-11-2026",
      "description": "Antibiotique large spectre",
      "fournisseur_contact": "M. Dupont",
      "fournisseur_email": "sales@globalmed.eu",
      "fournisseur_nom": "GlobalMed Europe",
2026-03-10T03:28:51.422Z | REQUEST  | GET | http://127.0.0.1:5000/api/master/list
2026-03-10T03:28:52.094Z | RESPONSE | GET | http://127.0.0.1:5000/api/master/list | 200 | ok=true | duration_ms=442 | {
  "data": [
    {
      "actif": 1,
      "code_barre": "AMOX500",
      "date_ajout_produit": "19-09-2025",
      "date_approvisionnement": "20-04-2025",
      "date_expiration": "20-04-2026",
      "description": "Antibiotique large spectre",
      "fournisseur_contact": "M. Kabila",
      "fournisseur_email": "contact@pharmadistrib.com",
      "fournisseur_nom": "PharmaDistrib RDC",
      "fournisseur_telephone": "+243900000001",
      "id_fournisseur": 1,
      "id_lot": 7,
      "id_produit": 2,
      "id_utilisateur": 1,
      "image_produit": "amoxicilline.jpg",
      "nom_produit": "Amoxicilline 500mg",
      "prix_achat": "2.30",
      "prix_vente": "5.00",
      "quantite": 26,
      "unite_mesure": null,
      "utilisateur_email": "admin@pharma.com",
      "utilisateur_nom": "Admin Principal"
    },
    {
      "actif": 1,
      "code_barre": "AMOX500",
      "date_ajout_produit": "19-09-2025",
      "date_approvisionnement": "20-04-2025",
      "date_expiration": "01-06-2026",
      "description": "Antibiotique large spectre",
      "fournisseur_contact": "Mme Mwamba",
      "fournisseur_email": "info@medsuppliers.com",
      "fournisseur_nom": "MedSuppliers Congo",
      "fournisseur_telephone": "+243900000002",
      "id_fournisseur": 2,
      "id_lot": 8,
      "id_produit": 2,
      "id_utilisateur": 1,
      "image_produit": "amoxicilline.jpg",
      "nom_produit": "Amoxicilline 500mg",
      "prix_achat": "2.50",
      "prix_vente": "5.00",
      "quantite": 78,
      "unite_mesure": null,
      "utilisateur_email": "admin@pharma.com",
      "utilisateur_nom": "Admin Principal"
    },
    {
      "actif": 1,
      "code_barre": "AMOX500",
      "date_ajout_produit": "19-09-2025",
      "date_approvisionnement": "20-04-2025",
      "date_expiration": "01-11-2026",
      "description": "Antibiotique large spectre",
      "fournisseur_contact": "M. Dupont",
      "fournisseur_email": "sales@globalmed.eu",
      "fournisseur_nom": "GlobalMed Europe",
2026-03-10T03:29:08.786Z | REQUEST  | GET | http://127.0.0.1:5000/api/master/list
2026-03-10T03:29:09.492Z | RESPONSE | GET | http://127.0.0.1:5000/api/master/list | 200 | ok=true | duration_ms=589 | {
  "data": [
    {
      "actif": 1,
      "code_barre": "AMOX500",
      "date_ajout_produit": "19-09-2025",
      "date_approvisionnement": "20-04-2025",
      "date_expiration": "20-04-2026",
      "description": "Antibiotique large spectre",
      "fournisseur_contact": "M. Kabila",
      "fournisseur_email": "contact@pharmadistrib.com",
      "fournisseur_nom": "PharmaDistrib RDC",
      "fournisseur_telephone": "+243900000001",
      "id_fournisseur": 1,
      "id_lot": 7,
      "id_produit": 2,
      "id_utilisateur": 1,
      "image_produit": "amoxicilline.jpg",
      "nom_produit": "Amoxicilline 500mg",
      "prix_achat": "2.30",
      "prix_vente": "5.00",
      "quantite": 26,
      "unite_mesure": null,
      "utilisateur_email": "admin@pharma.com",
      "utilisateur_nom": "Admin Principal"
    },
    {
      "actif": 1,
      "code_barre": "AMOX500",
      "date_ajout_produit": "19-09-2025",
      "date_approvisionnement": "20-04-2025",
      "date_expiration": "01-06-2026",
      "description": "Antibiotique large spectre",
      "fournisseur_contact": "Mme Mwamba",
      "fournisseur_email": "info@medsuppliers.com",
      "fournisseur_nom": "MedSuppliers Congo",
      "fournisseur_telephone": "+243900000002",
      "id_fournisseur": 2,
      "id_lot": 8,
      "id_produit": 2,
      "id_utilisateur": 1,
      "image_produit": "amoxicilline.jpg",
      "nom_produit": "Amoxicilline 500mg",
      "prix_achat": "2.50",
      "prix_vente": "5.00",
      "quantite": 78,
      "unite_mesure": null,
      "utilisateur_email": "admin@pharma.com",
      "utilisateur_nom": "Admin Principal"
    },
    {
      "actif": 1,
      "code_barre": "AMOX500",
      "date_ajout_produit": "19-09-2025",
      "date_approvisionnement": "20-04-2025",
      "date_expiration": "01-11-2026",
      "description": "Antibiotique large spectre",
      "fournisseur_contact": "M. Dupont",
      "fournisseur_email": "sales@globalmed.eu",
      "fournisseur_nom": "GlobalMed Europe",
2026-03-10T03:29:24.926Z | REQUEST  | GET | http://127.0.0.1:5000/api/master/list
2026-03-10T03:29:26.450Z | RESPONSE | GET | http://127.0.0.1:5000/api/master/list | 200 | ok=true | duration_ms=1363 | {
  "data": [
    {
      "actif": 1,
      "code_barre": "AMOX500",
      "date_ajout_produit": "19-09-2025",
      "date_approvisionnement": "20-04-2025",
      "date_expiration": "20-04-2026",
      "description": "Antibiotique large spectre",
      "fournisseur_contact": "M. Kabila",
      "fournisseur_email": "contact@pharmadistrib.com",
      "fournisseur_nom": "PharmaDistrib RDC",
      "fournisseur_telephone": "+243900000001",
      "id_fournisseur": 1,
      "id_lot": 7,
      "id_produit": 2,
      "id_utilisateur": 1,
      "image_produit": "amoxicilline.jpg",
      "nom_produit": "Amoxicilline 500mg",
      "prix_achat": "2.30",
      "prix_vente": "5.00",
      "quantite": 26,
      "unite_mesure": null,
      "utilisateur_email": "admin@pharma.com",
      "utilisateur_nom": "Admin Principal"
    },
    {
      "actif": 1,
      "code_barre": "AMOX500",
      "date_ajout_produit": "19-09-2025",
      "date_approvisionnement": "20-04-2025",
      "date_expiration": "01-06-2026",
      "description": "Antibiotique large spectre",
      "fournisseur_contact": "Mme Mwamba",
      "fournisseur_email": "info@medsuppliers.com",
      "fournisseur_nom": "MedSuppliers Congo",
      "fournisseur_telephone": "+243900000002",
      "id_fournisseur": 2,
      "id_lot": 8,
      "id_produit": 2,
      "id_utilisateur": 1,
      "image_produit": "amoxicilline.jpg",
      "nom_produit": "Amoxicilline 500mg",
      "prix_achat": "2.50",
      "prix_vente": "5.00",
      "quantite": 78,
      "unite_mesure": null,
      "utilisateur_email": "admin@pharma.com",
      "utilisateur_nom": "Admin Principal"
    },
    {
      "actif": 1,
      "code_barre": "AMOX500",
      "date_ajout_produit": "19-09-2025",
      "date_approvisionnement": "20-04-2025",
      "date_expiration": "01-11-2026",
      "description": "Antibiotique large spectre",
      "fournisseur_contact": "M. Dupont",
      "fournisseur_email": "sales@globalmed.eu",
      "fournisseur_nom": "GlobalMed Europe",
2026-03-10T03:29:40.849Z | REQUEST  | GET | http://127.0.0.1:5000/api/master/list
2026-03-10T03:29:41.137Z | RESPONSE | GET | http://127.0.0.1:5000/api/master/list | 200 | ok=true | duration_ms=236 | {
  "data": [
    {
      "actif": 1,
      "code_barre": "AMOX500",
      "date_ajout_produit": "19-09-2025",
      "date_approvisionnement": "20-04-2025",
      "date_expiration": "20-04-2026",
      "description": "Antibiotique large spectre",
      "fournisseur_contact": "M. Kabila",
      "fournisseur_email": "contact@pharmadistrib.com",
      "fournisseur_nom": "PharmaDistrib RDC",
      "fournisseur_telephone": "+243900000001",
      "id_fournisseur": 1,
      "id_lot": 7,
      "id_produit": 2,
      "id_utilisateur": 1,
      "image_produit": "amoxicilline.jpg",
      "nom_produit": "Amoxicilline 500mg",
      "prix_achat": "2.30",
      "prix_vente": "5.00",
      "quantite": 26,
      "unite_mesure": null,
      "utilisateur_email": "admin@pharma.com",
      "utilisateur_nom": "Admin Principal"
    },
    {
      "actif": 1,
      "code_barre": "AMOX500",
      "date_ajout_produit": "19-09-2025",
      "date_approvisionnement": "20-04-2025",
      "date_expiration": "01-06-2026",
      "description": "Antibiotique large spectre",
      "fournisseur_contact": "Mme Mwamba",
      "fournisseur_email": "info@medsuppliers.com",
      "fournisseur_nom": "MedSuppliers Congo",
      "fournisseur_telephone": "+243900000002",
      "id_fournisseur": 2,
      "id_lot": 8,
      "id_produit": 2,
      "id_utilisateur": 1,
      "image_produit": "amoxicilline.jpg",
      "nom_produit": "Amoxicilline 500mg",
      "prix_achat": "2.50",
      "prix_vente": "5.00",
      "quantite": 78,
      "unite_mesure": null,
      "utilisateur_email": "admin@pharma.com",
      "utilisateur_nom": "Admin Principal"
    },
    {
      "actif": 1,
      "code_barre": "AMOX500",
      "date_ajout_produit": "19-09-2025",
      "date_approvisionnement": "20-04-2025",
      "date_expiration": "01-11-2026",
      "description": "Antibiotique large spectre",
      "fournisseur_contact": "M. Dupont",
      "fournisseur_email": "sales@globalmed.eu",
      "fournisseur_nom": "GlobalMed Europe",
2026-03-10T03:29:56.918Z | REQUEST  | GET | http://127.0.0.1:5000/api/master/list
2026-03-10T03:29:57.249Z | RESPONSE | GET | http://127.0.0.1:5000/api/master/list | 200 | ok=true | duration_ms=232 | {
  "data": [
    {
      "actif": 1,
      "code_barre": "AMOX500",
      "date_ajout_produit": "19-09-2025",
      "date_approvisionnement": "20-04-2025",
      "date_expiration": "20-04-2026",
      "description": "Antibiotique large spectre",
      "fournisseur_contact": "M. Kabila",
      "fournisseur_email": "contact@pharmadistrib.com",
      "fournisseur_nom": "PharmaDistrib RDC",
      "fournisseur_telephone": "+243900000001",
      "id_fournisseur": 1,
      "id_lot": 7,
      "id_produit": 2,
      "id_utilisateur": 1,
      "image_produit": "amoxicilline.jpg",
      "nom_produit": "Amoxicilline 500mg",
      "prix_achat": "2.30",
      "prix_vente": "5.00",
      "quantite": 26,
      "unite_mesure": null,
      "utilisateur_email": "admin@pharma.com",
      "utilisateur_nom": "Admin Principal"
    },
    {
      "actif": 1,
      "code_barre": "AMOX500",
      "date_ajout_produit": "19-09-2025",
      "date_approvisionnement": "20-04-2025",
      "date_expiration": "01-06-2026",
      "description": "Antibiotique large spectre",
      "fournisseur_contact": "Mme Mwamba",
      "fournisseur_email": "info@medsuppliers.com",
      "fournisseur_nom": "MedSuppliers Congo",
      "fournisseur_telephone": "+243900000002",
      "id_fournisseur": 2,
      "id_lot": 8,
      "id_produit": 2,
      "id_utilisateur": 1,
      "image_produit": "amoxicilline.jpg",
      "nom_produit": "Amoxicilline 500mg",
      "prix_achat": "2.50",
      "prix_vente": "5.00",
      "quantite": 78,
      "unite_mesure": null,
      "utilisateur_email": "admin@pharma.com",
      "utilisateur_nom": "Admin Principal"
    },
    {
      "actif": 1,
      "code_barre": "AMOX500",
      "date_ajout_produit": "19-09-2025",
      "date_approvisionnement": "20-04-2025",
      "date_expiration": "01-11-2026",
      "description": "Antibiotique large spectre",
      "fournisseur_contact": "M. Dupont",
      "fournisseur_email": "sales@globalmed.eu",
      "fournisseur_nom": "GlobalMed Europe",
2026-03-10T03:30:12.806Z | REQUEST  | GET | http://127.0.0.1:5000/api/master/list
2026-03-10T03:30:13.557Z | RESPONSE | GET | http://127.0.0.1:5000/api/master/list | 200 | ok=true | duration_ms=427 | {
  "data": [
    {
      "actif": 1,
      "code_barre": "AMOX500",
      "date_ajout_produit": "19-09-2025",
      "date_approvisionnement": "20-04-2025",
      "date_expiration": "20-04-2026",
      "description": "Antibiotique large spectre",
      "fournisseur_contact": "M. Kabila",
      "fournisseur_email": "contact@pharmadistrib.com",
      "fournisseur_nom": "PharmaDistrib RDC",
      "fournisseur_telephone": "+243900000001",
      "id_fournisseur": 1,
      "id_lot": 7,
      "id_produit": 2,
      "id_utilisateur": 1,
      "image_produit": "amoxicilline.jpg",
      "nom_produit": "Amoxicilline 500mg",
      "prix_achat": "2.30",
      "prix_vente": "5.00",
      "quantite": 26,
      "unite_mesure": null,
      "utilisateur_email": "admin@pharma.com",
      "utilisateur_nom": "Admin Principal"
    },
    {
      "actif": 1,
      "code_barre": "AMOX500",
      "date_ajout_produit": "19-09-2025",
      "date_approvisionnement": "20-04-2025",
      "date_expiration": "01-06-2026",
      "description": "Antibiotique large spectre",
      "fournisseur_contact": "Mme Mwamba",
      "fournisseur_email": "info@medsuppliers.com",
      "fournisseur_nom": "MedSuppliers Congo",
      "fournisseur_telephone": "+243900000002",
      "id_fournisseur": 2,
      "id_lot": 8,
      "id_produit": 2,
      "id_utilisateur": 1,
      "image_produit": "amoxicilline.jpg",
      "nom_produit": "Amoxicilline 500mg",
      "prix_achat": "2.50",
      "prix_vente": "5.00",
      "quantite": 78,
      "unite_mesure": null,
      "utilisateur_email": "admin@pharma.com",
      "utilisateur_nom": "Admin Principal"
    },
    {
      "actif": 1,
      "code_barre": "AMOX500",
      "date_ajout_produit": "19-09-2025",
      "date_approvisionnement": "20-04-2025",
      "date_expiration": "01-11-2026",
      "description": "Antibiotique large spectre",
      "fournisseur_contact": "M. Dupont",
      "fournisseur_email": "sales@globalmed.eu",
      "fournisseur_nom": "GlobalMed Europe",
2026-03-10T03:30:33.285Z | REQUEST  | GET | http://127.0.0.1:5000/api/master/list
2026-03-10T03:30:34.202Z | RESPONSE | GET | http://127.0.0.1:5000/api/master/list | 200 | ok=true | duration_ms=768 | {
  "data": [
    {
      "actif": 1,
      "code_barre": "AMOX500",
      "date_ajout_produit": "19-09-2025",
      "date_approvisionnement": "20-04-2025",
      "date_expiration": "20-04-2026",
      "description": "Antibiotique large spectre",
      "fournisseur_contact": "M. Kabila",
      "fournisseur_email": "contact@pharmadistrib.com",
      "fournisseur_nom": "PharmaDistrib RDC",
      "fournisseur_telephone": "+243900000001",
      "id_fournisseur": 1,
      "id_lot": 7,
      "id_produit": 2,
      "id_utilisateur": 1,
      "image_produit": "amoxicilline.jpg",
      "nom_produit": "Amoxicilline 500mg",
      "prix_achat": "2.30",
      "prix_vente": "5.00",
      "quantite": 26,
      "unite_mesure": null,
      "utilisateur_email": "admin@pharma.com",
      "utilisateur_nom": "Admin Principal"
    },
    {
      "actif": 1,
      "code_barre": "AMOX500",
      "date_ajout_produit": "19-09-2025",
      "date_approvisionnement": "20-04-2025",
      "date_expiration": "01-06-2026",
      "description": "Antibiotique large spectre",
      "fournisseur_contact": "Mme Mwamba",
      "fournisseur_email": "info@medsuppliers.com",
      "fournisseur_nom": "MedSuppliers Congo",
      "fournisseur_telephone": "+243900000002",
      "id_fournisseur": 2,
      "id_lot": 8,
      "id_produit": 2,
      "id_utilisateur": 1,
      "image_produit": "amoxicilline.jpg",
      "nom_produit": "Amoxicilline 500mg",
      "prix_achat": "2.50",
      "prix_vente": "5.00",
      "quantite": 78,
      "unite_mesure": null,
      "utilisateur_email": "admin@pharma.com",
      "utilisateur_nom": "Admin Principal"
    },
    {
      "actif": 1,
      "code_barre": "AMOX500",
      "date_ajout_produit": "19-09-2025",
      "date_approvisionnement": "20-04-2025",
      "date_expiration": "01-11-2026",
      "description": "Antibiotique large spectre",
      "fournisseur_contact": "M. Dupont",
      "fournisseur_email": "sales@globalmed.eu",
      "fournisseur_nom": "GlobalMed Europe",
2026-03-10T03:30:50.317Z | REQUEST  | GET | http://127.0.0.1:5000/api/master/list
2026-03-10T03:30:50.728Z | RESPONSE | GET | http://127.0.0.1:5000/api/master/list | 200 | ok=true | duration_ms=315 | {
  "data": [
    {
      "actif": 1,
      "code_barre": "AMOX500",
      "date_ajout_produit": "19-09-2025",
      "date_approvisionnement": "20-04-2025",
      "date_expiration": "20-04-2026",
      "description": "Antibiotique large spectre",
      "fournisseur_contact": "M. Kabila",
      "fournisseur_email": "contact@pharmadistrib.com",
      "fournisseur_nom": "PharmaDistrib RDC",
      "fournisseur_telephone": "+243900000001",
      "id_fournisseur": 1,
      "id_lot": 7,
      "id_produit": 2,
      "id_utilisateur": 1,
      "image_produit": "amoxicilline.jpg",
      "nom_produit": "Amoxicilline 500mg",
      "prix_achat": "2.30",
      "prix_vente": "5.00",
      "quantite": 26,
      "unite_mesure": null,
      "utilisateur_email": "admin@pharma.com",
      "utilisateur_nom": "Admin Principal"
    },
    {
      "actif": 1,
      "code_barre": "AMOX500",
      "date_ajout_produit": "19-09-2025",
      "date_approvisionnement": "20-04-2025",
      "date_expiration": "01-06-2026",
      "description": "Antibiotique large spectre",
      "fournisseur_contact": "Mme Mwamba",
      "fournisseur_email": "info@medsuppliers.com",
      "fournisseur_nom": "MedSuppliers Congo",
      "fournisseur_telephone": "+243900000002",
      "id_fournisseur": 2,
      "id_lot": 8,
      "id_produit": 2,
      "id_utilisateur": 1,
      "image_produit": "amoxicilline.jpg",
      "nom_produit": "Amoxicilline 500mg",
      "prix_achat": "2.50",
      "prix_vente": "5.00",
      "quantite": 78,
      "unite_mesure": null,
      "utilisateur_email": "admin@pharma.com",
      "utilisateur_nom": "Admin Principal"
    },
    {
      "actif": 1,
      "code_barre": "AMOX500",
      "date_ajout_produit": "19-09-2025",
      "date_approvisionnement": "20-04-2025",
      "date_expiration": "01-11-2026",
      "description": "Antibiotique large spectre",
      "fournisseur_contact": "M. Dupont",
      "fournisseur_email": "sales@globalmed.eu",
      "fournisseur_nom": "GlobalMed Europe",
2026-03-10T03:31:05.942Z | REQUEST  | GET | http://127.0.0.1:5000/api/master/list
2026-03-10T03:31:06.169Z | RESPONSE | GET | http://127.0.0.1:5000/api/master/list | 200 | ok=true | duration_ms=172 | {
  "data": [
    {
      "actif": 1,
      "code_barre": "AMOX500",
      "date_ajout_produit": "19-09-2025",
      "date_approvisionnement": "20-04-2025",
      "date_expiration": "20-04-2026",
      "description": "Antibiotique large spectre",
      "fournisseur_contact": "M. Kabila",
      "fournisseur_email": "contact@pharmadistrib.com",
      "fournisseur_nom": "PharmaDistrib RDC",
      "fournisseur_telephone": "+243900000001",
      "id_fournisseur": 1,
      "id_lot": 7,
      "id_produit": 2,
      "id_utilisateur": 1,
      "image_produit": "amoxicilline.jpg",
      "nom_produit": "Amoxicilline 500mg",
      "prix_achat": "2.30",
      "prix_vente": "5.00",
      "quantite": 26,
      "unite_mesure": null,
      "utilisateur_email": "admin@pharma.com",
      "utilisateur_nom": "Admin Principal"
    },
    {
      "actif": 1,
      "code_barre": "AMOX500",
      "date_ajout_produit": "19-09-2025",
      "date_approvisionnement": "20-04-2025",
      "date_expiration": "01-06-2026",
      "description": "Antibiotique large spectre",
      "fournisseur_contact": "Mme Mwamba",
      "fournisseur_email": "info@medsuppliers.com",
      "fournisseur_nom": "MedSuppliers Congo",
      "fournisseur_telephone": "+243900000002",
      "id_fournisseur": 2,
      "id_lot": 8,
      "id_produit": 2,
      "id_utilisateur": 1,
      "image_produit": "amoxicilline.jpg",
      "nom_produit": "Amoxicilline 500mg",
      "prix_achat": "2.50",
      "prix_vente": "5.00",
      "quantite": 78,
      "unite_mesure": null,
      "utilisateur_email": "admin@pharma.com",
      "utilisateur_nom": "Admin Principal"
    },
    {
      "actif": 1,
      "code_barre": "AMOX500",
      "date_ajout_produit": "19-09-2025",
      "date_approvisionnement": "20-04-2025",
      "date_expiration": "01-11-2026",
      "description": "Antibiotique large spectre",
      "fournisseur_contact": "M. Dupont",
      "fournisseur_email": "sales@globalmed.eu",
      "fournisseur_nom": "GlobalMed Europe",
2026-03-10T03:31:21.850Z | REQUEST  | GET | http://127.0.0.1:5000/api/master/list
2026-03-10T03:31:22.339Z | RESPONSE | GET | http://127.0.0.1:5000/api/master/list | 200 | ok=true | duration_ms=320 | {
  "data": [
    {
      "actif": 1,
      "code_barre": "AMOX500",
      "date_ajout_produit": "19-09-2025",
      "date_approvisionnement": "20-04-2025",
      "date_expiration": "20-04-2026",
      "description": "Antibiotique large spectre",
      "fournisseur_contact": "M. Kabila",
      "fournisseur_email": "contact@pharmadistrib.com",
      "fournisseur_nom": "PharmaDistrib RDC",
      "fournisseur_telephone": "+243900000001",
      "id_fournisseur": 1,
      "id_lot": 7,
      "id_produit": 2,
      "id_utilisateur": 1,
      "image_produit": "amoxicilline.jpg",
      "nom_produit": "Amoxicilline 500mg",
      "prix_achat": "2.30",
      "prix_vente": "5.00",
      "quantite": 26,
      "unite_mesure": null,
      "utilisateur_email": "admin@pharma.com",
      "utilisateur_nom": "Admin Principal"
    },
    {
      "actif": 1,
      "code_barre": "AMOX500",
      "date_ajout_produit": "19-09-2025",
      "date_approvisionnement": "20-04-2025",
      "date_expiration": "01-06-2026",
      "description": "Antibiotique large spectre",
      "fournisseur_contact": "Mme Mwamba",
      "fournisseur_email": "info@medsuppliers.com",
      "fournisseur_nom": "MedSuppliers Congo",
      "fournisseur_telephone": "+243900000002",
      "id_fournisseur": 2,
      "id_lot": 8,
      "id_produit": 2,
      "id_utilisateur": 1,
      "image_produit": "amoxicilline.jpg",
      "nom_produit": "Amoxicilline 500mg",
      "prix_achat": "2.50",
      "prix_vente": "5.00",
      "quantite": 78,
      "unite_mesure": null,
      "utilisateur_email": "admin@pharma.com",
      "utilisateur_nom": "Admin Principal"
    },
    {
      "actif": 1,
      "code_barre": "AMOX500",
      "date_ajout_produit": "19-09-2025",
      "date_approvisionnement": "20-04-2025",
      "date_expiration": "01-11-2026",
      "description": "Antibiotique large spectre",
      "fournisseur_contact": "M. Dupont",
      "fournisseur_email": "sales@globalmed.eu",
      "fournisseur_nom": "GlobalMed Europe",
2026-03-10T03:31:37.916Z | REQUEST  | GET | http://127.0.0.1:5000/api/master/list
2026-03-10T03:31:38.421Z | RESPONSE | GET | http://127.0.0.1:5000/api/master/list | 200 | ok=true | duration_ms=397 | {
  "data": [
    {
      "actif": 1,
      "code_barre": "AMOX500",
      "date_ajout_produit": "19-09-2025",
      "date_approvisionnement": "20-04-2025",
      "date_expiration": "20-04-2026",
      "description": "Antibiotique large spectre",
      "fournisseur_contact": "M. Kabila",
      "fournisseur_email": "contact@pharmadistrib.com",
      "fournisseur_nom": "PharmaDistrib RDC",
      "fournisseur_telephone": "+243900000001",
      "id_fournisseur": 1,
      "id_lot": 7,
      "id_produit": 2,
      "id_utilisateur": 1,
      "image_produit": "amoxicilline.jpg",
      "nom_produit": "Amoxicilline 500mg",
      "prix_achat": "2.30",
      "prix_vente": "5.00",
      "quantite": 26,
      "unite_mesure": null,
      "utilisateur_email": "admin@pharma.com",
      "utilisateur_nom": "Admin Principal"
    },
    {
      "actif": 1,
      "code_barre": "AMOX500",
      "date_ajout_produit": "19-09-2025",
      "date_approvisionnement": "20-04-2025",
      "date_expiration": "01-06-2026",
      "description": "Antibiotique large spectre",
      "fournisseur_contact": "Mme Mwamba",
      "fournisseur_email": "info@medsuppliers.com",
      "fournisseur_nom": "MedSuppliers Congo",
      "fournisseur_telephone": "+243900000002",
      "id_fournisseur": 2,
      "id_lot": 8,
      "id_produit": 2,
      "id_utilisateur": 1,
      "image_produit": "amoxicilline.jpg",
      "nom_produit": "Amoxicilline 500mg",
      "prix_achat": "2.50",
      "prix_vente": "5.00",
      "quantite": 78,
      "unite_mesure": null,
      "utilisateur_email": "admin@pharma.com",
      "utilisateur_nom": "Admin Principal"
    },
    {
      "actif": 1,
      "code_barre": "AMOX500",
      "date_ajout_produit": "19-09-2025",
      "date_approvisionnement": "20-04-2025",
      "date_expiration": "01-11-2026",
      "description": "Antibiotique large spectre",
      "fournisseur_contact": "M. Dupont",
      "fournisseur_email": "sales@globalmed.eu",
      "fournisseur_nom": "GlobalMed Europe",
2026-03-10T03:31:53.867Z | REQUEST  | GET | http://127.0.0.1:5000/api/master/list
2026-03-10T03:31:54.205Z | RESPONSE | GET | http://127.0.0.1:5000/api/master/list | 200 | ok=true | duration_ms=266 | {
  "data": [
    {
      "actif": 1,
      "code_barre": "AMOX500",
      "date_ajout_produit": "19-09-2025",
      "date_approvisionnement": "20-04-2025",
      "date_expiration": "20-04-2026",
      "description": "Antibiotique large spectre",
      "fournisseur_contact": "M. Kabila",
      "fournisseur_email": "contact@pharmadistrib.com",
      "fournisseur_nom": "PharmaDistrib RDC",
      "fournisseur_telephone": "+243900000001",
      "id_fournisseur": 1,
      "id_lot": 7,
      "id_produit": 2,
      "id_utilisateur": 1,
      "image_produit": "amoxicilline.jpg",
      "nom_produit": "Amoxicilline 500mg",
      "prix_achat": "2.30",
      "prix_vente": "5.00",
      "quantite": 26,
      "unite_mesure": null,
      "utilisateur_email": "admin@pharma.com",
      "utilisateur_nom": "Admin Principal"
    },
    {
      "actif": 1,
      "code_barre": "AMOX500",
      "date_ajout_produit": "19-09-2025",
      "date_approvisionnement": "20-04-2025",
      "date_expiration": "01-06-2026",
      "description": "Antibiotique large spectre",
      "fournisseur_contact": "Mme Mwamba",
      "fournisseur_email": "info@medsuppliers.com",
      "fournisseur_nom": "MedSuppliers Congo",
      "fournisseur_telephone": "+243900000002",
      "id_fournisseur": 2,
      "id_lot": 8,
      "id_produit": 2,
      "id_utilisateur": 1,
      "image_produit": "amoxicilline.jpg",
      "nom_produit": "Amoxicilline 500mg",
      "prix_achat": "2.50",
      "prix_vente": "5.00",
      "quantite": 78,
      "unite_mesure": null,
      "utilisateur_email": "admin@pharma.com",
      "utilisateur_nom": "Admin Principal"
    },
    {
      "actif": 1,
      "code_barre": "AMOX500",
      "date_ajout_produit": "19-09-2025",
      "date_approvisionnement": "20-04-2025",
      "date_expiration": "01-11-2026",
      "description": "Antibiotique large spectre",
      "fournisseur_contact": "M. Dupont",
      "fournisseur_email": "sales@globalmed.eu",
      "fournisseur_nom": "GlobalMed Europe",
2026-03-10T03:32:12.291Z | REQUEST  | GET | http://127.0.0.1:5000/api/master/list
2026-03-10T03:32:12.497Z | RESPONSE | GET | http://127.0.0.1:5000/api/master/list | 200 | ok=true | duration_ms=108 | {
  "data": [
    {
      "actif": 1,
      "code_barre": "AMOX500",
      "date_ajout_produit": "19-09-2025",
      "date_approvisionnement": "20-04-2025",
      "date_expiration": "20-04-2026",
      "description": "Antibiotique large spectre",
      "fournisseur_contact": "M. Kabila",
      "fournisseur_email": "contact@pharmadistrib.com",
      "fournisseur_nom": "PharmaDistrib RDC",
      "fournisseur_telephone": "+243900000001",
      "id_fournisseur": 1,
      "id_lot": 7,
      "id_produit": 2,
      "id_utilisateur": 1,
      "image_produit": "amoxicilline.jpg",
      "nom_produit": "Amoxicilline 500mg",
      "prix_achat": "2.30",
      "prix_vente": "5.00",
      "quantite": 26,
      "unite_mesure": null,
      "utilisateur_email": "admin@pharma.com",
      "utilisateur_nom": "Admin Principal"
    },
    {
      "actif": 1,
      "code_barre": "AMOX500",
      "date_ajout_produit": "19-09-2025",
      "date_approvisionnement": "20-04-2025",
      "date_expiration": "01-06-2026",
      "description": "Antibiotique large spectre",
      "fournisseur_contact": "Mme Mwamba",
      "fournisseur_email": "info@medsuppliers.com",
      "fournisseur_nom": "MedSuppliers Congo",
      "fournisseur_telephone": "+243900000002",
      "id_fournisseur": 2,
      "id_lot": 8,
      "id_produit": 2,
      "id_utilisateur": 1,
      "image_produit": "amoxicilline.jpg",
      "nom_produit": "Amoxicilline 500mg",
      "prix_achat": "2.50",
      "prix_vente": "5.00",
      "quantite": 78,
      "unite_mesure": null,
      "utilisateur_email": "admin@pharma.com",
      "utilisateur_nom": "Admin Principal"
    },
    {
      "actif": 1,
      "code_barre": "AMOX500",
      "date_ajout_produit": "19-09-2025",
      "date_approvisionnement": "20-04-2025",
      "date_expiration": "01-11-2026",
      "description": "Antibiotique large spectre",
      "fournisseur_contact": "M. Dupont",
      "fournisseur_email": "sales@globalmed.eu",
      "fournisseur_nom": "GlobalMed Europe",
2026-03-10T03:32:29.688Z | REQUEST  | GET | http://127.0.0.1:5000/api/master/list
2026-03-10T03:32:30.398Z | RESPONSE | GET | http://127.0.0.1:5000/api/master/list | 200 | ok=true | duration_ms=524 | {
  "data": [
    {
      "actif": 1,
      "code_barre": "AMOX500",
      "date_ajout_produit": "19-09-2025",
      "date_approvisionnement": "20-04-2025",
      "date_expiration": "20-04-2026",
      "description": "Antibiotique large spectre",
      "fournisseur_contact": "M. Kabila",
      "fournisseur_email": "contact@pharmadistrib.com",
      "fournisseur_nom": "PharmaDistrib RDC",
      "fournisseur_telephone": "+243900000001",
      "id_fournisseur": 1,
      "id_lot": 7,
      "id_produit": 2,
      "id_utilisateur": 1,
      "image_produit": "amoxicilline.jpg",
      "nom_produit": "Amoxicilline 500mg",
      "prix_achat": "2.30",
      "prix_vente": "5.00",
      "quantite": 26,
      "unite_mesure": null,
      "utilisateur_email": "admin@pharma.com",
      "utilisateur_nom": "Admin Principal"
    },
    {
      "actif": 1,
      "code_barre": "AMOX500",
      "date_ajout_produit": "19-09-2025",
      "date_approvisionnement": "20-04-2025",
      "date_expiration": "01-06-2026",
      "description": "Antibiotique large spectre",
      "fournisseur_contact": "Mme Mwamba",
      "fournisseur_email": "info@medsuppliers.com",
      "fournisseur_nom": "MedSuppliers Congo",
      "fournisseur_telephone": "+243900000002",
      "id_fournisseur": 2,
      "id_lot": 8,
      "id_produit": 2,
      "id_utilisateur": 1,
      "image_produit": "amoxicilline.jpg",
      "nom_produit": "Amoxicilline 500mg",
      "prix_achat": "2.50",
      "prix_vente": "5.00",
      "quantite": 78,
      "unite_mesure": null,
      "utilisateur_email": "admin@pharma.com",
      "utilisateur_nom": "Admin Principal"
    },
    {
      "actif": 1,
      "code_barre": "AMOX500",
      "date_ajout_produit": "19-09-2025",
      "date_approvisionnement": "20-04-2025",
      "date_expiration": "01-11-2026",
      "description": "Antibiotique large spectre",
      "fournisseur_contact": "M. Dupont",
      "fournisseur_email": "sales@globalmed.eu",
      "fournisseur_nom": "GlobalMed Europe",
2026-03-10T03:32:45.919Z | REQUEST  | GET | http://127.0.0.1:5000/api/master/list
2026-03-10T03:32:46.349Z | RESPONSE | GET | http://127.0.0.1:5000/api/master/list | 200 | ok=true | duration_ms=312 | {
  "data": [
    {
      "actif": 1,
      "code_barre": "AMOX500",
      "date_ajout_produit": "19-09-2025",
      "date_approvisionnement": "20-04-2025",
      "date_expiration": "20-04-2026",
      "description": "Antibiotique large spectre",
      "fournisseur_contact": "M. Kabila",
      "fournisseur_email": "contact@pharmadistrib.com",
      "fournisseur_nom": "PharmaDistrib RDC",
      "fournisseur_telephone": "+243900000001",
      "id_fournisseur": 1,
      "id_lot": 7,
      "id_produit": 2,
      "id_utilisateur": 1,
      "image_produit": "amoxicilline.jpg",
      "nom_produit": "Amoxicilline 500mg",
      "prix_achat": "2.30",
      "prix_vente": "5.00",
      "quantite": 26,
      "unite_mesure": null,
      "utilisateur_email": "admin@pharma.com",
      "utilisateur_nom": "Admin Principal"
    },
    {
      "actif": 1,
      "code_barre": "AMOX500",
      "date_ajout_produit": "19-09-2025",
      "date_approvisionnement": "20-04-2025",
      "date_expiration": "01-06-2026",
      "description": "Antibiotique large spectre",
      "fournisseur_contact": "Mme Mwamba",
      "fournisseur_email": "info@medsuppliers.com",
      "fournisseur_nom": "MedSuppliers Congo",
      "fournisseur_telephone": "+243900000002",
      "id_fournisseur": 2,
      "id_lot": 8,
      "id_produit": 2,
      "id_utilisateur": 1,
      "image_produit": "amoxicilline.jpg",
      "nom_produit": "Amoxicilline 500mg",
      "prix_achat": "2.50",
      "prix_vente": "5.00",
      "quantite": 78,
      "unite_mesure": null,
      "utilisateur_email": "admin@pharma.com",
      "utilisateur_nom": "Admin Principal"
    },
    {
      "actif": 1,
      "code_barre": "AMOX500",
      "date_ajout_produit": "19-09-2025",
      "date_approvisionnement": "20-04-2025",
      "date_expiration": "01-11-2026",
      "description": "Antibiotique large spectre",
      "fournisseur_contact": "M. Dupont",
      "fournisseur_email": "sales@globalmed.eu",
      "fournisseur_nom": "GlobalMed Europe",
2026-03-10T03:33:01.875Z | REQUEST  | GET | http://127.0.0.1:5000/api/master/list
2026-03-10T03:33:02.744Z | RESPONSE | GET | http://127.0.0.1:5000/api/master/list | 200 | ok=true | duration_ms=591 | {
  "data": [
    {
      "actif": 1,
      "code_barre": "AMOX500",
      "date_ajout_produit": "19-09-2025",
      "date_approvisionnement": "20-04-2025",
      "date_expiration": "20-04-2026",
      "description": "Antibiotique large spectre",
      "fournisseur_contact": "M. Kabila",
      "fournisseur_email": "contact@pharmadistrib.com",
      "fournisseur_nom": "PharmaDistrib RDC",
      "fournisseur_telephone": "+243900000001",
      "id_fournisseur": 1,
      "id_lot": 7,
      "id_produit": 2,
      "id_utilisateur": 1,
      "image_produit": "amoxicilline.jpg",
      "nom_produit": "Amoxicilline 500mg",
      "prix_achat": "2.30",
      "prix_vente": "5.00",
      "quantite": 26,
      "unite_mesure": null,
      "utilisateur_email": "admin@pharma.com",
      "utilisateur_nom": "Admin Principal"
    },
    {
      "actif": 1,
      "code_barre": "AMOX500",
      "date_ajout_produit": "19-09-2025",
      "date_approvisionnement": "20-04-2025",
      "date_expiration": "01-06-2026",
      "description": "Antibiotique large spectre",
      "fournisseur_contact": "Mme Mwamba",
      "fournisseur_email": "info@medsuppliers.com",
      "fournisseur_nom": "MedSuppliers Congo",
      "fournisseur_telephone": "+243900000002",
      "id_fournisseur": 2,
      "id_lot": 8,
      "id_produit": 2,
      "id_utilisateur": 1,
      "image_produit": "amoxicilline.jpg",
      "nom_produit": "Amoxicilline 500mg",
      "prix_achat": "2.50",
      "prix_vente": "5.00",
      "quantite": 78,
      "unite_mesure": null,
      "utilisateur_email": "admin@pharma.com",
      "utilisateur_nom": "Admin Principal"
    },
    {
      "actif": 1,
      "code_barre": "AMOX500",
      "date_ajout_produit": "19-09-2025",
      "date_approvisionnement": "20-04-2025",
      "date_expiration": "01-11-2026",
      "description": "Antibiotique large spectre",
      "fournisseur_contact": "M. Dupont",
      "fournisseur_email": "sales@globalmed.eu",
      "fournisseur_nom": "GlobalMed Europe",
2026-03-10T03:33:17.798Z | REQUEST  | GET | http://127.0.0.1:5000/api/master/list
2026-03-10T03:33:17.928Z | RESPONSE | GET | http://127.0.0.1:5000/api/master/list | 200 | ok=true | duration_ms=66 | {
  "data": [
    {
      "actif": 1,
      "code_barre": "AMOX500",
      "date_ajout_produit": "19-09-2025",
      "date_approvisionnement": "20-04-2025",
      "date_expiration": "20-04-2026",
      "description": "Antibiotique large spectre",
      "fournisseur_contact": "M. Kabila",
      "fournisseur_email": "contact@pharmadistrib.com",
      "fournisseur_nom": "PharmaDistrib RDC",
      "fournisseur_telephone": "+243900000001",
      "id_fournisseur": 1,
      "id_lot": 7,
      "id_produit": 2,
      "id_utilisateur": 1,
      "image_produit": "amoxicilline.jpg",
      "nom_produit": "Amoxicilline 500mg",
      "prix_achat": "2.30",
      "prix_vente": "5.00",
      "quantite": 26,
      "unite_mesure": null,
      "utilisateur_email": "admin@pharma.com",
      "utilisateur_nom": "Admin Principal"
    },
    {
      "actif": 1,
      "code_barre": "AMOX500",
      "date_ajout_produit": "19-09-2025",
      "date_approvisionnement": "20-04-2025",
      "date_expiration": "01-06-2026",
      "description": "Antibiotique large spectre",
      "fournisseur_contact": "Mme Mwamba",
      "fournisseur_email": "info@medsuppliers.com",
      "fournisseur_nom": "MedSuppliers Congo",
      "fournisseur_telephone": "+243900000002",
      "id_fournisseur": 2,
      "id_lot": 8,
      "id_produit": 2,
      "id_utilisateur": 1,
      "image_produit": "amoxicilline.jpg",
      "nom_produit": "Amoxicilline 500mg",
      "prix_achat": "2.50",
      "prix_vente": "5.00",
      "quantite": 78,
      "unite_mesure": null,
      "utilisateur_email": "admin@pharma.com",
      "utilisateur_nom": "Admin Principal"
    },
    {
      "actif": 1,
      "code_barre": "AMOX500",
      "date_ajout_produit": "19-09-2025",
      "date_approvisionnement": "20-04-2025",
      "date_expiration": "01-11-2026",
      "description": "Antibiotique large spectre",
      "fournisseur_contact": "M. Dupont",
      "fournisseur_email": "sales@globalmed.eu",
      "fournisseur_nom": "GlobalMed Europe",
2026-03-10T03:33:41.579Z | REQUEST  | GET | http://127.0.0.1:5000/api/master/list
2026-03-10T03:33:41.785Z | RESPONSE | GET | http://127.0.0.1:5000/api/master/list | 200 | ok=true | duration_ms=178 | {
  "data": [
    {
      "actif": 1,
      "code_barre": "AMOX500",
      "date_ajout_produit": "19-09-2025",
      "date_approvisionnement": "20-04-2025",
      "date_expiration": "20-04-2026",
      "description": "Antibiotique large spectre",
      "fournisseur_contact": "M. Kabila",
      "fournisseur_email": "contact@pharmadistrib.com",
      "fournisseur_nom": "PharmaDistrib RDC",
      "fournisseur_telephone": "+243900000001",
      "id_fournisseur": 1,
      "id_lot": 7,
      "id_produit": 2,
      "id_utilisateur": 1,
      "image_produit": "amoxicilline.jpg",
      "nom_produit": "Amoxicilline 500mg",
      "prix_achat": "2.30",
      "prix_vente": "5.00",
      "quantite": 26,
      "unite_mesure": null,
      "utilisateur_email": "admin@pharma.com",
      "utilisateur_nom": "Admin Principal"
    },
    {
      "actif": 1,
      "code_barre": "AMOX500",
      "date_ajout_produit": "19-09-2025",
      "date_approvisionnement": "20-04-2025",
      "date_expiration": "01-06-2026",
      "description": "Antibiotique large spectre",
      "fournisseur_contact": "Mme Mwamba",
      "fournisseur_email": "info@medsuppliers.com",
      "fournisseur_nom": "MedSuppliers Congo",
      "fournisseur_telephone": "+243900000002",
      "id_fournisseur": 2,
      "id_lot": 8,
      "id_produit": 2,
      "id_utilisateur": 1,
      "image_produit": "amoxicilline.jpg",
      "nom_produit": "Amoxicilline 500mg",
      "prix_achat": "2.50",
      "prix_vente": "5.00",
      "quantite": 78,
      "unite_mesure": null,
      "utilisateur_email": "admin@pharma.com",
      "utilisateur_nom": "Admin Principal"
    },
    {
      "actif": 1,
      "code_barre": "AMOX500",
      "date_ajout_produit": "19-09-2025",
      "date_approvisionnement": "20-04-2025",
      "date_expiration": "01-11-2026",
      "description": "Antibiotique large spectre",
      "fournisseur_contact": "M. Dupont",
      "fournisseur_email": "sales@globalmed.eu",
      "fournisseur_nom": "GlobalMed Europe",
2026-03-10T03:33:59.212Z | REQUEST  | GET | http://127.0.0.1:5000/api/master/list
2026-03-10T03:33:59.414Z | RESPONSE | GET | http://127.0.0.1:5000/api/master/list | 200 | ok=true | duration_ms=184 | {
  "data": [
    {
      "actif": 1,
      "code_barre": "AMOX500",
      "date_ajout_produit": "19-09-2025",
      "date_approvisionnement": "20-04-2025",
      "date_expiration": "20-04-2026",
      "description": "Antibiotique large spectre",
      "fournisseur_contact": "M. Kabila",
      "fournisseur_email": "contact@pharmadistrib.com",
      "fournisseur_nom": "PharmaDistrib RDC",
      "fournisseur_telephone": "+243900000001",
      "id_fournisseur": 1,
      "id_lot": 7,
      "id_produit": 2,
      "id_utilisateur": 1,
      "image_produit": "amoxicilline.jpg",
      "nom_produit": "Amoxicilline 500mg",
      "prix_achat": "2.30",
      "prix_vente": "5.00",
      "quantite": 26,
      "unite_mesure": null,
      "utilisateur_email": "admin@pharma.com",
      "utilisateur_nom": "Admin Principal"
    },
    {
      "actif": 1,
      "code_barre": "AMOX500",
      "date_ajout_produit": "19-09-2025",
      "date_approvisionnement": "20-04-2025",
      "date_expiration": "01-06-2026",
      "description": "Antibiotique large spectre",
      "fournisseur_contact": "Mme Mwamba",
      "fournisseur_email": "info@medsuppliers.com",
      "fournisseur_nom": "MedSuppliers Congo",
      "fournisseur_telephone": "+243900000002",
      "id_fournisseur": 2,
      "id_lot": 8,
      "id_produit": 2,
      "id_utilisateur": 1,
      "image_produit": "amoxicilline.jpg",
      "nom_produit": "Amoxicilline 500mg",
      "prix_achat": "2.50",
      "prix_vente": "5.00",
      "quantite": 78,
      "unite_mesure": null,
      "utilisateur_email": "admin@pharma.com",
      "utilisateur_nom": "Admin Principal"
    },
    {
      "actif": 1,
      "code_barre": "AMOX500",
      "date_ajout_produit": "19-09-2025",
      "date_approvisionnement": "20-04-2025",
      "date_expiration": "01-11-2026",
      "description": "Antibiotique large spectre",
      "fournisseur_contact": "M. Dupont",
      "fournisseur_email": "sales@globalmed.eu",
      "fournisseur_nom": "GlobalMed Europe",
2026-03-10T03:34:16.249Z | REQUEST  | GET | http://127.0.0.1:5000/api/master/list
2026-03-10T03:34:16.427Z | RESPONSE | GET | http://127.0.0.1:5000/api/master/list | 200 | ok=true | duration_ms=117 | {
  "data": [
    {
      "actif": 1,
      "code_barre": "AMOX500",
      "date_ajout_produit": "19-09-2025",
      "date_approvisionnement": "20-04-2025",
      "date_expiration": "20-04-2026",
      "description": "Antibiotique large spectre",
      "fournisseur_contact": "M. Kabila",
      "fournisseur_email": "contact@pharmadistrib.com",
      "fournisseur_nom": "PharmaDistrib RDC",
      "fournisseur_telephone": "+243900000001",
      "id_fournisseur": 1,
      "id_lot": 7,
      "id_produit": 2,
      "id_utilisateur": 1,
      "image_produit": "amoxicilline.jpg",
      "nom_produit": "Amoxicilline 500mg",
      "prix_achat": "2.30",
      "prix_vente": "5.00",
      "quantite": 26,
      "unite_mesure": null,
      "utilisateur_email": "admin@pharma.com",
      "utilisateur_nom": "Admin Principal"
    },
    {
      "actif": 1,
      "code_barre": "AMOX500",
      "date_ajout_produit": "19-09-2025",
      "date_approvisionnement": "20-04-2025",
      "date_expiration": "01-06-2026",
      "description": "Antibiotique large spectre",
      "fournisseur_contact": "Mme Mwamba",
      "fournisseur_email": "info@medsuppliers.com",
      "fournisseur_nom": "MedSuppliers Congo",
      "fournisseur_telephone": "+243900000002",
      "id_fournisseur": 2,
      "id_lot": 8,
      "id_produit": 2,
      "id_utilisateur": 1,
      "image_produit": "amoxicilline.jpg",
      "nom_produit": "Amoxicilline 500mg",
      "prix_achat": "2.50",
      "prix_vente": "5.00",
      "quantite": 78,
      "unite_mesure": null,
      "utilisateur_email": "admin@pharma.com",
      "utilisateur_nom": "Admin Principal"
    },
    {
      "actif": 1,
      "code_barre": "AMOX500",
      "date_ajout_produit": "19-09-2025",
      "date_approvisionnement": "20-04-2025",
      "date_expiration": "01-11-2026",
      "description": "Antibiotique large spectre",
      "fournisseur_contact": "M. Dupont",
      "fournisseur_email": "sales@globalmed.eu",
      "fournisseur_nom": "GlobalMed Europe",
2026-03-10T03:34:31.847Z | REQUEST  | GET | http://127.0.0.1:5000/api/master/list
2026-03-10T03:34:32.096Z | RESPONSE | GET | http://127.0.0.1:5000/api/master/list | 200 | ok=true | duration_ms=177 | {
  "data": [
    {
      "actif": 1,
      "code_barre": "AMOX500",
      "date_ajout_produit": "19-09-2025",
      "date_approvisionnement": "20-04-2025",
      "date_expiration": "20-04-2026",
      "description": "Antibiotique large spectre",
      "fournisseur_contact": "M. Kabila",
      "fournisseur_email": "contact@pharmadistrib.com",
      "fournisseur_nom": "PharmaDistrib RDC",
      "fournisseur_telephone": "+243900000001",
      "id_fournisseur": 1,
      "id_lot": 7,
      "id_produit": 2,
      "id_utilisateur": 1,
      "image_produit": "amoxicilline.jpg",
      "nom_produit": "Amoxicilline 500mg",
      "prix_achat": "2.30",
      "prix_vente": "5.00",
      "quantite": 26,
      "unite_mesure": null,
      "utilisateur_email": "admin@pharma.com",
      "utilisateur_nom": "Admin Principal"
    },
    {
      "actif": 1,
      "code_barre": "AMOX500",
      "date_ajout_produit": "19-09-2025",
      "date_approvisionnement": "20-04-2025",
      "date_expiration": "01-06-2026",
      "description": "Antibiotique large spectre",
      "fournisseur_contact": "Mme Mwamba",
      "fournisseur_email": "info@medsuppliers.com",
      "fournisseur_nom": "MedSuppliers Congo",
      "fournisseur_telephone": "+243900000002",
      "id_fournisseur": 2,
      "id_lot": 8,
      "id_produit": 2,
      "id_utilisateur": 1,
      "image_produit": "amoxicilline.jpg",
      "nom_produit": "Amoxicilline 500mg",
      "prix_achat": "2.50",
      "prix_vente": "5.00",
      "quantite": 78,
      "unite_mesure": null,
      "utilisateur_email": "admin@pharma.com",
      "utilisateur_nom": "Admin Principal"
    },
    {
      "actif": 1,
      "code_barre": "AMOX500",
      "date_ajout_produit": "19-09-2025",
      "date_approvisionnement": "20-04-2025",
      "date_expiration": "01-11-2026",
      "description": "Antibiotique large spectre",
      "fournisseur_contact": "M. Dupont",
      "fournisseur_email": "sales@globalmed.eu",
      "fournisseur_nom": "GlobalMed Europe",
2026-03-10T03:34:47.943Z | REQUEST  | GET | http://127.0.0.1:5000/api/master/list
2026-03-10T03:34:48.243Z | RESPONSE | GET | http://127.0.0.1:5000/api/master/list | 200 | ok=true | duration_ms=238 | {
  "data": [
    {
      "actif": 1,
      "code_barre": "AMOX500",
      "date_ajout_produit": "19-09-2025",
      "date_approvisionnement": "20-04-2025",
      "date_expiration": "20-04-2026",
      "description": "Antibiotique large spectre",
      "fournisseur_contact": "M. Kabila",
      "fournisseur_email": "contact@pharmadistrib.com",
      "fournisseur_nom": "PharmaDistrib RDC",
      "fournisseur_telephone": "+243900000001",
      "id_fournisseur": 1,
      "id_lot": 7,
      "id_produit": 2,
      "id_utilisateur": 1,
      "image_produit": "amoxicilline.jpg",
      "nom_produit": "Amoxicilline 500mg",
      "prix_achat": "2.30",
      "prix_vente": "5.00",
      "quantite": 26,
      "unite_mesure": null,
      "utilisateur_email": "admin@pharma.com",
      "utilisateur_nom": "Admin Principal"
    },
    {
      "actif": 1,
      "code_barre": "AMOX500",
      "date_ajout_produit": "19-09-2025",
      "date_approvisionnement": "20-04-2025",
      "date_expiration": "01-06-2026",
      "description": "Antibiotique large spectre",
      "fournisseur_contact": "Mme Mwamba",
      "fournisseur_email": "info@medsuppliers.com",
      "fournisseur_nom": "MedSuppliers Congo",
      "fournisseur_telephone": "+243900000002",
      "id_fournisseur": 2,
      "id_lot": 8,
      "id_produit": 2,
      "id_utilisateur": 1,
      "image_produit": "amoxicilline.jpg",
      "nom_produit": "Amoxicilline 500mg",
      "prix_achat": "2.50",
      "prix_vente": "5.00",
      "quantite": 78,
      "unite_mesure": null,
      "utilisateur_email": "admin@pharma.com",
      "utilisateur_nom": "Admin Principal"
    },
    {
      "actif": 1,
      "code_barre": "AMOX500",
      "date_ajout_produit": "19-09-2025",
      "date_approvisionnement": "20-04-2025",
      "date_expiration": "01-11-2026",
      "description": "Antibiotique large spectre",
      "fournisseur_contact": "M. Dupont",
      "fournisseur_email": "sales@globalmed.eu",
      "fournisseur_nom": "GlobalMed Europe",
2026-03-10T03:35:03.798Z | REQUEST  | GET | http://127.0.0.1:5000/api/master/list
2026-03-10T03:35:04.144Z | RESPONSE | GET | http://127.0.0.1:5000/api/master/list | 200 | ok=true | duration_ms=270 | {
  "data": [
    {
      "actif": 1,
      "code_barre": "AMOX500",
      "date_ajout_produit": "19-09-2025",
      "date_approvisionnement": "20-04-2025",
      "date_expiration": "20-04-2026",
      "description": "Antibiotique large spectre",
      "fournisseur_contact": "M. Kabila",
      "fournisseur_email": "contact@pharmadistrib.com",
      "fournisseur_nom": "PharmaDistrib RDC",
      "fournisseur_telephone": "+243900000001",
      "id_fournisseur": 1,
      "id_lot": 7,
      "id_produit": 2,
      "id_utilisateur": 1,
      "image_produit": "amoxicilline.jpg",
      "nom_produit": "Amoxicilline 500mg",
      "prix_achat": "2.30",
      "prix_vente": "5.00",
      "quantite": 26,
      "unite_mesure": null,
      "utilisateur_email": "admin@pharma.com",
      "utilisateur_nom": "Admin Principal"
    },
    {
      "actif": 1,
      "code_barre": "AMOX500",
      "date_ajout_produit": "19-09-2025",
      "date_approvisionnement": "20-04-2025",
      "date_expiration": "01-06-2026",
      "description": "Antibiotique large spectre",
      "fournisseur_contact": "Mme Mwamba",
      "fournisseur_email": "info@medsuppliers.com",
      "fournisseur_nom": "MedSuppliers Congo",
      "fournisseur_telephone": "+243900000002",
      "id_fournisseur": 2,
      "id_lot": 8,
      "id_produit": 2,
      "id_utilisateur": 1,
      "image_produit": "amoxicilline.jpg",
      "nom_produit": "Amoxicilline 500mg",
      "prix_achat": "2.50",
      "prix_vente": "5.00",
      "quantite": 78,
      "unite_mesure": null,
      "utilisateur_email": "admin@pharma.com",
      "utilisateur_nom": "Admin Principal"
    },
    {
      "actif": 1,
      "code_barre": "AMOX500",
      "date_ajout_produit": "19-09-2025",
      "date_approvisionnement": "20-04-2025",
      "date_expiration": "01-11-2026",
      "description": "Antibiotique large spectre",
      "fournisseur_contact": "M. Dupont",
      "fournisseur_email": "sales@globalmed.eu",
      "fournisseur_nom": "GlobalMed Europe",
2026-03-10T03:35:30.505Z | REQUEST  | GET | http://127.0.0.1:5000/api/master/list
2026-03-10T03:35:30.697Z | RESPONSE | GET | http://127.0.0.1:5000/api/master/list | 200 | ok=true | duration_ms=153 | {
  "data": [
    {
      "actif": 1,
      "code_barre": "AMOX500",
      "date_ajout_produit": "19-09-2025",
      "date_approvisionnement": "20-04-2025",
      "date_expiration": "20-04-2026",
      "description": "Antibiotique large spectre",
      "fournisseur_contact": "M. Kabila",
      "fournisseur_email": "contact@pharmadistrib.com",
      "fournisseur_nom": "PharmaDistrib RDC",
      "fournisseur_telephone": "+243900000001",
      "id_fournisseur": 1,
      "id_lot": 7,
      "id_produit": 2,
      "id_utilisateur": 1,
      "image_produit": "amoxicilline.jpg",
      "nom_produit": "Amoxicilline 500mg",
      "prix_achat": "2.30",
      "prix_vente": "5.00",
      "quantite": 26,
      "unite_mesure": null,
      "utilisateur_email": "admin@pharma.com",
      "utilisateur_nom": "Admin Principal"
    },
    {
      "actif": 1,
      "code_barre": "AMOX500",
      "date_ajout_produit": "19-09-2025",
      "date_approvisionnement": "20-04-2025",
      "date_expiration": "01-06-2026",
      "description": "Antibiotique large spectre",
      "fournisseur_contact": "Mme Mwamba",
      "fournisseur_email": "info@medsuppliers.com",
      "fournisseur_nom": "MedSuppliers Congo",
      "fournisseur_telephone": "+243900000002",
      "id_fournisseur": 2,
      "id_lot": 8,
      "id_produit": 2,
      "id_utilisateur": 1,
      "image_produit": "amoxicilline.jpg",
      "nom_produit": "Amoxicilline 500mg",
      "prix_achat": "2.50",
      "prix_vente": "5.00",
      "quantite": 78,
      "unite_mesure": null,
      "utilisateur_email": "admin@pharma.com",
      "utilisateur_nom": "Admin Principal"
    },
    {
      "actif": 1,
      "code_barre": "AMOX500",
      "date_ajout_produit": "19-09-2025",
      "date_approvisionnement": "20-04-2025",
      "date_expiration": "01-11-2026",
      "description": "Antibiotique large spectre",
      "fournisseur_contact": "M. Dupont",
      "fournisseur_email": "sales@globalmed.eu",
      "fournisseur_nom": "GlobalMed Europe",
2026-03-10T03:35:47.945Z | REQUEST  | GET | http://127.0.0.1:5000/api/master/list
2026-03-10T03:35:48.129Z | RESPONSE | GET | http://127.0.0.1:5000/api/master/list | 200 | ok=true | duration_ms=142 | {
  "data": [
    {
      "actif": 1,
      "code_barre": "AMOX500",
      "date_ajout_produit": "19-09-2025",
      "date_approvisionnement": "20-04-2025",
      "date_expiration": "20-04-2026",
      "description": "Antibiotique large spectre",
      "fournisseur_contact": "M. Kabila",
      "fournisseur_email": "contact@pharmadistrib.com",
      "fournisseur_nom": "PharmaDistrib RDC",
      "fournisseur_telephone": "+243900000001",
      "id_fournisseur": 1,
      "id_lot": 7,
      "id_produit": 2,
      "id_utilisateur": 1,
      "image_produit": "amoxicilline.jpg",
      "nom_produit": "Amoxicilline 500mg",
      "prix_achat": "2.30",
      "prix_vente": "5.00",
      "quantite": 26,
      "unite_mesure": null,
      "utilisateur_email": "admin@pharma.com",
      "utilisateur_nom": "Admin Principal"
    },
    {
      "actif": 1,
      "code_barre": "AMOX500",
      "date_ajout_produit": "19-09-2025",
      "date_approvisionnement": "20-04-2025",
      "date_expiration": "01-06-2026",
      "description": "Antibiotique large spectre",
      "fournisseur_contact": "Mme Mwamba",
      "fournisseur_email": "info@medsuppliers.com",
      "fournisseur_nom": "MedSuppliers Congo",
      "fournisseur_telephone": "+243900000002",
      "id_fournisseur": 2,
      "id_lot": 8,
      "id_produit": 2,
      "id_utilisateur": 1,
      "image_produit": "amoxicilline.jpg",
      "nom_produit": "Amoxicilline 500mg",
      "prix_achat": "2.50",
      "prix_vente": "5.00",
      "quantite": 78,
      "unite_mesure": null,
      "utilisateur_email": "admin@pharma.com",
      "utilisateur_nom": "Admin Principal"
    },
    {
      "actif": 1,
      "code_barre": "AMOX500",
      "date_ajout_produit": "19-09-2025",
      "date_approvisionnement": "20-04-2025",
      "date_expiration": "01-11-2026",
      "description": "Antibiotique large spectre",
      "fournisseur_contact": "M. Dupont",
      "fournisseur_email": "sales@globalmed.eu",
      "fournisseur_nom": "GlobalMed Europe",
2026-03-10T03:36:04.017Z | REQUEST  | GET | http://127.0.0.1:5000/api/master/list
2026-03-10T03:36:05.066Z | RESPONSE | GET | http://127.0.0.1:5000/api/master/list | 200 | ok=true | duration_ms=469 | {
  "data": [
    {
      "actif": 1,
      "code_barre": "AMOX500",
      "date_ajout_produit": "19-09-2025",
      "date_approvisionnement": "20-04-2025",
      "date_expiration": "20-04-2026",
      "description": "Antibiotique large spectre",
      "fournisseur_contact": "M. Kabila",
      "fournisseur_email": "contact@pharmadistrib.com",
      "fournisseur_nom": "PharmaDistrib RDC",
      "fournisseur_telephone": "+243900000001",
      "id_fournisseur": 1,
      "id_lot": 7,
      "id_produit": 2,
      "id_utilisateur": 1,
      "image_produit": "amoxicilline.jpg",
      "nom_produit": "Amoxicilline 500mg",
      "prix_achat": "2.30",
      "prix_vente": "5.00",
      "quantite": 26,
      "unite_mesure": null,
      "utilisateur_email": "admin@pharma.com",
      "utilisateur_nom": "Admin Principal"
    },
    {
      "actif": 1,
      "code_barre": "AMOX500",
      "date_ajout_produit": "19-09-2025",
      "date_approvisionnement": "20-04-2025",
      "date_expiration": "01-06-2026",
      "description": "Antibiotique large spectre",
      "fournisseur_contact": "Mme Mwamba",
      "fournisseur_email": "info@medsuppliers.com",
      "fournisseur_nom": "MedSuppliers Congo",
      "fournisseur_telephone": "+243900000002",
      "id_fournisseur": 2,
      "id_lot": 8,
      "id_produit": 2,
      "id_utilisateur": 1,
      "image_produit": "amoxicilline.jpg",
      "nom_produit": "Amoxicilline 500mg",
      "prix_achat": "2.50",
      "prix_vente": "5.00",
      "quantite": 78,
      "unite_mesure": null,
      "utilisateur_email": "admin@pharma.com",
      "utilisateur_nom": "Admin Principal"
    },
    {
      "actif": 1,
      "code_barre": "AMOX500",
      "date_ajout_produit": "19-09-2025",
      "date_approvisionnement": "20-04-2025",
      "date_expiration": "01-11-2026",
      "description": "Antibiotique large spectre",
      "fournisseur_contact": "M. Dupont",
      "fournisseur_email": "sales@globalmed.eu",
      "fournisseur_nom": "GlobalMed Europe",
2026-03-10T03:36:19.828Z | REQUEST  | GET | http://127.0.0.1:5000/api/master/list
2026-03-10T03:36:20.048Z | RESPONSE | GET | http://127.0.0.1:5000/api/master/list | 200 | ok=true | duration_ms=175 | {
  "data": [
    {
      "actif": 1,
      "code_barre": "AMOX500",
      "date_ajout_produit": "19-09-2025",
      "date_approvisionnement": "20-04-2025",
      "date_expiration": "20-04-2026",
      "description": "Antibiotique large spectre",
      "fournisseur_contact": "M. Kabila",
      "fournisseur_email": "contact@pharmadistrib.com",
      "fournisseur_nom": "PharmaDistrib RDC",
      "fournisseur_telephone": "+243900000001",
      "id_fournisseur": 1,
      "id_lot": 7,
      "id_produit": 2,
      "id_utilisateur": 1,
      "image_produit": "amoxicilline.jpg",
      "nom_produit": "Amoxicilline 500mg",
      "prix_achat": "2.30",
      "prix_vente": "5.00",
      "quantite": 26,
      "unite_mesure": null,
      "utilisateur_email": "admin@pharma.com",
      "utilisateur_nom": "Admin Principal"
    },
    {
      "actif": 1,
      "code_barre": "AMOX500",
      "date_ajout_produit": "19-09-2025",
      "date_approvisionnement": "20-04-2025",
      "date_expiration": "01-06-2026",
      "description": "Antibiotique large spectre",
      "fournisseur_contact": "Mme Mwamba",
      "fournisseur_email": "info@medsuppliers.com",
      "fournisseur_nom": "MedSuppliers Congo",
      "fournisseur_telephone": "+243900000002",
      "id_fournisseur": 2,
      "id_lot": 8,
      "id_produit": 2,
      "id_utilisateur": 1,
      "image_produit": "amoxicilline.jpg",
      "nom_produit": "Amoxicilline 500mg",
      "prix_achat": "2.50",
      "prix_vente": "5.00",
      "quantite": 78,
      "unite_mesure": null,
      "utilisateur_email": "admin@pharma.com",
      "utilisateur_nom": "Admin Principal"
    },
    {
      "actif": 1,
      "code_barre": "AMOX500",
      "date_ajout_produit": "19-09-2025",
      "date_approvisionnement": "20-04-2025",
      "date_expiration": "01-11-2026",
      "description": "Antibiotique large spectre",
      "fournisseur_contact": "M. Dupont",
      "fournisseur_email": "sales@globalmed.eu",
      "fournisseur_nom": "GlobalMed Europe",
2026-03-10T03:36:35.781Z | REQUEST  | GET | http://127.0.0.1:5000/api/master/list
2026-03-10T03:36:36.030Z | RESPONSE | GET | http://127.0.0.1:5000/api/master/list | 200 | ok=true | duration_ms=189 | {
  "data": [
    {
      "actif": 1,
      "code_barre": "AMOX500",
      "date_ajout_produit": "19-09-2025",
      "date_approvisionnement": "20-04-2025",
      "date_expiration": "20-04-2026",
      "description": "Antibiotique large spectre",
      "fournisseur_contact": "M. Kabila",
      "fournisseur_email": "contact@pharmadistrib.com",
      "fournisseur_nom": "PharmaDistrib RDC",
      "fournisseur_telephone": "+243900000001",
      "id_fournisseur": 1,
      "id_lot": 7,
      "id_produit": 2,
      "id_utilisateur": 1,
      "image_produit": "amoxicilline.jpg",
      "nom_produit": "Amoxicilline 500mg",
      "prix_achat": "2.30",
      "prix_vente": "5.00",
      "quantite": 26,
      "unite_mesure": null,
      "utilisateur_email": "admin@pharma.com",
      "utilisateur_nom": "Admin Principal"
    },
    {
      "actif": 1,
      "code_barre": "AMOX500",
      "date_ajout_produit": "19-09-2025",
      "date_approvisionnement": "20-04-2025",
      "date_expiration": "01-06-2026",
      "description": "Antibiotique large spectre",
      "fournisseur_contact": "Mme Mwamba",
      "fournisseur_email": "info@medsuppliers.com",
      "fournisseur_nom": "MedSuppliers Congo",
      "fournisseur_telephone": "+243900000002",
      "id_fournisseur": 2,
      "id_lot": 8,
      "id_produit": 2,
      "id_utilisateur": 1,
      "image_produit": "amoxicilline.jpg",
      "nom_produit": "Amoxicilline 500mg",
      "prix_achat": "2.50",
      "prix_vente": "5.00",
      "quantite": 78,
      "unite_mesure": null,
      "utilisateur_email": "admin@pharma.com",
      "utilisateur_nom": "Admin Principal"
    },
    {
      "actif": 1,
      "code_barre": "AMOX500",
      "date_ajout_produit": "19-09-2025",
      "date_approvisionnement": "20-04-2025",
      "date_expiration": "01-11-2026",
      "description": "Antibiotique large spectre",
      "fournisseur_contact": "M. Dupont",
      "fournisseur_email": "sales@globalmed.eu",
      "fournisseur_nom": "GlobalMed Europe",
2026-03-10T03:37:04.072Z | REQUEST  | GET | http://127.0.0.1:5000/api/master/list
2026-03-10T03:37:04.265Z | RESPONSE | GET | http://127.0.0.1:5000/api/master/list | 200 | ok=true | duration_ms=170 | {
  "data": [
    {
      "actif": 1,
      "code_barre": "AMOX500",
      "date_ajout_produit": "19-09-2025",
      "date_approvisionnement": "20-04-2025",
      "date_expiration": "20-04-2026",
      "description": "Antibiotique large spectre",
      "fournisseur_contact": "M. Kabila",
      "fournisseur_email": "contact@pharmadistrib.com",
      "fournisseur_nom": "PharmaDistrib RDC",
      "fournisseur_telephone": "+243900000001",
      "id_fournisseur": 1,
      "id_lot": 7,
      "id_produit": 2,
      "id_utilisateur": 1,
      "image_produit": "amoxicilline.jpg",
      "nom_produit": "Amoxicilline 500mg",
      "prix_achat": "2.30",
      "prix_vente": "5.00",
      "quantite": 26,
      "unite_mesure": null,
      "utilisateur_email": "admin@pharma.com",
      "utilisateur_nom": "Admin Principal"
    },
    {
      "actif": 1,
      "code_barre": "AMOX500",
      "date_ajout_produit": "19-09-2025",
      "date_approvisionnement": "20-04-2025",
      "date_expiration": "01-06-2026",
      "description": "Antibiotique large spectre",
      "fournisseur_contact": "Mme Mwamba",
      "fournisseur_email": "info@medsuppliers.com",
      "fournisseur_nom": "MedSuppliers Congo",
      "fournisseur_telephone": "+243900000002",
      "id_fournisseur": 2,
      "id_lot": 8,
      "id_produit": 2,
      "id_utilisateur": 1,
      "image_produit": "amoxicilline.jpg",
      "nom_produit": "Amoxicilline 500mg",
      "prix_achat": "2.50",
      "prix_vente": "5.00",
      "quantite": 78,
      "unite_mesure": null,
      "utilisateur_email": "admin@pharma.com",
      "utilisateur_nom": "Admin Principal"
    },
    {
      "actif": 1,
      "code_barre": "AMOX500",
      "date_ajout_produit": "19-09-2025",
      "date_approvisionnement": "20-04-2025",
      "date_expiration": "01-11-2026",
      "description": "Antibiotique large spectre",
      "fournisseur_contact": "M. Dupont",
      "fournisseur_email": "sales@globalmed.eu",
      "fournisseur_nom": "GlobalMed Europe",
2026-03-10T03:37:21.261Z | REQUEST  | GET | http://127.0.0.1:5000/api/master/list
2026-03-10T03:37:21.415Z | RESPONSE | GET | http://127.0.0.1:5000/api/master/list | 200 | ok=true | duration_ms=121 | {
  "data": [
    {
      "actif": 1,
      "code_barre": "AMOX500",
      "date_ajout_produit": "19-09-2025",
      "date_approvisionnement": "20-04-2025",
      "date_expiration": "20-04-2026",
      "description": "Antibiotique large spectre",
      "fournisseur_contact": "M. Kabila",
      "fournisseur_email": "contact@pharmadistrib.com",
      "fournisseur_nom": "PharmaDistrib RDC",
      "fournisseur_telephone": "+243900000001",
      "id_fournisseur": 1,
      "id_lot": 7,
      "id_produit": 2,
      "id_utilisateur": 1,
      "image_produit": "amoxicilline.jpg",
      "nom_produit": "Amoxicilline 500mg",
      "prix_achat": "2.30",
      "prix_vente": "5.00",
      "quantite": 26,
      "unite_mesure": null,
      "utilisateur_email": "admin@pharma.com",
      "utilisateur_nom": "Admin Principal"
    },
    {
      "actif": 1,
      "code_barre": "AMOX500",
      "date_ajout_produit": "19-09-2025",
      "date_approvisionnement": "20-04-2025",
      "date_expiration": "01-06-2026",
      "description": "Antibiotique large spectre",
      "fournisseur_contact": "Mme Mwamba",
      "fournisseur_email": "info@medsuppliers.com",
      "fournisseur_nom": "MedSuppliers Congo",
      "fournisseur_telephone": "+243900000002",
      "id_fournisseur": 2,
      "id_lot": 8,
      "id_produit": 2,
      "id_utilisateur": 1,
      "image_produit": "amoxicilline.jpg",
      "nom_produit": "Amoxicilline 500mg",
      "prix_achat": "2.50",
      "prix_vente": "5.00",
      "quantite": 78,
      "unite_mesure": null,
      "utilisateur_email": "admin@pharma.com",
      "utilisateur_nom": "Admin Principal"
    },
    {
      "actif": 1,
      "code_barre": "AMOX500",
      "date_ajout_produit": "19-09-2025",
      "date_approvisionnement": "20-04-2025",
      "date_expiration": "01-11-2026",
      "description": "Antibiotique large spectre",
      "fournisseur_contact": "M. Dupont",
      "fournisseur_email": "sales@globalmed.eu",
      "fournisseur_nom": "GlobalMed Europe",
2026-03-10T03:37:36.839Z | REQUEST  | GET | http://127.0.0.1:5000/api/master/list
2026-03-10T03:37:37.047Z | RESPONSE | GET | http://127.0.0.1:5000/api/master/list | 200 | ok=true | duration_ms=165 | {
  "data": [
    {
      "actif": 1,
      "code_barre": "AMOX500",
      "date_ajout_produit": "19-09-2025",
      "date_approvisionnement": "20-04-2025",
      "date_expiration": "20-04-2026",
      "description": "Antibiotique large spectre",
      "fournisseur_contact": "M. Kabila",
      "fournisseur_email": "contact@pharmadistrib.com",
      "fournisseur_nom": "PharmaDistrib RDC",
      "fournisseur_telephone": "+243900000001",
      "id_fournisseur": 1,
      "id_lot": 7,
      "id_produit": 2,
      "id_utilisateur": 1,
      "image_produit": "amoxicilline.jpg",
      "nom_produit": "Amoxicilline 500mg",
      "prix_achat": "2.30",
      "prix_vente": "5.00",
      "quantite": 26,
      "unite_mesure": null,
      "utilisateur_email": "admin@pharma.com",
      "utilisateur_nom": "Admin Principal"
    },
    {
      "actif": 1,
      "code_barre": "AMOX500",
      "date_ajout_produit": "19-09-2025",
      "date_approvisionnement": "20-04-2025",
      "date_expiration": "01-06-2026",
      "description": "Antibiotique large spectre",
      "fournisseur_contact": "Mme Mwamba",
      "fournisseur_email": "info@medsuppliers.com",
      "fournisseur_nom": "MedSuppliers Congo",
      "fournisseur_telephone": "+243900000002",
      "id_fournisseur": 2,
      "id_lot": 8,
      "id_produit": 2,
      "id_utilisateur": 1,
      "image_produit": "amoxicilline.jpg",
      "nom_produit": "Amoxicilline 500mg",
      "prix_achat": "2.50",
      "prix_vente": "5.00",
      "quantite": 78,
      "unite_mesure": null,
      "utilisateur_email": "admin@pharma.com",
      "utilisateur_nom": "Admin Principal"
    },
    {
      "actif": 1,
      "code_barre": "AMOX500",
      "date_ajout_produit": "19-09-2025",
      "date_approvisionnement": "20-04-2025",
      "date_expiration": "01-11-2026",
      "description": "Antibiotique large spectre",
      "fournisseur_contact": "M. Dupont",
      "fournisseur_email": "sales@globalmed.eu",
      "fournisseur_nom": "GlobalMed Europe",
