2026-02-21T06:07:47.615Z | REQUEST  | POST | http://127.0.0.1:5000/api/dashboard/query
2026-02-21T06:07:47.618Z | REQUEST  | POST | http://127.0.0.1:5000/api/dashboard/query
2026-02-21T06:07:47.620Z | REQUEST  | POST | http://127.0.0.1:5000/api/dashboard/query
2026-02-21T06:07:47.621Z | REQUEST  | POST | http://127.0.0.1:5000/api/dashboard/query
2026-02-21T06:07:47.621Z | REQUEST  | POST | http://127.0.0.1:5000/api/dashboard/query
2026-02-21T06:07:47.622Z | REQUEST  | POST | http://127.0.0.1:5000/api/dashboard/query
2026-02-21T06:07:47.623Z | REQUEST  | POST | http://127.0.0.1:5000/api/dashboard/query
2026-02-21T06:07:47.625Z | REQUEST  | POST | http://127.0.0.1:5000/api/dashboard/query
2026-02-21T06:07:47.626Z | REQUEST  | POST | http://127.0.0.1:5000/api/dashboard/query
2026-02-21T06:07:47.627Z | REQUEST  | POST | http://127.0.0.1:5000/api/dashboard/query
2026-02-21T06:07:47.629Z | REQUEST  | POST | http://127.0.0.1:5000/api/dashboard/query
2026-02-21T06:07:47.630Z | REQUEST  | POST | http://127.0.0.1:5000/api/dashboard/query
2026-02-21T06:07:47.632Z | REQUEST  | POST | http://127.0.0.1:5000/api/dashboard/query
2026-02-21T06:07:47.638Z | REQUEST  | POST | http://127.0.0.1:5000/api/dashboard/query
2026-02-21T06:07:47.639Z | REQUEST  | POST | http://127.0.0.1:5000/api/dashboard/query
2026-02-21T06:07:47.641Z | REQUEST  | POST | http://127.0.0.1:5000/api/dashboard/query
2026-02-21T06:07:47.642Z | REQUEST  | POST | http://127.0.0.1:5000/api/dashboard/query
2026-02-21T06:07:47.643Z | REQUEST  | POST | http://127.0.0.1:5000/api/dashboard/query
2026-02-21T06:07:47.644Z | REQUEST  | POST | http://127.0.0.1:5000/api/dashboard/query
2026-02-21T06:07:48.087Z | RESPONSE | POST | http://127.0.0.1:5000/api/dashboard/query | 200 | ok=true | duration_ms=471 | {
  "data": [
    {
      "ca_jour": "14.00"
    }
  ],
  "name": "kpi_ca_jour",
  "success": true
}
2026-02-21T06:07:48.095Z | RESPONSE | POST | http://127.0.0.1:5000/api/dashboard/query | 200 | ok=true | duration_ms=475 | {
  "data": [
    {
      "nb_ventes_jour": 1
    }
  ],
  "name": "kpi_nb_ventes_jour",
  "success": true
}
2026-02-21T06:07:48.099Z | RESPONSE | POST | http://127.0.0.1:5000/api/dashboard/query | 200 | ok=true | duration_ms=478 | {
  "data": [
    {
      "nb_alertes_stock": 2
    }
  ],
  "name": "kpi_nb_alertes_stock",
  "success": true
}
2026-02-21T06:07:48.112Z | RESPONSE | POST | http://127.0.0.1:5000/api/dashboard/query | 200 | ok=true | duration_ms=487 | {
  "data": [
    {
      "valeur_stock": "9270.25"
    }
  ],
  "name": "kpi_valeur_stock",
  "success": true
}
2026-02-21T06:07:48.146Z | RESPONSE | POST | http://127.0.0.1:5000/api/dashboard/query | 200 | ok=true | duration_ms=525 | {
  "data": [
    {
      "nb_produits_actifs": 11
    }
  ],
  "name": "kpi_nb_produits_actifs",
  "success": true
}
2026-02-21T06:07:48.173Z | RESPONSE | POST | http://127.0.0.1:5000/api/dashboard/query | 200 | ok=true | duration_ms=550 | {
  "data": [
    {
      "ca_ytd": "650.25"
    }
  ],
  "name": "kpi_ca_ytd",
  "success": true
}
2026-02-21T06:07:48.210Z | RESPONSE | POST | http://127.0.0.1:5000/api/dashboard/query | 200 | ok=true | duration_ms=580 | {
  "data": [
    {
      "nb_produits_expires_en_stock": 8
    }
  ],
  "name": "kpi_nb_produits_expires_en_stock",
  "success": true
}
2026-02-21T06:07:48.212Z | RESPONSE | POST | http://127.0.0.1:5000/api/dashboard/query | 200 | ok=true | duration_ms=586 | {
  "data": [
    {
      "marge_brute_30j": "-765.00"
    }
  ],
  "name": "kpi_marge_brute_30j",
  "success": true
}
2026-02-21T06:07:48.264Z | RESPONSE | POST | http://127.0.0.1:5000/api/dashboard/query | 200 | ok=true | duration_ms=636 | {
  "data": [
    {
      "nb_fournisseurs_30j": 0
    }
  ],
  "name": "kpi_nb_fournisseurs_30j",
  "success": true
}
2026-02-21T06:07:48.292Z | RESPONSE | POST | http://127.0.0.1:5000/api/dashboard/query | 200 | ok=true | duration_ms=664 | {
  "data": [
    {
      "jour": "Fri, 30 Jan 2026 00:00:00 GMT",
      "total_vente": "111.00"
    },
    {
      "jour": "Tue, 17 Feb 2026 00:00:00 GMT",
      "total_vente": "15.00"
    },
    {
      "jour": "Wed, 18 Feb 2026 00:00:00 GMT",
      "total_vente": "10.00"
    },
    {
      "jour": "Sat, 21 Feb 2026 00:00:00 GMT",
      "total_vente": "14.00"
    }
  ],
  "name": "chart_ventes_30j",
  "success": true
}
2026-02-21T06:07:48.321Z | RESPONSE | POST | http://127.0.0.1:5000/api/dashboard/query | 200 | ok=true | duration_ms=686 | {
  "data": [
    {
      "ca_mois": "611.25",
      "mois": "2026-01"
    },
    {
      "ca_mois": "39.00",
      "mois": "2026-02"
    }
  ],
  "name": "chart_ca_mensuel_ytd",
  "success": true
}
2026-02-21T06:07:48.338Z | RESPONSE | POST | http://127.0.0.1:5000/api/dashboard/query | 200 | ok=true | duration_ms=701 | {
  "data": [
    {
      "an_semaine": 202601,
      "ca_semaine": "694.18",
      "debut_semaine": "Tue, 30 Dec 2025 00:00:00 GMT"
    },
    {
      "an_semaine": 202602,
      "ca_semaine": "76.50",
      "debut_semaine": "Tue, 06 Jan 2026 00:00:00 GMT"
    },
    {
      "an_semaine": 202603,
      "ca_semaine": "33.00",
      "debut_semaine": "Fri, 16 Jan 2026 00:00:00 GMT"
    },
    {
      "an_semaine": 202605,
      "ca_semaine": "111.00",
      "debut_semaine": "Fri, 30 Jan 2026 00:00:00 GMT"
    },
    {
      "an_semaine": 202608,
      "ca_semaine": "39.00",
      "debut_semaine": "Tue, 17 Feb 2026 00:00:00 GMT"
    }
  ],
  "name": "chart_ca_par_semaine_12",
  "success": true
}
2026-02-21T06:07:48.360Z | RESPONSE | POST | http://127.0.0.1:5000/api/dashboard/query | 200 | ok=true | duration_ms=727 | {
  "data": [
    {
      "produit": "Dexam??thasone 4ml/ml",
      "total_vendu": "8"
    },
    {
      "produit": "Dolaren plus 250mg",
      "total_vendu": "2"
    },
    {
      "produit": "Amoxicilline 500mg",
      "total_vendu": "2"
    },
    {
      "produit": "Bleu de m??thyl??ne 2%",
      "total_vendu": "2"
    },
    {
      "produit": "IBUCAP FORTE",
      "total_vendu": "2"
    }
  ],
  "name": "top5_produits_30j",
  "success": true
}
2026-02-21T06:07:48.405Z | RESPONSE | POST | http://127.0.0.1:5000/api/dashboard/query | 200 | ok=true | duration_ms=766 | {
  "data": [
    {
      "ca": "121.00",
      "category": "Douleur"
    },
    {
      "ca": "120.00",
      "category": "Cortico"
    },
    {
      "ca": "20.00",
      "category": "Antidote"
    },
    {
      "ca": "15.00",
      "category": "Anti Inflamatoire"
    },
    {
      "ca": "10.00",
      "category": "Antibio"
    }
  ],
  "name": "repartition_categorie_30j",
  "success": true
}
2026-02-21T06:07:48.435Z | RESPONSE | POST | http://127.0.0.1:5000/api/dashboard/query | 200 | ok=true | duration_ms=778 | {
  "data": [],
  "name": "chart_top_fournisseurs_30j",
  "success": true
}
2026-02-21T06:07:48.439Z | RESPONSE | POST | http://127.0.0.1:5000/api/dashboard/query | 200 | ok=true | duration_ms=797 | {
  "data": [],
  "name": "alertes_expiration_30j",
  "success": true
}
2026-02-21T06:07:48.457Z | RESPONSE | POST | http://127.0.0.1:5000/api/dashboard/query | 200 | ok=true | duration_ms=814 | {
  "data": [
    {
      "produit": "Sirop Toux",
      "seuil": 700,
      "total_stock": "129"
    },
    {
      "produit": "Amoxicilline 500mg",
      "seuil": 700,
      "total_stock": "315"
    }
  ],
  "name": "stock_bas",
  "success": true
}
2026-02-21T06:07:48.463Z | RESPONSE | POST | http://127.0.0.1:5000/api/dashboard/query | 200 | ok=true | duration_ms=819 | {
  "data": [
    {
      "produit": "Tramadol 50mg",
      "total_stock": "348"
    },
    {
      "produit": "Amoxicilline 500mg",
      "total_stock": "315"
    },
    {
      "produit": "Vitamine C 1000mg",
      "total_stock": "266"
    },
    {
      "produit": "Paracetamol 500mg",
      "total_stock": "195"
    },
    {
      "produit": "Sirop Toux",
      "total_stock": "129"
    },
    {
      "produit": "Bleu de m??thyl??ne 2%",
      "total_stock": "128"
    },
    {
      "produit": "Ibuprof??ne 400mg",
      "total_stock": "120"
    },
    {
      "produit": "Dolaren plus 250mg",
      "total_stock": "30"
    },
    {
      "produit": "Dexam??thasone 4ml/ml",
      "total_stock": "26"
    },
    {
      "produit": "Albendazole 400mg",
      "total_stock": "13"
    },
    {
      "produit": "IBUCAP FORTE",
      "total_stock": "8"
    }
  ],
  "name": "resume_stock",
  "success": true
}
2026-02-21T06:07:48.474Z | RESPONSE | POST | http://127.0.0.1:5000/api/dashboard/query | 200 | ok=true | duration_ms=830 | {
  "data": [
    {
      "ca": "172.44",
      "jour": "Tue, 30 Dec 2025 00:00:00 GMT",
      "sma7": "172.440000"
    },
    {
      "ca": "130.99",
      "jour": "Wed, 31 Dec 2025 00:00:00 GMT",
      "sma7": "151.715000"
    },
    {
      "ca": "67.00",
      "jour": "Fri, 02 Jan 2026 00:00:00 GMT",
      "sma7": "123.476667"
    },
    {
      "ca": "323.75",
      "jour": "Sun, 04 Jan 2026 00:00:00 GMT",
      "sma7": "173.545000"
    },
    {
      "ca": "76.50",
      "jour": "Tue, 06 Jan 2026 00:00:00 GMT",
      "sma7": "154.136000"
    },
    {
      "ca": "33.00",
      "jour": "Fri, 16 Jan 2026 00:00:00 GMT",
      "sma7": "133.946667"
    },
    {
      "ca": "111.00",
      "jour": "Fri, 30 Jan 2026 00:00:00 GMT",
      "sma7": "130.668571"
    },
    {
      "ca": "15.00",
      "jour": "Tue, 17 Feb 2026 00:00:00 GMT",
      "sma7": "108.177143"
    },
    {
      "ca": "10.00",
      "jour": "Wed, 18 Feb 2026 00:00:00 GMT",
      "sma7": "90.892857"
    },
    {
      "ca": "14.00",
      "jour": "Sat, 21 Feb 2026 00:00:00 GMT",
      "sma7": "83.321429"
    }
  ],
  "name": "forecast_sma7",
  "success": true
}
2026-02-21T06:08:03.100Z | REQUEST  | POST | http://127.0.0.1:5000/api/dashboard/query
2026-02-21T06:08:03.101Z | REQUEST  | POST | http://127.0.0.1:5000/api/dashboard/query
2026-02-21T06:08:03.102Z | REQUEST  | POST | http://127.0.0.1:5000/api/dashboard/query
2026-02-21T06:08:03.105Z | REQUEST  | POST | http://127.0.0.1:5000/api/dashboard/query
2026-02-21T06:08:03.106Z | REQUEST  | POST | http://127.0.0.1:5000/api/dashboard/query
2026-02-21T06:08:03.108Z | REQUEST  | POST | http://127.0.0.1:5000/api/dashboard/query
2026-02-21T06:08:03.110Z | REQUEST  | POST | http://127.0.0.1:5000/api/dashboard/query
2026-02-21T06:08:03.111Z | REQUEST  | POST | http://127.0.0.1:5000/api/dashboard/query
2026-02-21T06:08:03.113Z | REQUEST  | POST | http://127.0.0.1:5000/api/dashboard/query
2026-02-21T06:08:03.114Z | REQUEST  | POST | http://127.0.0.1:5000/api/dashboard/query
2026-02-21T06:08:03.120Z | REQUEST  | POST | http://127.0.0.1:5000/api/dashboard/query
2026-02-21T06:08:03.121Z | REQUEST  | POST | http://127.0.0.1:5000/api/dashboard/query
2026-02-21T06:08:03.122Z | REQUEST  | POST | http://127.0.0.1:5000/api/dashboard/query
2026-02-21T06:08:03.124Z | REQUEST  | POST | http://127.0.0.1:5000/api/dashboard/query
2026-02-21T06:08:03.125Z | REQUEST  | POST | http://127.0.0.1:5000/api/dashboard/query
2026-02-21T06:08:03.126Z | REQUEST  | POST | http://127.0.0.1:5000/api/dashboard/query
2026-02-21T06:08:03.128Z | REQUEST  | POST | http://127.0.0.1:5000/api/dashboard/query
2026-02-21T06:08:03.129Z | REQUEST  | POST | http://127.0.0.1:5000/api/dashboard/query
2026-02-21T06:08:03.131Z | REQUEST  | POST | http://127.0.0.1:5000/api/dashboard/query
2026-02-21T06:08:03.905Z | RESPONSE | POST | http://127.0.0.1:5000/api/dashboard/query | 200 | ok=true | duration_ms=804 | {
  "data": [
    {
      "ca_jour": "14.00"
    }
  ],
  "name": "kpi_ca_jour",
  "success": true
}
2026-02-21T06:08:03.917Z | RESPONSE | POST | http://127.0.0.1:5000/api/dashboard/query | 200 | ok=true | duration_ms=808 | {
  "data": [
    {
      "ca_ytd": "650.25"
    }
  ],
  "name": "kpi_ca_ytd",
  "success": true
}
2026-02-21T06:08:03.951Z | RESPONSE | POST | http://127.0.0.1:5000/api/dashboard/query | 200 | ok=true | duration_ms=844 | {
  "data": [
    {
      "valeur_stock": "9270.25"
    }
  ],
  "name": "kpi_valeur_stock",
  "success": true
}
2026-02-21T06:08:03.967Z | RESPONSE | POST | http://127.0.0.1:5000/api/dashboard/query | 200 | ok=true | duration_ms=861 | {
  "data": [
    {
      "nb_produits_actifs": 11
    }
  ],
  "name": "kpi_nb_produits_actifs",
  "success": true
}
2026-02-21T06:08:03.982Z | RESPONSE | POST | http://127.0.0.1:5000/api/dashboard/query | 200 | ok=true | duration_ms=879 | {
  "data": [
    {
      "nb_alertes_stock": 2
    }
  ],
  "name": "kpi_nb_alertes_stock",
  "success": true
}
2026-02-21T06:08:03.997Z | RESPONSE | POST | http://127.0.0.1:5000/api/dashboard/query | 200 | ok=true | duration_ms=894 | {
  "data": [
    {
      "nb_ventes_jour": 1
    }
  ],
  "name": "kpi_nb_ventes_jour",
  "success": true
}
2026-02-21T06:08:04.010Z | RESPONSE | POST | http://127.0.0.1:5000/api/dashboard/query | 200 | ok=true | duration_ms=899 | {
  "data": [
    {
      "nb_produits_expires_en_stock": 8
    }
  ],
  "name": "kpi_nb_produits_expires_en_stock",
  "success": true
}
2026-02-21T06:08:04.021Z | RESPONSE | POST | http://127.0.0.1:5000/api/dashboard/query | 200 | ok=true | duration_ms=908 | {
  "data": [
    {
      "marge_brute_30j": "-765.00"
    }
  ],
  "name": "kpi_marge_brute_30j",
  "success": true
}
2026-02-21T06:08:04.038Z | RESPONSE | POST | http://127.0.0.1:5000/api/dashboard/query | 200 | ok=true | duration_ms=925 | {
  "data": [
    {
      "nb_fournisseurs_30j": 0
    }
  ],
  "name": "kpi_nb_fournisseurs_30j",
  "success": true
}
2026-02-21T06:08:04.050Z | RESPONSE | POST | http://127.0.0.1:5000/api/dashboard/query | 200 | ok=true | duration_ms=935 | {
  "data": [
    {
      "jour": "Fri, 30 Jan 2026 00:00:00 GMT",
      "total_vente": "111.00"
    },
    {
      "jour": "Tue, 17 Feb 2026 00:00:00 GMT",
      "total_vente": "15.00"
    },
    {
      "jour": "Wed, 18 Feb 2026 00:00:00 GMT",
      "total_vente": "10.00"
    },
    {
      "jour": "Sat, 21 Feb 2026 00:00:00 GMT",
      "total_vente": "14.00"
    }
  ],
  "name": "chart_ventes_30j",
  "success": true
}
2026-02-21T06:08:04.063Z | RESPONSE | POST | http://127.0.0.1:5000/api/dashboard/query | 200 | ok=true | duration_ms=942 | {
  "data": [
    {
      "ca_mois": "611.25",
      "mois": "2026-01"
    },
    {
      "ca_mois": "39.00",
      "mois": "2026-02"
    }
  ],
  "name": "chart_ca_mensuel_ytd",
  "success": true
}
2026-02-21T06:08:04.078Z | RESPONSE | POST | http://127.0.0.1:5000/api/dashboard/query | 200 | ok=true | duration_ms=955 | {
  "data": [
    {
      "an_semaine": 202601,
      "ca_semaine": "694.18",
      "debut_semaine": "Tue, 30 Dec 2025 00:00:00 GMT"
    },
    {
      "an_semaine": 202602,
      "ca_semaine": "76.50",
      "debut_semaine": "Tue, 06 Jan 2026 00:00:00 GMT"
    },
    {
      "an_semaine": 202603,
      "ca_semaine": "33.00",
      "debut_semaine": "Fri, 16 Jan 2026 00:00:00 GMT"
    },
    {
      "an_semaine": 202605,
      "ca_semaine": "111.00",
      "debut_semaine": "Fri, 30 Jan 2026 00:00:00 GMT"
    },
    {
      "an_semaine": 202608,
      "ca_semaine": "39.00",
      "debut_semaine": "Tue, 17 Feb 2026 00:00:00 GMT"
    }
  ],
  "name": "chart_ca_par_semaine_12",
  "success": true
}
2026-02-21T06:08:04.083Z | RESPONSE | POST | http://127.0.0.1:5000/api/dashboard/query | 200 | ok=true | duration_ms=960 | {
  "data": [
    {
      "produit": "Dexam??thasone 4ml/ml",
      "total_vendu": "8"
    },
    {
      "produit": "Dolaren plus 250mg",
      "total_vendu": "2"
    },
    {
      "produit": "Amoxicilline 500mg",
      "total_vendu": "2"
    },
    {
      "produit": "Bleu de m??thyl??ne 2%",
      "total_vendu": "2"
    },
    {
      "produit": "IBUCAP FORTE",
      "total_vendu": "2"
    }
  ],
  "name": "top5_produits_30j",
  "success": true
}
2026-02-21T06:08:04.092Z | RESPONSE | POST | http://127.0.0.1:5000/api/dashboard/query | 200 | ok=true | duration_ms=968 | {
  "data": [
    {
      "ca": "121.00",
      "category": "Douleur"
    },
    {
      "ca": "120.00",
      "category": "Cortico"
    },
    {
      "ca": "20.00",
      "category": "Antidote"
    },
    {
      "ca": "15.00",
      "category": "Anti Inflamatoire"
    },
    {
      "ca": "10.00",
      "category": "Antibio"
    }
  ],
  "name": "repartition_categorie_30j",
  "success": true
}
2026-02-21T06:08:04.102Z | RESPONSE | POST | http://127.0.0.1:5000/api/dashboard/query | 200 | ok=true | duration_ms=976 | {
  "data": [],
  "name": "chart_top_fournisseurs_30j",
  "success": true
}
2026-02-21T06:08:04.105Z | RESPONSE | POST | http://127.0.0.1:5000/api/dashboard/query | 200 | ok=true | duration_ms=978 | {
  "data": [],
  "name": "alertes_expiration_30j",
  "success": true
}
2026-02-21T06:08:04.119Z | RESPONSE | POST | http://127.0.0.1:5000/api/dashboard/query | 200 | ok=true | duration_ms=991 | {
  "data": [
    {
      "produit": "Sirop Toux",
      "seuil": 700,
      "total_stock": "129"
    },
    {
      "produit": "Amoxicilline 500mg",
      "seuil": 700,
      "total_stock": "315"
    }
  ],
  "name": "stock_bas",
  "success": true
}
2026-02-21T06:08:04.135Z | RESPONSE | POST | http://127.0.0.1:5000/api/dashboard/query | 200 | ok=true | duration_ms=1005 | {
  "data": [
    {
      "produit": "Tramadol 50mg",
      "total_stock": "348"
    },
    {
      "produit": "Amoxicilline 500mg",
      "total_stock": "315"
    },
    {
      "produit": "Vitamine C 1000mg",
      "total_stock": "266"
    },
    {
      "produit": "Paracetamol 500mg",
      "total_stock": "195"
    },
    {
      "produit": "Sirop Toux",
      "total_stock": "129"
    },
    {
      "produit": "Bleu de m??thyl??ne 2%",
      "total_stock": "128"
    },
    {
      "produit": "Ibuprof??ne 400mg",
      "total_stock": "120"
    },
    {
      "produit": "Dolaren plus 250mg",
      "total_stock": "30"
    },
    {
      "produit": "Dexam??thasone 4ml/ml",
      "total_stock": "26"
    },
    {
      "produit": "Albendazole 400mg",
      "total_stock": "13"
    },
    {
      "produit": "IBUCAP FORTE",
      "total_stock": "8"
    }
  ],
  "name": "resume_stock",
  "success": true
}
2026-02-21T06:08:04.150Z | RESPONSE | POST | http://127.0.0.1:5000/api/dashboard/query | 200 | ok=true | duration_ms=1019 | {
  "data": [
    {
      "ca": "172.44",
      "jour": "Tue, 30 Dec 2025 00:00:00 GMT",
      "sma7": "172.440000"
    },
    {
      "ca": "130.99",
      "jour": "Wed, 31 Dec 2025 00:00:00 GMT",
      "sma7": "151.715000"
    },
    {
      "ca": "67.00",
      "jour": "Fri, 02 Jan 2026 00:00:00 GMT",
      "sma7": "123.476667"
    },
    {
      "ca": "323.75",
      "jour": "Sun, 04 Jan 2026 00:00:00 GMT",
      "sma7": "173.545000"
    },
    {
      "ca": "76.50",
      "jour": "Tue, 06 Jan 2026 00:00:00 GMT",
      "sma7": "154.136000"
    },
    {
      "ca": "33.00",
      "jour": "Fri, 16 Jan 2026 00:00:00 GMT",
      "sma7": "133.946667"
    },
    {
      "ca": "111.00",
      "jour": "Fri, 30 Jan 2026 00:00:00 GMT",
      "sma7": "130.668571"
    },
    {
      "ca": "15.00",
      "jour": "Tue, 17 Feb 2026 00:00:00 GMT",
      "sma7": "108.177143"
    },
    {
      "ca": "10.00",
      "jour": "Wed, 18 Feb 2026 00:00:00 GMT",
      "sma7": "90.892857"
    },
    {
      "ca": "14.00",
      "jour": "Sat, 21 Feb 2026 00:00:00 GMT",
      "sma7": "83.321429"
    }
  ],
  "name": "forecast_sma7",
  "success": true
}
2026-02-21T06:08:18.495Z | REQUEST  | POST | http://127.0.0.1:5000/api/dashboard/query
2026-02-21T06:08:18.496Z | REQUEST  | POST | http://127.0.0.1:5000/api/dashboard/query
2026-02-21T06:08:18.497Z | REQUEST  | POST | http://127.0.0.1:5000/api/dashboard/query
2026-02-21T06:08:18.498Z | REQUEST  | POST | http://127.0.0.1:5000/api/dashboard/query
2026-02-21T06:08:18.499Z | REQUEST  | POST | http://127.0.0.1:5000/api/dashboard/query
2026-02-21T06:08:18.500Z | REQUEST  | POST | http://127.0.0.1:5000/api/dashboard/query
2026-02-21T06:08:18.503Z | REQUEST  | POST | http://127.0.0.1:5000/api/dashboard/query
2026-02-21T06:08:18.504Z | REQUEST  | POST | http://127.0.0.1:5000/api/dashboard/query
2026-02-21T06:08:18.506Z | REQUEST  | POST | http://127.0.0.1:5000/api/dashboard/query
2026-02-21T06:08:18.508Z | REQUEST  | POST | http://127.0.0.1:5000/api/dashboard/query
2026-02-21T06:08:18.509Z | REQUEST  | POST | http://127.0.0.1:5000/api/dashboard/query
2026-02-21T06:08:18.510Z | REQUEST  | POST | http://127.0.0.1:5000/api/dashboard/query
2026-02-21T06:08:18.512Z | REQUEST  | POST | http://127.0.0.1:5000/api/dashboard/query
2026-02-21T06:08:18.514Z | REQUEST  | POST | http://127.0.0.1:5000/api/dashboard/query
2026-02-21T06:08:18.516Z | REQUEST  | POST | http://127.0.0.1:5000/api/dashboard/query
2026-02-21T06:08:18.517Z | REQUEST  | POST | http://127.0.0.1:5000/api/dashboard/query
2026-02-21T06:08:18.518Z | REQUEST  | POST | http://127.0.0.1:5000/api/dashboard/query
2026-02-21T06:08:18.520Z | REQUEST  | POST | http://127.0.0.1:5000/api/dashboard/query
2026-02-21T06:08:18.521Z | REQUEST  | POST | http://127.0.0.1:5000/api/dashboard/query
2026-02-21T06:08:18.922Z | RESPONSE | POST | http://127.0.0.1:5000/api/dashboard/query | 200 | ok=true | duration_ms=426 | {
  "data": [
    {
      "ca_jour": "14.00"
    }
  ],
  "name": "kpi_ca_jour",
  "success": true
}
2026-02-21T06:08:18.927Z | RESPONSE | POST | http://127.0.0.1:5000/api/dashboard/query | 200 | ok=true | duration_ms=429 | {
  "data": [
    {
      "nb_ventes_jour": 1
    }
  ],
  "name": "kpi_nb_ventes_jour",
  "success": true
}
2026-02-21T06:08:18.929Z | RESPONSE | POST | http://127.0.0.1:5000/api/dashboard/query | 200 | ok=true | duration_ms=432 | {
  "data": [
    {
      "nb_alertes_stock": 2
    }
  ],
  "name": "kpi_nb_alertes_stock",
  "success": true
}
2026-02-21T06:08:18.939Z | RESPONSE | POST | http://127.0.0.1:5000/api/dashboard/query | 200 | ok=true | duration_ms=439 | {
  "data": [
    {
      "nb_produits_actifs": 11
    }
  ],
  "name": "kpi_nb_produits_actifs",
  "success": true
}
2026-02-21T06:08:18.946Z | RESPONSE | POST | http://127.0.0.1:5000/api/dashboard/query | 200 | ok=true | duration_ms=446 | {
  "data": [
    {
      "valeur_stock": "9270.25"
    }
  ],
  "name": "kpi_valeur_stock",
  "success": true
}
2026-02-21T06:08:18.961Z | RESPONSE | POST | http://127.0.0.1:5000/api/dashboard/query | 200 | ok=true | duration_ms=461 | {
  "data": [
    {
      "ca_ytd": "650.25"
    }
  ],
  "name": "kpi_ca_ytd",
  "success": true
}
2026-02-21T06:08:18.964Z | RESPONSE | POST | http://127.0.0.1:5000/api/dashboard/query | 200 | ok=true | duration_ms=461 | {
  "data": [
    {
      "nb_produits_expires_en_stock": 8
    }
  ],
  "name": "kpi_nb_produits_expires_en_stock",
  "success": true
}
2026-02-21T06:08:18.968Z | RESPONSE | POST | http://127.0.0.1:5000/api/dashboard/query | 200 | ok=true | duration_ms=461 | {
  "data": [
    {
      "marge_brute_30j": "-765.00"
    }
  ],
  "name": "kpi_marge_brute_30j",
  "success": true
}
2026-02-21T06:08:18.976Z | RESPONSE | POST | http://127.0.0.1:5000/api/dashboard/query | 200 | ok=true | duration_ms=468 | {
  "data": [
    {
      "nb_fournisseurs_30j": 0
    }
  ],
  "name": "kpi_nb_fournisseurs_30j",
  "success": true
}
2026-02-21T06:08:18.991Z | RESPONSE | POST | http://127.0.0.1:5000/api/dashboard/query | 200 | ok=true | duration_ms=482 | {
  "data": [
    {
      "jour": "Fri, 30 Jan 2026 00:00:00 GMT",
      "total_vente": "111.00"
    },
    {
      "jour": "Tue, 17 Feb 2026 00:00:00 GMT",
      "total_vente": "15.00"
    },
    {
      "jour": "Wed, 18 Feb 2026 00:00:00 GMT",
      "total_vente": "10.00"
    },
    {
      "jour": "Sat, 21 Feb 2026 00:00:00 GMT",
      "total_vente": "14.00"
    }
  ],
  "name": "chart_ventes_30j",
  "success": true
}
2026-02-21T06:08:18.996Z | RESPONSE | POST | http://127.0.0.1:5000/api/dashboard/query | 200 | ok=true | duration_ms=486 | {
  "data": [
    {
      "ca_mois": "611.25",
      "mois": "2026-01"
    },
    {
      "ca_mois": "39.00",
      "mois": "2026-02"
    }
  ],
  "name": "chart_ca_mensuel_ytd",
  "success": true
}
2026-02-21T06:08:19.005Z | RESPONSE | POST | http://127.0.0.1:5000/api/dashboard/query | 200 | ok=true | duration_ms=494 | {
  "data": [
    {
      "an_semaine": 202601,
      "ca_semaine": "694.18",
      "debut_semaine": "Tue, 30 Dec 2025 00:00:00 GMT"
    },
    {
      "an_semaine": 202602,
      "ca_semaine": "76.50",
      "debut_semaine": "Tue, 06 Jan 2026 00:00:00 GMT"
    },
    {
      "an_semaine": 202603,
      "ca_semaine": "33.00",
      "debut_semaine": "Fri, 16 Jan 2026 00:00:00 GMT"
    },
    {
      "an_semaine": 202605,
      "ca_semaine": "111.00",
      "debut_semaine": "Fri, 30 Jan 2026 00:00:00 GMT"
    },
    {
      "an_semaine": 202608,
      "ca_semaine": "39.00",
      "debut_semaine": "Tue, 17 Feb 2026 00:00:00 GMT"
    }
  ],
  "name": "chart_ca_par_semaine_12",
  "success": true
}
2026-02-21T06:08:19.010Z | RESPONSE | POST | http://127.0.0.1:5000/api/dashboard/query | 200 | ok=true | duration_ms=497 | {
  "data": [
    {
      "produit": "Dexam??thasone 4ml/ml",
      "total_vendu": "8"
    },
    {
      "produit": "Dolaren plus 250mg",
      "total_vendu": "2"
    },
    {
      "produit": "Amoxicilline 500mg",
      "total_vendu": "2"
    },
    {
      "produit": "Bleu de m??thyl??ne 2%",
      "total_vendu": "2"
    },
    {
      "produit": "IBUCAP FORTE",
      "total_vendu": "2"
    }
  ],
  "name": "top5_produits_30j",
  "success": true
}
2026-02-21T06:08:19.022Z | RESPONSE | POST | http://127.0.0.1:5000/api/dashboard/query | 200 | ok=true | duration_ms=508 | {
  "data": [
    {
      "ca": "121.00",
      "category": "Douleur"
    },
    {
      "ca": "120.00",
      "category": "Cortico"
    },
    {
      "ca": "20.00",
      "category": "Antidote"
    },
    {
      "ca": "15.00",
      "category": "Anti Inflamatoire"
    },
    {
      "ca": "10.00",
      "category": "Antibio"
    }
  ],
  "name": "repartition_categorie_30j",
  "success": true
}
2026-02-21T06:08:19.029Z | RESPONSE | POST | http://127.0.0.1:5000/api/dashboard/query | 200 | ok=true | duration_ms=513 | {
  "data": [],
  "name": "chart_top_fournisseurs_30j",
  "success": true
}
2026-02-21T06:08:19.041Z | RESPONSE | POST | http://127.0.0.1:5000/api/dashboard/query | 200 | ok=true | duration_ms=523 | {
  "data": [],
  "name": "alertes_expiration_30j",
  "success": true
}
2026-02-21T06:08:19.048Z | RESPONSE | POST | http://127.0.0.1:5000/api/dashboard/query | 200 | ok=true | duration_ms=529 | {
  "data": [
    {
      "produit": "Sirop Toux",
      "seuil": 700,
      "total_stock": "129"
    },
    {
      "produit": "Amoxicilline 500mg",
      "seuil": 700,
      "total_stock": "315"
    }
  ],
  "name": "stock_bas",
  "success": true
}
2026-02-21T06:08:19.061Z | RESPONSE | POST | http://127.0.0.1:5000/api/dashboard/query | 200 | ok=true | duration_ms=541 | {
  "data": [
    {
      "produit": "Tramadol 50mg",
      "total_stock": "348"
    },
    {
      "produit": "Amoxicilline 500mg",
      "total_stock": "315"
    },
    {
      "produit": "Vitamine C 1000mg",
      "total_stock": "266"
    },
    {
      "produit": "Paracetamol 500mg",
      "total_stock": "195"
    },
    {
      "produit": "Sirop Toux",
      "total_stock": "129"
    },
    {
      "produit": "Bleu de m??thyl??ne 2%",
      "total_stock": "128"
    },
    {
      "produit": "Ibuprof??ne 400mg",
      "total_stock": "120"
    },
    {
      "produit": "Dolaren plus 250mg",
      "total_stock": "30"
    },
    {
      "produit": "Dexam??thasone 4ml/ml",
      "total_stock": "26"
    },
    {
      "produit": "Albendazole 400mg",
      "total_stock": "13"
    },
    {
      "produit": "IBUCAP FORTE",
      "total_stock": "8"
    }
  ],
  "name": "resume_stock",
  "success": true
}
2026-02-21T06:08:19.064Z | RESPONSE | POST | http://127.0.0.1:5000/api/dashboard/query | 200 | ok=true | duration_ms=543 | {
  "data": [
    {
      "ca": "172.44",
      "jour": "Tue, 30 Dec 2025 00:00:00 GMT",
      "sma7": "172.440000"
    },
    {
      "ca": "130.99",
      "jour": "Wed, 31 Dec 2025 00:00:00 GMT",
      "sma7": "151.715000"
    },
    {
      "ca": "67.00",
      "jour": "Fri, 02 Jan 2026 00:00:00 GMT",
      "sma7": "123.476667"
    },
    {
      "ca": "323.75",
      "jour": "Sun, 04 Jan 2026 00:00:00 GMT",
      "sma7": "173.545000"
    },
    {
      "ca": "76.50",
      "jour": "Tue, 06 Jan 2026 00:00:00 GMT",
      "sma7": "154.136000"
    },
    {
      "ca": "33.00",
      "jour": "Fri, 16 Jan 2026 00:00:00 GMT",
      "sma7": "133.946667"
    },
    {
      "ca": "111.00",
      "jour": "Fri, 30 Jan 2026 00:00:00 GMT",
      "sma7": "130.668571"
    },
    {
      "ca": "15.00",
      "jour": "Tue, 17 Feb 2026 00:00:00 GMT",
      "sma7": "108.177143"
    },
    {
      "ca": "10.00",
      "jour": "Wed, 18 Feb 2026 00:00:00 GMT",
      "sma7": "90.892857"
    },
    {
      "ca": "14.00",
      "jour": "Sat, 21 Feb 2026 00:00:00 GMT",
      "sma7": "83.321429"
    }
  ],
  "name": "forecast_sma7",
  "success": true
}
2026-02-21T06:08:33.873Z | REQUEST  | POST | http://127.0.0.1:5000/api/dashboard/query
2026-02-21T06:08:33.874Z | REQUEST  | POST | http://127.0.0.1:5000/api/dashboard/query
2026-02-21T06:08:33.877Z | REQUEST  | POST | http://127.0.0.1:5000/api/dashboard/query
2026-02-21T06:08:33.878Z | REQUEST  | POST | http://127.0.0.1:5000/api/dashboard/query
2026-02-21T06:08:33.878Z | REQUEST  | POST | http://127.0.0.1:5000/api/dashboard/query
2026-02-21T06:08:33.879Z | REQUEST  | POST | http://127.0.0.1:5000/api/dashboard/query
2026-02-21T06:08:33.880Z | REQUEST  | POST | http://127.0.0.1:5000/api/dashboard/query
2026-02-21T06:08:33.881Z | REQUEST  | POST | http://127.0.0.1:5000/api/dashboard/query
2026-02-21T06:08:33.881Z | REQUEST  | POST | http://127.0.0.1:5000/api/dashboard/query
2026-02-21T06:08:33.881Z | REQUEST  | POST | http://127.0.0.1:5000/api/dashboard/query
2026-02-21T06:08:33.882Z | REQUEST  | POST | http://127.0.0.1:5000/api/dashboard/query
2026-02-21T06:08:33.882Z | REQUEST  | POST | http://127.0.0.1:5000/api/dashboard/query
2026-02-21T06:08:33.883Z | REQUEST  | POST | http://127.0.0.1:5000/api/dashboard/query
2026-02-21T06:08:33.883Z | REQUEST  | POST | http://127.0.0.1:5000/api/dashboard/query
2026-02-21T06:08:33.884Z | REQUEST  | POST | http://127.0.0.1:5000/api/dashboard/query
2026-02-21T06:08:33.884Z | REQUEST  | POST | http://127.0.0.1:5000/api/dashboard/query
2026-02-21T06:08:33.885Z | REQUEST  | POST | http://127.0.0.1:5000/api/dashboard/query
2026-02-21T06:08:33.885Z | REQUEST  | POST | http://127.0.0.1:5000/api/dashboard/query
2026-02-21T06:08:33.886Z | REQUEST  | POST | http://127.0.0.1:5000/api/dashboard/query
2026-02-21T06:08:34.302Z | RESPONSE | POST | http://127.0.0.1:5000/api/dashboard/query | 200 | ok=true | duration_ms=428 | {
  "data": [
    {
      "ca_jour": "14.00"
    }
  ],
  "name": "kpi_ca_jour",
  "success": true
}
2026-02-21T06:08:34.317Z | RESPONSE | POST | http://127.0.0.1:5000/api/dashboard/query | 200 | ok=true | duration_ms=442 | {
  "data": [
    {
      "nb_ventes_jour": 1
    }
  ],
  "name": "kpi_nb_ventes_jour",
  "success": true
}
2026-02-21T06:08:34.322Z | RESPONSE | POST | http://127.0.0.1:5000/api/dashboard/query | 200 | ok=true | duration_ms=444 | {
  "data": [
    {
      "nb_alertes_stock": 2
    }
  ],
  "name": "kpi_nb_alertes_stock",
  "success": true
}
2026-02-21T06:08:34.327Z | RESPONSE | POST | http://127.0.0.1:5000/api/dashboard/query | 200 | ok=true | duration_ms=448 | {
  "data": [
    {
      "nb_produits_actifs": 11
    }
  ],
  "name": "kpi_nb_produits_actifs",
  "success": true
}
2026-02-21T06:08:34.331Z | RESPONSE | POST | http://127.0.0.1:5000/api/dashboard/query | 200 | ok=true | duration_ms=452 | {
  "data": [
    {
      "valeur_stock": "9270.25"
    }
  ],
  "name": "kpi_valeur_stock",
  "success": true
}
2026-02-21T06:08:34.346Z | RESPONSE | POST | http://127.0.0.1:5000/api/dashboard/query | 200 | ok=true | duration_ms=464 | {
  "data": [
    {
      "ca_ytd": "650.25"
    }
  ],
  "name": "kpi_ca_ytd",
  "success": true
}
2026-02-21T06:08:34.349Z | RESPONSE | POST | http://127.0.0.1:5000/api/dashboard/query | 200 | ok=true | duration_ms=468 | {
  "data": [
    {
      "nb_produits_expires_en_stock": 8
    }
  ],
  "name": "kpi_nb_produits_expires_en_stock",
  "success": true
}
2026-02-21T06:08:34.362Z | RESPONSE | POST | http://127.0.0.1:5000/api/dashboard/query | 200 | ok=true | duration_ms=478 | {
  "data": [
    {
      "marge_brute_30j": "-765.00"
    }
  ],
  "name": "kpi_marge_brute_30j",
  "success": true
}
2026-02-21T06:08:34.376Z | RESPONSE | POST | http://127.0.0.1:5000/api/dashboard/query | 200 | ok=true | duration_ms=494 | {
  "data": [
    {
      "nb_fournisseurs_30j": 0
    }
  ],
  "name": "kpi_nb_fournisseurs_30j",
  "success": true
}
2026-02-21T06:08:34.381Z | RESPONSE | POST | http://127.0.0.1:5000/api/dashboard/query | 200 | ok=true | duration_ms=498 | {
  "data": [
    {
      "ca_mois": "611.25",
      "mois": "2026-01"
    },
    {
      "ca_mois": "39.00",
      "mois": "2026-02"
    }
  ],
  "name": "chart_ca_mensuel_ytd",
  "success": true
}
2026-02-21T06:08:34.388Z | RESPONSE | POST | http://127.0.0.1:5000/api/dashboard/query | 200 | ok=true | duration_ms=504 | {
  "data": [
    {
      "jour": "Fri, 30 Jan 2026 00:00:00 GMT",
      "total_vente": "111.00"
    },
    {
      "jour": "Tue, 17 Feb 2026 00:00:00 GMT",
      "total_vente": "15.00"
    },
    {
      "jour": "Wed, 18 Feb 2026 00:00:00 GMT",
      "total_vente": "10.00"
    },
    {
      "jour": "Sat, 21 Feb 2026 00:00:00 GMT",
      "total_vente": "14.00"
    }
  ],
  "name": "chart_ventes_30j",
  "success": true
}
2026-02-21T06:08:34.400Z | RESPONSE | POST | http://127.0.0.1:5000/api/dashboard/query | 200 | ok=true | duration_ms=517 | {
  "data": [
    {
      "an_semaine": 202601,
      "ca_semaine": "694.18",
      "debut_semaine": "Tue, 30 Dec 2025 00:00:00 GMT"
    },
    {
      "an_semaine": 202602,
      "ca_semaine": "76.50",
      "debut_semaine": "Tue, 06 Jan 2026 00:00:00 GMT"
    },
    {
      "an_semaine": 202603,
      "ca_semaine": "33.00",
      "debut_semaine": "Fri, 16 Jan 2026 00:00:00 GMT"
    },
    {
      "an_semaine": 202605,
      "ca_semaine": "111.00",
      "debut_semaine": "Fri, 30 Jan 2026 00:00:00 GMT"
    },
    {
      "an_semaine": 202608,
      "ca_semaine": "39.00",
      "debut_semaine": "Tue, 17 Feb 2026 00:00:00 GMT"
    }
  ],
  "name": "chart_ca_par_semaine_12",
  "success": true
}
2026-02-21T06:08:34.413Z | RESPONSE | POST | http://127.0.0.1:5000/api/dashboard/query | 200 | ok=true | duration_ms=529 | {
  "data": [
    {
      "ca": "121.00",
      "category": "Douleur"
    },
    {
      "ca": "120.00",
      "category": "Cortico"
    },
    {
      "ca": "20.00",
      "category": "Antidote"
    },
    {
      "ca": "15.00",
      "category": "Anti Inflamatoire"
    },
    {
      "ca": "10.00",
      "category": "Antibio"
    }
  ],
  "name": "repartition_categorie_30j",
  "success": true
}
2026-02-21T06:08:34.420Z | RESPONSE | POST | http://127.0.0.1:5000/api/dashboard/query | 200 | ok=true | duration_ms=537 | {
  "data": [
    {
      "produit": "Dexam??thasone 4ml/ml",
      "total_vendu": "8"
    },
    {
      "produit": "Dolaren plus 250mg",
      "total_vendu": "2"
    },
    {
      "produit": "Amoxicilline 500mg",
      "total_vendu": "2"
    },
    {
      "produit": "Bleu de m??thyl??ne 2%",
      "total_vendu": "2"
    },
    {
      "produit": "IBUCAP FORTE",
      "total_vendu": "2"
    }
  ],
  "name": "top5_produits_30j",
  "success": true
}
2026-02-21T06:08:34.423Z | RESPONSE | POST | http://127.0.0.1:5000/api/dashboard/query | 200 | ok=true | duration_ms=538 | {
  "data": [],
  "name": "chart_top_fournisseurs_30j",
  "success": true
}
2026-02-21T06:08:34.430Z | RESPONSE | POST | http://127.0.0.1:5000/api/dashboard/query | 200 | ok=true | duration_ms=543 | {
  "data": [],
  "name": "alertes_expiration_30j",
  "success": true
}
2026-02-21T06:08:34.435Z | RESPONSE | POST | http://127.0.0.1:5000/api/dashboard/query | 200 | ok=true | duration_ms=550 | {
  "data": [
    {
      "produit": "Tramadol 50mg",
      "total_stock": "348"
    },
    {
      "produit": "Amoxicilline 500mg",
      "total_stock": "315"
    },
    {
      "produit": "Vitamine C 1000mg",
      "total_stock": "266"
    },
    {
      "produit": "Paracetamol 500mg",
      "total_stock": "195"
    },
    {
      "produit": "Sirop Toux",
      "total_stock": "129"
    },
    {
      "produit": "Bleu de m??thyl??ne 2%",
      "total_stock": "128"
    },
    {
      "produit": "Ibuprof??ne 400mg",
      "total_stock": "120"
    },
    {
      "produit": "Dolaren plus 250mg",
      "total_stock": "30"
    },
    {
      "produit": "Dexam??thasone 4ml/ml",
      "total_stock": "26"
    },
    {
      "produit": "Albendazole 400mg",
      "total_stock": "13"
    },
    {
      "produit": "IBUCAP FORTE",
      "total_stock": "8"
    }
  ],
  "name": "resume_stock",
  "success": true
}
2026-02-21T06:08:34.438Z | RESPONSE | POST | http://127.0.0.1:5000/api/dashboard/query | 200 | ok=true | duration_ms=553 | {
  "data": [
    {
      "produit": "Sirop Toux",
      "seuil": 700,
      "total_stock": "129"
    },
    {
      "produit": "Amoxicilline 500mg",
      "seuil": 700,
      "total_stock": "315"
    }
  ],
  "name": "stock_bas",
  "success": true
}
2026-02-21T06:08:34.450Z | RESPONSE | POST | http://127.0.0.1:5000/api/dashboard/query | 200 | ok=true | duration_ms=563 | {
  "data": [
    {
      "ca": "172.44",
      "jour": "Tue, 30 Dec 2025 00:00:00 GMT",
      "sma7": "172.440000"
    },
    {
      "ca": "130.99",
      "jour": "Wed, 31 Dec 2025 00:00:00 GMT",
      "sma7": "151.715000"
    },
    {
      "ca": "67.00",
      "jour": "Fri, 02 Jan 2026 00:00:00 GMT",
      "sma7": "123.476667"
    },
    {
      "ca": "323.75",
      "jour": "Sun, 04 Jan 2026 00:00:00 GMT",
      "sma7": "173.545000"
    },
    {
      "ca": "76.50",
      "jour": "Tue, 06 Jan 2026 00:00:00 GMT",
      "sma7": "154.136000"
    },
    {
      "ca": "33.00",
      "jour": "Fri, 16 Jan 2026 00:00:00 GMT",
      "sma7": "133.946667"
    },
    {
      "ca": "111.00",
      "jour": "Fri, 30 Jan 2026 00:00:00 GMT",
      "sma7": "130.668571"
    },
    {
      "ca": "15.00",
      "jour": "Tue, 17 Feb 2026 00:00:00 GMT",
      "sma7": "108.177143"
    },
    {
      "ca": "10.00",
      "jour": "Wed, 18 Feb 2026 00:00:00 GMT",
      "sma7": "90.892857"
    },
    {
      "ca": "14.00",
      "jour": "Sat, 21 Feb 2026 00:00:00 GMT",
      "sma7": "83.321429"
    }
  ],
  "name": "forecast_sma7",
  "success": true
}
2026-02-21T06:08:49.308Z | REQUEST  | POST | http://127.0.0.1:5000/api/dashboard/query
2026-02-21T06:08:49.309Z | REQUEST  | POST | http://127.0.0.1:5000/api/dashboard/query
2026-02-21T06:08:49.309Z | REQUEST  | POST | http://127.0.0.1:5000/api/dashboard/query
2026-02-21T06:08:49.310Z | REQUEST  | POST | http://127.0.0.1:5000/api/dashboard/query
2026-02-21T06:08:49.311Z | REQUEST  | POST | http://127.0.0.1:5000/api/dashboard/query
2026-02-21T06:08:49.311Z | REQUEST  | POST | http://127.0.0.1:5000/api/dashboard/query
2026-02-21T06:08:49.312Z | REQUEST  | POST | http://127.0.0.1:5000/api/dashboard/query
2026-02-21T06:08:49.312Z | REQUEST  | POST | http://127.0.0.1:5000/api/dashboard/query
2026-02-21T06:08:49.314Z | REQUEST  | POST | http://127.0.0.1:5000/api/dashboard/query
2026-02-21T06:08:49.315Z | REQUEST  | POST | http://127.0.0.1:5000/api/dashboard/query
2026-02-21T06:08:49.316Z | REQUEST  | POST | http://127.0.0.1:5000/api/dashboard/query
2026-02-21T06:08:49.317Z | REQUEST  | POST | http://127.0.0.1:5000/api/dashboard/query
2026-02-21T06:08:49.318Z | REQUEST  | POST | http://127.0.0.1:5000/api/dashboard/query
2026-02-21T06:08:49.319Z | REQUEST  | POST | http://127.0.0.1:5000/api/dashboard/query
2026-02-21T06:08:49.320Z | REQUEST  | POST | http://127.0.0.1:5000/api/dashboard/query
2026-02-21T06:08:49.321Z | REQUEST  | POST | http://127.0.0.1:5000/api/dashboard/query
2026-02-21T06:08:49.322Z | REQUEST  | POST | http://127.0.0.1:5000/api/dashboard/query
2026-02-21T06:08:49.323Z | REQUEST  | POST | http://127.0.0.1:5000/api/dashboard/query
2026-02-21T06:08:49.324Z | REQUEST  | POST | http://127.0.0.1:5000/api/dashboard/query
2026-02-21T06:08:49.770Z | RESPONSE | POST | http://127.0.0.1:5000/api/dashboard/query | 200 | ok=true | duration_ms=460 | {
  "data": [
    {
      "nb_ventes_jour": 1
    }
  ],
  "name": "kpi_nb_ventes_jour",
  "success": true
}
2026-02-21T06:08:49.773Z | RESPONSE | POST | http://127.0.0.1:5000/api/dashboard/query | 200 | ok=true | duration_ms=464 | {
  "data": [
    {
      "ca_jour": "14.00"
    }
  ],
  "name": "kpi_ca_jour",
  "success": true
}
2026-02-21T06:08:49.787Z | RESPONSE | POST | http://127.0.0.1:5000/api/dashboard/query | 200 | ok=true | duration_ms=476 | {
  "data": [
    {
      "nb_alertes_stock": 2
    }
  ],
  "name": "kpi_nb_alertes_stock",
  "success": true
}
2026-02-21T06:08:49.791Z | RESPONSE | POST | http://127.0.0.1:5000/api/dashboard/query | 200 | ok=true | duration_ms=479 | {
  "data": [
    {
      "nb_produits_actifs": 11
    }
  ],
  "name": "kpi_nb_produits_actifs",
  "success": true
}
2026-02-21T06:08:49.805Z | RESPONSE | POST | http://127.0.0.1:5000/api/dashboard/query | 200 | ok=true | duration_ms=494 | {
  "data": [
    {
      "valeur_stock": "9270.25"
    }
  ],
  "name": "kpi_valeur_stock",
  "success": true
}
2026-02-21T06:08:49.836Z | RESPONSE | POST | http://127.0.0.1:5000/api/dashboard/query | 200 | ok=true | duration_ms=525 | {
  "data": [
    {
      "ca_ytd": "650.25"
    }
  ],
  "name": "kpi_ca_ytd",
  "success": true
}
2026-02-21T06:08:49.841Z | RESPONSE | POST | http://127.0.0.1:5000/api/dashboard/query | 200 | ok=true | duration_ms=528 | {
  "data": [
    {
      "nb_produits_expires_en_stock": 8
    }
  ],
  "name": "kpi_nb_produits_expires_en_stock",
  "success": true
}
2026-02-21T06:08:49.857Z | RESPONSE | POST | http://127.0.0.1:5000/api/dashboard/query | 200 | ok=true | duration_ms=542 | {
  "data": [
    {
      "nb_fournisseurs_30j": 0
    }
  ],
  "name": "kpi_nb_fournisseurs_30j",
  "success": true
}
2026-02-21T06:08:49.862Z | RESPONSE | POST | http://127.0.0.1:5000/api/dashboard/query | 200 | ok=true | duration_ms=546 | {
  "data": [
    {
      "jour": "Fri, 30 Jan 2026 00:00:00 GMT",
      "total_vente": "111.00"
    },
    {
      "jour": "Tue, 17 Feb 2026 00:00:00 GMT",
      "total_vente": "15.00"
    },
    {
      "jour": "Wed, 18 Feb 2026 00:00:00 GMT",
      "total_vente": "10.00"
    },
    {
      "jour": "Sat, 21 Feb 2026 00:00:00 GMT",
      "total_vente": "14.00"
    }
  ],
  "name": "chart_ventes_30j",
  "success": true
}
2026-02-21T06:08:49.870Z | RESPONSE | POST | http://127.0.0.1:5000/api/dashboard/query | 200 | ok=true | duration_ms=552 | {
  "data": [
    {
      "marge_brute_30j": "-765.00"
    }
  ],
  "name": "kpi_marge_brute_30j",
  "success": true
}
2026-02-21T06:08:49.885Z | RESPONSE | POST | http://127.0.0.1:5000/api/dashboard/query | 200 | ok=true | duration_ms=569 | {
  "data": [
    {
      "ca_mois": "611.25",
      "mois": "2026-01"
    },
    {
      "ca_mois": "39.00",
      "mois": "2026-02"
    }
  ],
  "name": "chart_ca_mensuel_ytd",
  "success": true
}
2026-02-21T06:08:49.895Z | RESPONSE | POST | http://127.0.0.1:5000/api/dashboard/query | 200 | ok=true | duration_ms=577 | {
  "data": [
    {
      "an_semaine": 202601,
      "ca_semaine": "694.18",
      "debut_semaine": "Tue, 30 Dec 2025 00:00:00 GMT"
    },
    {
      "an_semaine": 202602,
      "ca_semaine": "76.50",
      "debut_semaine": "Tue, 06 Jan 2026 00:00:00 GMT"
    },
    {
      "an_semaine": 202603,
      "ca_semaine": "33.00",
      "debut_semaine": "Fri, 16 Jan 2026 00:00:00 GMT"
    },
    {
      "an_semaine": 202605,
      "ca_semaine": "111.00",
      "debut_semaine": "Fri, 30 Jan 2026 00:00:00 GMT"
    },
    {
      "an_semaine": 202608,
      "ca_semaine": "39.00",
      "debut_semaine": "Tue, 17 Feb 2026 00:00:00 GMT"
    }
  ],
  "name": "chart_ca_par_semaine_12",
  "success": true
}
2026-02-21T06:08:49.899Z | RESPONSE | POST | http://127.0.0.1:5000/api/dashboard/query | 200 | ok=true | duration_ms=580 | {
  "data": [
    {
      "produit": "Dexam??thasone 4ml/ml",
      "total_vendu": "8"
    },
    {
      "produit": "Dolaren plus 250mg",
      "total_vendu": "2"
    },
    {
      "produit": "Amoxicilline 500mg",
      "total_vendu": "2"
    },
    {
      "produit": "Bleu de m??thyl??ne 2%",
      "total_vendu": "2"
    },
    {
      "produit": "IBUCAP FORTE",
      "total_vendu": "2"
    }
  ],
  "name": "top5_produits_30j",
  "success": true
}
2026-02-21T06:08:49.917Z | RESPONSE | POST | http://127.0.0.1:5000/api/dashboard/query | 200 | ok=true | duration_ms=596 | {
  "data": [
    {
      "ca": "121.00",
      "category": "Douleur"
    },
    {
      "ca": "120.00",
      "category": "Cortico"
    },
    {
      "ca": "20.00",
      "category": "Antidote"
    },
    {
      "ca": "15.00",
      "category": "Anti Inflamatoire"
    },
    {
      "ca": "10.00",
      "category": "Antibio"
    }
  ],
  "name": "repartition_categorie_30j",
  "success": true
}
2026-02-21T06:08:49.941Z | RESPONSE | POST | http://127.0.0.1:5000/api/dashboard/query | 200 | ok=true | duration_ms=620 | {
  "data": [],
  "name": "chart_top_fournisseurs_30j",
  "success": true
}
2026-02-21T06:08:49.944Z | RESPONSE | POST | http://127.0.0.1:5000/api/dashboard/query | 200 | ok=true | duration_ms=622 | {
  "data": [],
  "name": "alertes_expiration_30j",
  "success": true
}
2026-02-21T06:08:49.959Z | RESPONSE | POST | http://127.0.0.1:5000/api/dashboard/query | 200 | ok=true | duration_ms=636 | {
  "data": [
    {
      "produit": "Sirop Toux",
      "seuil": 700,
      "total_stock": "129"
    },
    {
      "produit": "Amoxicilline 500mg",
      "seuil": 700,
      "total_stock": "315"
    }
  ],
  "name": "stock_bas",
  "success": true
}
2026-02-21T06:08:49.969Z | RESPONSE | POST | http://127.0.0.1:5000/api/dashboard/query | 200 | ok=true | duration_ms=645 | {
  "data": [
    {
      "produit": "Tramadol 50mg",
      "total_stock": "348"
    },
    {
      "produit": "Amoxicilline 500mg",
      "total_stock": "315"
    },
    {
      "produit": "Vitamine C 1000mg",
      "total_stock": "266"
    },
    {
      "produit": "Paracetamol 500mg",
      "total_stock": "195"
    },
    {
      "produit": "Sirop Toux",
      "total_stock": "129"
    },
    {
      "produit": "Bleu de m??thyl??ne 2%",
      "total_stock": "128"
    },
    {
      "produit": "Ibuprof??ne 400mg",
      "total_stock": "120"
    },
    {
      "produit": "Dolaren plus 250mg",
      "total_stock": "30"
    },
    {
      "produit": "Dexam??thasone 4ml/ml",
      "total_stock": "26"
    },
    {
      "produit": "Albendazole 400mg",
      "total_stock": "13"
    },
    {
      "produit": "IBUCAP FORTE",
      "total_stock": "8"
    }
  ],
  "name": "resume_stock",
  "success": true
}
2026-02-21T06:08:49.976Z | RESPONSE | POST | http://127.0.0.1:5000/api/dashboard/query | 200 | ok=true | duration_ms=652 | {
  "data": [
    {
      "ca": "172.44",
      "jour": "Tue, 30 Dec 2025 00:00:00 GMT",
      "sma7": "172.440000"
    },
    {
      "ca": "130.99",
      "jour": "Wed, 31 Dec 2025 00:00:00 GMT",
      "sma7": "151.715000"
    },
    {
      "ca": "67.00",
      "jour": "Fri, 02 Jan 2026 00:00:00 GMT",
      "sma7": "123.476667"
    },
    {
      "ca": "323.75",
      "jour": "Sun, 04 Jan 2026 00:00:00 GMT",
      "sma7": "173.545000"
    },
    {
      "ca": "76.50",
      "jour": "Tue, 06 Jan 2026 00:00:00 GMT",
      "sma7": "154.136000"
    },
    {
      "ca": "33.00",
      "jour": "Fri, 16 Jan 2026 00:00:00 GMT",
      "sma7": "133.946667"
    },
    {
      "ca": "111.00",
      "jour": "Fri, 30 Jan 2026 00:00:00 GMT",
      "sma7": "130.668571"
    },
    {
      "ca": "15.00",
      "jour": "Tue, 17 Feb 2026 00:00:00 GMT",
      "sma7": "108.177143"
    },
    {
      "ca": "10.00",
      "jour": "Wed, 18 Feb 2026 00:00:00 GMT",
      "sma7": "90.892857"
    },
    {
      "ca": "14.00",
      "jour": "Sat, 21 Feb 2026 00:00:00 GMT",
      "sma7": "83.321429"
    }
  ],
  "name": "forecast_sma7",
  "success": true
}
2026-02-21T06:09:04.695Z | REQUEST  | POST | http://127.0.0.1:5000/api/dashboard/query
2026-02-21T06:09:04.696Z | REQUEST  | POST | http://127.0.0.1:5000/api/dashboard/query
2026-02-21T06:09:04.696Z | REQUEST  | POST | http://127.0.0.1:5000/api/dashboard/query
2026-02-21T06:09:04.697Z | REQUEST  | POST | http://127.0.0.1:5000/api/dashboard/query
2026-02-21T06:09:04.698Z | REQUEST  | POST | http://127.0.0.1:5000/api/dashboard/query
2026-02-21T06:09:04.699Z | REQUEST  | POST | http://127.0.0.1:5000/api/dashboard/query
2026-02-21T06:09:04.699Z | REQUEST  | POST | http://127.0.0.1:5000/api/dashboard/query
2026-02-21T06:09:04.700Z | REQUEST  | POST | http://127.0.0.1:5000/api/dashboard/query
2026-02-21T06:09:04.701Z | REQUEST  | POST | http://127.0.0.1:5000/api/dashboard/query
2026-02-21T06:09:04.702Z | REQUEST  | POST | http://127.0.0.1:5000/api/dashboard/query
2026-02-21T06:09:04.703Z | REQUEST  | POST | http://127.0.0.1:5000/api/dashboard/query
2026-02-21T06:09:04.704Z | REQUEST  | POST | http://127.0.0.1:5000/api/dashboard/query
2026-02-21T06:09:04.705Z | REQUEST  | POST | http://127.0.0.1:5000/api/dashboard/query
2026-02-21T06:09:04.706Z | REQUEST  | POST | http://127.0.0.1:5000/api/dashboard/query
2026-02-21T06:09:04.706Z | REQUEST  | POST | http://127.0.0.1:5000/api/dashboard/query
2026-02-21T06:09:04.707Z | REQUEST  | POST | http://127.0.0.1:5000/api/dashboard/query
2026-02-21T06:09:04.708Z | REQUEST  | POST | http://127.0.0.1:5000/api/dashboard/query
2026-02-21T06:09:04.708Z | REQUEST  | POST | http://127.0.0.1:5000/api/dashboard/query
2026-02-21T06:09:04.709Z | REQUEST  | POST | http://127.0.0.1:5000/api/dashboard/query
2026-02-21T06:09:05.138Z | RESPONSE | POST | http://127.0.0.1:5000/api/dashboard/query | 200 | ok=true | duration_ms=440 | {
  "data": [
    {
      "nb_ventes_jour": 1
    }
  ],
  "name": "kpi_nb_ventes_jour",
  "success": true
}
2026-02-21T06:09:05.143Z | RESPONSE | POST | http://127.0.0.1:5000/api/dashboard/query | 200 | ok=true | duration_ms=448 | {
  "data": [
    {
      "ca_jour": "14.00"
    }
  ],
  "name": "kpi_ca_jour",
  "success": true
}
2026-02-21T06:09:05.148Z | RESPONSE | POST | http://127.0.0.1:5000/api/dashboard/query | 200 | ok=true | duration_ms=450 | {
  "data": [
    {
      "nb_alertes_stock": 2
    }
  ],
  "name": "kpi_nb_alertes_stock",
  "success": true
}
2026-02-21T06:09:05.157Z | RESPONSE | POST | http://127.0.0.1:5000/api/dashboard/query | 200 | ok=true | duration_ms=458 | {
  "data": [
    {
      "nb_produits_actifs": 11
    }
  ],
  "name": "kpi_nb_produits_actifs",
  "success": true
}
2026-02-21T06:09:05.170Z | RESPONSE | POST | http://127.0.0.1:5000/api/dashboard/query | 200 | ok=true | duration_ms=471 | {
  "data": [
    {
      "valeur_stock": "9270.25"
    }
  ],
  "name": "kpi_valeur_stock",
  "success": true
}
2026-02-21T06:09:05.175Z | RESPONSE | POST | http://127.0.0.1:5000/api/dashboard/query | 200 | ok=true | duration_ms=475 | {
  "data": [
    {
      "ca_ytd": "650.25"
    }
  ],
  "name": "kpi_ca_ytd",
  "success": true
}
2026-02-21T06:09:05.180Z | RESPONSE | POST | http://127.0.0.1:5000/api/dashboard/query | 200 | ok=true | duration_ms=480 | {
  "data": [
    {
      "nb_produits_expires_en_stock": 8
    }
  ],
  "name": "kpi_nb_produits_expires_en_stock",
  "success": true
}
2026-02-21T06:09:05.192Z | RESPONSE | POST | http://127.0.0.1:5000/api/dashboard/query | 200 | ok=true | duration_ms=489 | {
  "data": [
    {
      "marge_brute_30j": "-765.00"
    }
  ],
  "name": "kpi_marge_brute_30j",
  "success": true
}
2026-02-21T06:09:05.194Z | RESPONSE | POST | http://127.0.0.1:5000/api/dashboard/query | 200 | ok=true | duration_ms=492 | {
  "data": [
    {
      "nb_fournisseurs_30j": 0
    }
  ],
  "name": "kpi_nb_fournisseurs_30j",
  "success": true
}
2026-02-21T06:09:05.211Z | RESPONSE | POST | http://127.0.0.1:5000/api/dashboard/query | 200 | ok=true | duration_ms=507 | {
  "data": [
    {
      "jour": "Fri, 30 Jan 2026 00:00:00 GMT",
      "total_vente": "111.00"
    },
    {
      "jour": "Tue, 17 Feb 2026 00:00:00 GMT",
      "total_vente": "15.00"
    },
    {
      "jour": "Wed, 18 Feb 2026 00:00:00 GMT",
      "total_vente": "10.00"
    },
    {
      "jour": "Sat, 21 Feb 2026 00:00:00 GMT",
      "total_vente": "14.00"
    }
  ],
  "name": "chart_ventes_30j",
  "success": true
}
2026-02-21T06:09:05.214Z | RESPONSE | POST | http://127.0.0.1:5000/api/dashboard/query | 200 | ok=true | duration_ms=509 | {
  "data": [
    {
      "an_semaine": 202601,
      "ca_semaine": "694.18",
      "debut_semaine": "Tue, 30 Dec 2025 00:00:00 GMT"
    },
    {
      "an_semaine": 202602,
      "ca_semaine": "76.50",
      "debut_semaine": "Tue, 06 Jan 2026 00:00:00 GMT"
    },
    {
      "an_semaine": 202603,
      "ca_semaine": "33.00",
      "debut_semaine": "Fri, 16 Jan 2026 00:00:00 GMT"
    },
    {
      "an_semaine": 202605,
      "ca_semaine": "111.00",
      "debut_semaine": "Fri, 30 Jan 2026 00:00:00 GMT"
    },
    {
      "an_semaine": 202608,
      "ca_semaine": "39.00",
      "debut_semaine": "Tue, 17 Feb 2026 00:00:00 GMT"
    }
  ],
  "name": "chart_ca_par_semaine_12",
  "success": true
}
2026-02-21T06:09:05.220Z | RESPONSE | POST | http://127.0.0.1:5000/api/dashboard/query | 200 | ok=true | duration_ms=517 | {
  "data": [
    {
      "ca_mois": "611.25",
      "mois": "2026-01"
    },
    {
      "ca_mois": "39.00",
      "mois": "2026-02"
    }
  ],
  "name": "chart_ca_mensuel_ytd",
  "success": true
}
2026-02-21T06:09:05.236Z | RESPONSE | POST | http://127.0.0.1:5000/api/dashboard/query | 200 | ok=true | duration_ms=528 | {
  "data": [
    {
      "ca": "121.00",
      "category": "Douleur"
    },
    {
      "ca": "120.00",
      "category": "Cortico"
    },
    {
      "ca": "20.00",
      "category": "Antidote"
    },
    {
      "ca": "15.00",
      "category": "Anti Inflamatoire"
    },
    {
      "ca": "10.00",
      "category": "Antibio"
    }
  ],
  "name": "repartition_categorie_30j",
  "success": true
}
2026-02-21T06:09:05.241Z | RESPONSE | POST | http://127.0.0.1:5000/api/dashboard/query | 200 | ok=true | duration_ms=536 | {
  "data": [
    {
      "produit": "Dexam??thasone 4ml/ml",
      "total_vendu": "8"
    },
    {
      "produit": "Dolaren plus 250mg",
      "total_vendu": "2"
    },
    {
      "produit": "Amoxicilline 500mg",
      "total_vendu": "2"
    },
    {
      "produit": "Bleu de m??thyl??ne 2%",
      "total_vendu": "2"
    },
    {
      "produit": "IBUCAP FORTE",
      "total_vendu": "2"
    }
  ],
  "name": "top5_produits_30j",
  "success": true
}
2026-02-21T06:09:05.248Z | RESPONSE | POST | http://127.0.0.1:5000/api/dashboard/query | 200 | ok=true | duration_ms=541 | {
  "data": [],
  "name": "alertes_expiration_30j",
  "success": true
}
2026-02-21T06:09:05.249Z | RESPONSE | POST | http://127.0.0.1:5000/api/dashboard/query | 200 | ok=true | duration_ms=540 | {
  "data": [],
  "name": "chart_top_fournisseurs_30j",
  "success": true
}
2026-02-21T06:09:05.253Z | RESPONSE | POST | http://127.0.0.1:5000/api/dashboard/query | 200 | ok=true | duration_ms=544 | {
  "data": [
    {
      "produit": "Sirop Toux",
      "seuil": 700,
      "total_stock": "129"
    },
    {
      "produit": "Amoxicilline 500mg",
      "seuil": 700,
      "total_stock": "315"
    }
  ],
  "name": "stock_bas",
  "success": true
}
2026-02-21T06:09:05.265Z | RESPONSE | POST | http://127.0.0.1:5000/api/dashboard/query | 200 | ok=true | duration_ms=557 | {
  "data": [
    {
      "produit": "Tramadol 50mg",
      "total_stock": "348"
    },
    {
      "produit": "Amoxicilline 500mg",
      "total_stock": "315"
    },
    {
      "produit": "Vitamine C 1000mg",
      "total_stock": "266"
    },
    {
      "produit": "Paracetamol 500mg",
      "total_stock": "195"
    },
    {
      "produit": "Sirop Toux",
      "total_stock": "129"
    },
    {
      "produit": "Bleu de m??thyl??ne 2%",
      "total_stock": "128"
    },
    {
      "produit": "Ibuprof??ne 400mg",
      "total_stock": "120"
    },
    {
      "produit": "Dolaren plus 250mg",
      "total_stock": "30"
    },
    {
      "produit": "Dexam??thasone 4ml/ml",
      "total_stock": "26"
    },
    {
      "produit": "Albendazole 400mg",
      "total_stock": "13"
    },
    {
      "produit": "IBUCAP FORTE",
      "total_stock": "8"
    }
  ],
  "name": "resume_stock",
  "success": true
}
2026-02-21T06:09:05.268Z | RESPONSE | POST | http://127.0.0.1:5000/api/dashboard/query | 200 | ok=true | duration_ms=559 | {
  "data": [
    {
      "ca": "172.44",
      "jour": "Tue, 30 Dec 2025 00:00:00 GMT",
      "sma7": "172.440000"
    },
    {
      "ca": "130.99",
      "jour": "Wed, 31 Dec 2025 00:00:00 GMT",
      "sma7": "151.715000"
    },
    {
      "ca": "67.00",
      "jour": "Fri, 02 Jan 2026 00:00:00 GMT",
      "sma7": "123.476667"
    },
    {
      "ca": "323.75",
      "jour": "Sun, 04 Jan 2026 00:00:00 GMT",
      "sma7": "173.545000"
    },
    {
      "ca": "76.50",
      "jour": "Tue, 06 Jan 2026 00:00:00 GMT",
      "sma7": "154.136000"
    },
    {
      "ca": "33.00",
      "jour": "Fri, 16 Jan 2026 00:00:00 GMT",
      "sma7": "133.946667"
    },
    {
      "ca": "111.00",
      "jour": "Fri, 30 Jan 2026 00:00:00 GMT",
      "sma7": "130.668571"
    },
    {
      "ca": "15.00",
      "jour": "Tue, 17 Feb 2026 00:00:00 GMT",
      "sma7": "108.177143"
    },
    {
      "ca": "10.00",
      "jour": "Wed, 18 Feb 2026 00:00:00 GMT",
      "sma7": "90.892857"
    },
    {
      "ca": "14.00",
      "jour": "Sat, 21 Feb 2026 00:00:00 GMT",
      "sma7": "83.321429"
    }
  ],
  "name": "forecast_sma7",
  "success": true
}
2026-02-21T06:09:20.018Z | REQUEST  | POST | http://127.0.0.1:5000/api/dashboard/query
2026-02-21T06:09:20.019Z | REQUEST  | POST | http://127.0.0.1:5000/api/dashboard/query
2026-02-21T06:09:20.019Z | REQUEST  | POST | http://127.0.0.1:5000/api/dashboard/query
2026-02-21T06:09:20.020Z | REQUEST  | POST | http://127.0.0.1:5000/api/dashboard/query
2026-02-21T06:09:20.020Z | REQUEST  | POST | http://127.0.0.1:5000/api/dashboard/query
2026-02-21T06:09:20.021Z | REQUEST  | POST | http://127.0.0.1:5000/api/dashboard/query
2026-02-21T06:09:20.021Z | REQUEST  | POST | http://127.0.0.1:5000/api/dashboard/query
2026-02-21T06:09:20.022Z | REQUEST  | POST | http://127.0.0.1:5000/api/dashboard/query
2026-02-21T06:09:20.023Z | REQUEST  | POST | http://127.0.0.1:5000/api/dashboard/query
2026-02-21T06:09:20.023Z | REQUEST  | POST | http://127.0.0.1:5000/api/dashboard/query
2026-02-21T06:09:20.023Z | REQUEST  | POST | http://127.0.0.1:5000/api/dashboard/query
2026-02-21T06:09:20.024Z | REQUEST  | POST | http://127.0.0.1:5000/api/dashboard/query
2026-02-21T06:09:20.024Z | REQUEST  | POST | http://127.0.0.1:5000/api/dashboard/query
2026-02-21T06:09:20.025Z | REQUEST  | POST | http://127.0.0.1:5000/api/dashboard/query
2026-02-21T06:09:20.025Z | REQUEST  | POST | http://127.0.0.1:5000/api/dashboard/query
2026-02-21T06:09:20.026Z | REQUEST  | POST | http://127.0.0.1:5000/api/dashboard/query
2026-02-21T06:09:20.026Z | REQUEST  | POST | http://127.0.0.1:5000/api/dashboard/query
2026-02-21T06:09:20.027Z | REQUEST  | POST | http://127.0.0.1:5000/api/dashboard/query
2026-02-21T06:09:20.027Z | REQUEST  | POST | http://127.0.0.1:5000/api/dashboard/query
2026-02-21T06:09:20.512Z | RESPONSE | POST | http://127.0.0.1:5000/api/dashboard/query | 200 | ok=true | duration_ms=494 | {
  "data": [
    {
      "ca_jour": "14.00"
    }
  ],
  "name": "kpi_ca_jour",
  "success": true
}
2026-02-21T06:09:20.517Z | RESPONSE | POST | http://127.0.0.1:5000/api/dashboard/query | 200 | ok=true | duration_ms=497 | {
  "data": [
    {
      "nb_ventes_jour": 1
    }
  ],
  "name": "kpi_nb_ventes_jour",
  "success": true
}
2026-02-21T06:09:20.530Z | RESPONSE | POST | http://127.0.0.1:5000/api/dashboard/query | 200 | ok=true | duration_ms=510 | {
  "data": [
    {
      "nb_produits_actifs": 11
    }
  ],
  "name": "kpi_nb_produits_actifs",
  "success": true
}
2026-02-21T06:09:20.536Z | RESPONSE | POST | http://127.0.0.1:5000/api/dashboard/query | 200 | ok=true | duration_ms=516 | {
  "data": [
    {
      "nb_alertes_stock": 2
    }
  ],
  "name": "kpi_nb_alertes_stock",
  "success": true
}
2026-02-21T06:09:20.543Z | RESPONSE | POST | http://127.0.0.1:5000/api/dashboard/query | 200 | ok=true | duration_ms=521 | {
  "data": [
    {
      "valeur_stock": "9270.25"
    }
  ],
  "name": "kpi_valeur_stock",
  "success": true
}
2026-02-21T06:09:20.546Z | RESPONSE | POST | http://127.0.0.1:5000/api/dashboard/query | 200 | ok=true | duration_ms=524 | {
  "data": [
    {
      "ca_ytd": "650.25"
    }
  ],
  "name": "kpi_ca_ytd",
  "success": true
}
2026-02-21T06:09:20.562Z | RESPONSE | POST | http://127.0.0.1:5000/api/dashboard/query | 200 | ok=true | duration_ms=540 | {
  "data": [
    {
      "nb_produits_expires_en_stock": 8
    }
  ],
  "name": "kpi_nb_produits_expires_en_stock",
  "success": true
}
2026-02-21T06:09:20.566Z | RESPONSE | POST | http://127.0.0.1:5000/api/dashboard/query | 200 | ok=true | duration_ms=543 | {
  "data": [
    {
      "marge_brute_30j": "-765.00"
    }
  ],
  "name": "kpi_marge_brute_30j",
  "success": true
}
2026-02-21T06:09:20.570Z | RESPONSE | POST | http://127.0.0.1:5000/api/dashboard/query | 200 | ok=true | duration_ms=547 | {
  "data": [
    {
      "nb_fournisseurs_30j": 0
    }
  ],
  "name": "kpi_nb_fournisseurs_30j",
  "success": true
}
2026-02-21T06:09:20.580Z | RESPONSE | POST | http://127.0.0.1:5000/api/dashboard/query | 200 | ok=true | duration_ms=555 | {
  "data": [
    {
      "jour": "Fri, 30 Jan 2026 00:00:00 GMT",
      "total_vente": "111.00"
    },
    {
      "jour": "Tue, 17 Feb 2026 00:00:00 GMT",
      "total_vente": "15.00"
    },
    {
      "jour": "Wed, 18 Feb 2026 00:00:00 GMT",
      "total_vente": "10.00"
    },
    {
      "jour": "Sat, 21 Feb 2026 00:00:00 GMT",
      "total_vente": "14.00"
    }
  ],
  "name": "chart_ventes_30j",
  "success": true
}
2026-02-21T06:09:20.587Z | RESPONSE | POST | http://127.0.0.1:5000/api/dashboard/query | 200 | ok=true | duration_ms=562 | {
  "data": [
    {
      "ca_mois": "611.25",
      "mois": "2026-01"
    },
    {
      "ca_mois": "39.00",
      "mois": "2026-02"
    }
  ],
  "name": "chart_ca_mensuel_ytd",
  "success": true
}
2026-02-21T06:09:20.594Z | RESPONSE | POST | http://127.0.0.1:5000/api/dashboard/query | 200 | ok=true | duration_ms=570 | {
  "data": [
    {
      "an_semaine": 202601,
      "ca_semaine": "694.18",
      "debut_semaine": "Tue, 30 Dec 2025 00:00:00 GMT"
    },
    {
      "an_semaine": 202602,
      "ca_semaine": "76.50",
      "debut_semaine": "Tue, 06 Jan 2026 00:00:00 GMT"
    },
    {
      "an_semaine": 202603,
      "ca_semaine": "33.00",
      "debut_semaine": "Fri, 16 Jan 2026 00:00:00 GMT"
    },
    {
      "an_semaine": 202605,
      "ca_semaine": "111.00",
      "debut_semaine": "Fri, 30 Jan 2026 00:00:00 GMT"
    },
    {
      "an_semaine": 202608,
      "ca_semaine": "39.00",
      "debut_semaine": "Tue, 17 Feb 2026 00:00:00 GMT"
    }
  ],
  "name": "chart_ca_par_semaine_12",
  "success": true
}
2026-02-21T06:09:20.612Z | RESPONSE | POST | http://127.0.0.1:5000/api/dashboard/query | 200 | ok=true | duration_ms=586 | {
  "data": [
    {
      "produit": "Dexam??thasone 4ml/ml",
      "total_vendu": "8"
    },
    {
      "produit": "Dolaren plus 250mg",
      "total_vendu": "2"
    },
    {
      "produit": "Amoxicilline 500mg",
      "total_vendu": "2"
    },
    {
      "produit": "Bleu de m??thyl??ne 2%",
      "total_vendu": "2"
    },
    {
      "produit": "IBUCAP FORTE",
      "total_vendu": "2"
    }
  ],
  "name": "top5_produits_30j",
  "success": true
}
2026-02-21T06:09:20.614Z | RESPONSE | POST | http://127.0.0.1:5000/api/dashboard/query | 200 | ok=true | duration_ms=589 | {
  "data": [
    {
      "ca": "121.00",
      "category": "Douleur"
    },
    {
      "ca": "120.00",
      "category": "Cortico"
    },
    {
      "ca": "20.00",
      "category": "Antidote"
    },
    {
      "ca": "15.00",
      "category": "Anti Inflamatoire"
    },
    {
      "ca": "10.00",
      "category": "Antibio"
    }
  ],
  "name": "repartition_categorie_30j",
  "success": true
}
2026-02-21T06:09:20.615Z | RESPONSE | POST | http://127.0.0.1:5000/api/dashboard/query | 200 | ok=true | duration_ms=590 | {
  "data": [],
  "name": "chart_top_fournisseurs_30j",
  "success": true
}
2026-02-21T06:09:20.631Z | RESPONSE | POST | http://127.0.0.1:5000/api/dashboard/query | 200 | ok=true | duration_ms=605 | {
  "data": [],
  "name": "alertes_expiration_30j",
  "success": true
}
2026-02-21T06:09:20.639Z | RESPONSE | POST | http://127.0.0.1:5000/api/dashboard/query | 200 | ok=true | duration_ms=612 | {
  "data": [
    {
      "produit": "Sirop Toux",
      "seuil": 700,
      "total_stock": "129"
    },
    {
      "produit": "Amoxicilline 500mg",
      "seuil": 700,
      "total_stock": "315"
    }
  ],
  "name": "stock_bas",
  "success": true
}
2026-02-21T06:09:20.648Z | RESPONSE | POST | http://127.0.0.1:5000/api/dashboard/query | 200 | ok=true | duration_ms=620 | {
  "data": [
    {
      "produit": "Tramadol 50mg",
      "total_stock": "348"
    },
    {
      "produit": "Amoxicilline 500mg",
      "total_stock": "315"
    },
    {
      "produit": "Vitamine C 1000mg",
      "total_stock": "266"
    },
    {
      "produit": "Paracetamol 500mg",
      "total_stock": "195"
    },
    {
      "produit": "Sirop Toux",
      "total_stock": "129"
    },
    {
      "produit": "Bleu de m??thyl??ne 2%",
      "total_stock": "128"
    },
    {
      "produit": "Ibuprof??ne 400mg",
      "total_stock": "120"
    },
    {
      "produit": "Dolaren plus 250mg",
      "total_stock": "30"
    },
    {
      "produit": "Dexam??thasone 4ml/ml",
      "total_stock": "26"
    },
    {
      "produit": "Albendazole 400mg",
      "total_stock": "13"
    },
    {
      "produit": "IBUCAP FORTE",
      "total_stock": "8"
    }
  ],
  "name": "resume_stock",
  "success": true
}
2026-02-21T06:09:20.660Z | RESPONSE | POST | http://127.0.0.1:5000/api/dashboard/query | 200 | ok=true | duration_ms=632 | {
  "data": [
    {
      "ca": "172.44",
      "jour": "Tue, 30 Dec 2025 00:00:00 GMT",
      "sma7": "172.440000"
    },
    {
      "ca": "130.99",
      "jour": "Wed, 31 Dec 2025 00:00:00 GMT",
      "sma7": "151.715000"
    },
    {
      "ca": "67.00",
      "jour": "Fri, 02 Jan 2026 00:00:00 GMT",
      "sma7": "123.476667"
    },
    {
      "ca": "323.75",
      "jour": "Sun, 04 Jan 2026 00:00:00 GMT",
      "sma7": "173.545000"
    },
    {
      "ca": "76.50",
      "jour": "Tue, 06 Jan 2026 00:00:00 GMT",
      "sma7": "154.136000"
    },
    {
      "ca": "33.00",
      "jour": "Fri, 16 Jan 2026 00:00:00 GMT",
      "sma7": "133.946667"
    },
    {
      "ca": "111.00",
      "jour": "Fri, 30 Jan 2026 00:00:00 GMT",
      "sma7": "130.668571"
    },
    {
      "ca": "15.00",
      "jour": "Tue, 17 Feb 2026 00:00:00 GMT",
      "sma7": "108.177143"
    },
    {
      "ca": "10.00",
      "jour": "Wed, 18 Feb 2026 00:00:00 GMT",
      "sma7": "90.892857"
    },
    {
      "ca": "14.00",
      "jour": "Sat, 21 Feb 2026 00:00:00 GMT",
      "sma7": "83.321429"
    }
  ],
  "name": "forecast_sma7",
  "success": true
}
2026-02-21T06:09:35.425Z | REQUEST  | POST | http://127.0.0.1:5000/api/dashboard/query
2026-02-21T06:09:35.434Z | REQUEST  | POST | http://127.0.0.1:5000/api/dashboard/query
2026-02-21T06:09:35.435Z | REQUEST  | POST | http://127.0.0.1:5000/api/dashboard/query
2026-02-21T06:09:35.436Z | REQUEST  | POST | http://127.0.0.1:5000/api/dashboard/query
2026-02-21T06:09:35.437Z | REQUEST  | POST | http://127.0.0.1:5000/api/dashboard/query
2026-02-21T06:09:35.439Z | REQUEST  | POST | http://127.0.0.1:5000/api/dashboard/query
2026-02-21T06:09:35.444Z | REQUEST  | POST | http://127.0.0.1:5000/api/dashboard/query
2026-02-21T06:09:35.445Z | REQUEST  | POST | http://127.0.0.1:5000/api/dashboard/query
2026-02-21T06:09:35.446Z | REQUEST  | POST | http://127.0.0.1:5000/api/dashboard/query
2026-02-21T06:09:35.449Z | REQUEST  | POST | http://127.0.0.1:5000/api/dashboard/query
2026-02-21T06:09:35.450Z | REQUEST  | POST | http://127.0.0.1:5000/api/dashboard/query
2026-02-21T06:09:35.451Z | REQUEST  | POST | http://127.0.0.1:5000/api/dashboard/query
2026-02-21T06:09:35.452Z | REQUEST  | POST | http://127.0.0.1:5000/api/dashboard/query
2026-02-21T06:09:35.453Z | REQUEST  | POST | http://127.0.0.1:5000/api/dashboard/query
2026-02-21T06:09:35.453Z | REQUEST  | POST | http://127.0.0.1:5000/api/dashboard/query
2026-02-21T06:09:35.454Z | REQUEST  | POST | http://127.0.0.1:5000/api/dashboard/query
2026-02-21T06:09:35.454Z | REQUEST  | POST | http://127.0.0.1:5000/api/dashboard/query
2026-02-21T06:09:35.455Z | REQUEST  | POST | http://127.0.0.1:5000/api/dashboard/query
2026-02-21T06:09:35.455Z | REQUEST  | POST | http://127.0.0.1:5000/api/dashboard/query
2026-02-21T06:09:36.052Z | RESPONSE | POST | http://127.0.0.1:5000/api/dashboard/query | 200 | ok=true | duration_ms=626 | {
  "data": [
    {
      "ca_jour": "14.00"
    }
  ],
  "name": "kpi_ca_jour",
  "success": true
}
2026-02-21T06:09:36.071Z | RESPONSE | POST | http://127.0.0.1:5000/api/dashboard/query | 200 | ok=true | duration_ms=635 | {
  "data": [
    {
      "nb_alertes_stock": 2
    }
  ],
  "name": "kpi_nb_alertes_stock",
  "success": true
}
2026-02-21T06:09:36.097Z | RESPONSE | POST | http://127.0.0.1:5000/api/dashboard/query | 200 | ok=true | duration_ms=662 | {
  "data": [
    {
      "nb_ventes_jour": 1
    }
  ],
  "name": "kpi_nb_ventes_jour",
  "success": true
}
2026-02-21T06:09:36.102Z | RESPONSE | POST | http://127.0.0.1:5000/api/dashboard/query | 200 | ok=true | duration_ms=664 | {
  "data": [
    {
      "nb_produits_actifs": 11
    }
  ],
  "name": "kpi_nb_produits_actifs",
  "success": true
}
2026-02-21T06:09:36.123Z | RESPONSE | POST | http://127.0.0.1:5000/api/dashboard/query | 200 | ok=true | duration_ms=684 | {
  "data": [
    {
      "valeur_stock": "9270.25"
    }
  ],
  "name": "kpi_valeur_stock",
  "success": true
}
2026-02-21T06:09:36.134Z | RESPONSE | POST | http://127.0.0.1:5000/api/dashboard/query | 200 | ok=true | duration_ms=694 | {
  "data": [
    {
      "ca_ytd": "650.25"
    }
  ],
  "name": "kpi_ca_ytd",
  "success": true
}
2026-02-21T06:09:36.139Z | RESPONSE | POST | http://127.0.0.1:5000/api/dashboard/query | 200 | ok=true | duration_ms=693 | {
  "data": [
    {
      "nb_produits_expires_en_stock": 8
    }
  ],
  "name": "kpi_nb_produits_expires_en_stock",
  "success": true
}
2026-02-21T06:09:36.148Z | RESPONSE | POST | http://127.0.0.1:5000/api/dashboard/query | 200 | ok=true | duration_ms=702 | {
  "data": [
    {
      "marge_brute_30j": "-765.00"
    }
  ],
  "name": "kpi_marge_brute_30j",
  "success": true
}
2026-02-21T06:09:36.165Z | RESPONSE | POST | http://127.0.0.1:5000/api/dashboard/query | 200 | ok=true | duration_ms=719 | {
  "data": [
    {
      "nb_fournisseurs_30j": 0
    }
  ],
  "name": "kpi_nb_fournisseurs_30j",
  "success": true
}
2026-02-21T06:09:36.170Z | RESPONSE | POST | http://127.0.0.1:5000/api/dashboard/query | 200 | ok=true | duration_ms=719 | {
  "data": [
    {
      "jour": "Fri, 30 Jan 2026 00:00:00 GMT",
      "total_vente": "111.00"
    },
    {
      "jour": "Tue, 17 Feb 2026 00:00:00 GMT",
      "total_vente": "15.00"
    },
    {
      "jour": "Wed, 18 Feb 2026 00:00:00 GMT",
      "total_vente": "10.00"
    },
    {
      "jour": "Sat, 21 Feb 2026 00:00:00 GMT",
      "total_vente": "14.00"
    }
  ],
  "name": "chart_ventes_30j",
  "success": true
}
2026-02-21T06:09:36.175Z | RESPONSE | POST | http://127.0.0.1:5000/api/dashboard/query | 200 | ok=true | duration_ms=722 | {
  "data": [
    {
      "ca_mois": "611.25",
      "mois": "2026-01"
    },
    {
      "ca_mois": "39.00",
      "mois": "2026-02"
    }
  ],
  "name": "chart_ca_mensuel_ytd",
  "success": true
}
2026-02-21T06:09:36.199Z | RESPONSE | POST | http://127.0.0.1:5000/api/dashboard/query | 200 | ok=true | duration_ms=748 | {
  "data": [
    {
      "an_semaine": 202601,
      "ca_semaine": "694.18",
      "debut_semaine": "Tue, 30 Dec 2025 00:00:00 GMT"
    },
    {
      "an_semaine": 202602,
      "ca_semaine": "76.50",
      "debut_semaine": "Tue, 06 Jan 2026 00:00:00 GMT"
    },
    {
      "an_semaine": 202603,
      "ca_semaine": "33.00",
      "debut_semaine": "Fri, 16 Jan 2026 00:00:00 GMT"
    },
    {
      "an_semaine": 202605,
      "ca_semaine": "111.00",
      "debut_semaine": "Fri, 30 Jan 2026 00:00:00 GMT"
    },
    {
      "an_semaine": 202608,
      "ca_semaine": "39.00",
      "debut_semaine": "Tue, 17 Feb 2026 00:00:00 GMT"
    }
  ],
  "name": "chart_ca_par_semaine_12",
  "success": true
}
2026-02-21T06:09:36.203Z | RESPONSE | POST | http://127.0.0.1:5000/api/dashboard/query | 200 | ok=true | duration_ms=751 | {
  "data": [
    {
      "produit": "Dexam??thasone 4ml/ml",
      "total_vendu": "8"
    },
    {
      "produit": "Dolaren plus 250mg",
      "total_vendu": "2"
    },
    {
      "produit": "Amoxicilline 500mg",
      "total_vendu": "2"
    },
    {
      "produit": "Bleu de m??thyl??ne 2%",
      "total_vendu": "2"
    },
    {
      "produit": "IBUCAP FORTE",
      "total_vendu": "2"
    }
  ],
  "name": "top5_produits_30j",
  "success": true
}
2026-02-21T06:09:36.205Z | RESPONSE | POST | http://127.0.0.1:5000/api/dashboard/query | 200 | ok=true | duration_ms=752 | {
  "data": [
    {
      "ca": "121.00",
      "category": "Douleur"
    },
    {
      "ca": "120.00",
      "category": "Cortico"
    },
    {
      "ca": "20.00",
      "category": "Antidote"
    },
    {
      "ca": "15.00",
      "category": "Anti Inflamatoire"
    },
    {
      "ca": "10.00",
      "category": "Antibio"
    }
  ],
  "name": "repartition_categorie_30j",
  "success": true
}
2026-02-21T06:09:36.212Z | RESPONSE | POST | http://127.0.0.1:5000/api/dashboard/query | 200 | ok=true | duration_ms=759 | {
  "data": [],
  "name": "chart_top_fournisseurs_30j",
  "success": true
}
2026-02-21T06:09:36.310Z | RESPONSE | POST | http://127.0.0.1:5000/api/dashboard/query | 200 | ok=true | duration_ms=856 | {
  "data": [],
  "name": "alertes_expiration_30j",
  "success": true
}
2026-02-21T06:09:36.374Z | RESPONSE | POST | http://127.0.0.1:5000/api/dashboard/query | 200 | ok=true | duration_ms=919 | {
  "data": [
    {
      "produit": "Sirop Toux",
      "seuil": 700,
      "total_stock": "129"
    },
    {
      "produit": "Amoxicilline 500mg",
      "seuil": 700,
      "total_stock": "315"
    }
  ],
  "name": "stock_bas",
  "success": true
}
2026-02-21T06:09:36.398Z | RESPONSE | POST | http://127.0.0.1:5000/api/dashboard/query | 200 | ok=true | duration_ms=943 | {
  "data": [
    {
      "produit": "Tramadol 50mg",
      "total_stock": "348"
    },
    {
      "produit": "Amoxicilline 500mg",
      "total_stock": "315"
    },
    {
      "produit": "Vitamine C 1000mg",
      "total_stock": "266"
    },
    {
      "produit": "Paracetamol 500mg",
      "total_stock": "195"
    },
    {
      "produit": "Sirop Toux",
      "total_stock": "129"
    },
    {
      "produit": "Bleu de m??thyl??ne 2%",
      "total_stock": "128"
    },
    {
      "produit": "Ibuprof??ne 400mg",
      "total_stock": "120"
    },
    {
      "produit": "Dolaren plus 250mg",
      "total_stock": "30"
    },
    {
      "produit": "Dexam??thasone 4ml/ml",
      "total_stock": "26"
    },
    {
      "produit": "Albendazole 400mg",
      "total_stock": "13"
    },
    {
      "produit": "IBUCAP FORTE",
      "total_stock": "8"
    }
  ],
  "name": "resume_stock",
  "success": true
}
2026-02-21T06:09:36.411Z | RESPONSE | POST | http://127.0.0.1:5000/api/dashboard/query | 200 | ok=true | duration_ms=955 | {
  "data": [
    {
      "ca": "172.44",
      "jour": "Tue, 30 Dec 2025 00:00:00 GMT",
      "sma7": "172.440000"
    },
    {
      "ca": "130.99",
      "jour": "Wed, 31 Dec 2025 00:00:00 GMT",
      "sma7": "151.715000"
    },
    {
      "ca": "67.00",
      "jour": "Fri, 02 Jan 2026 00:00:00 GMT",
      "sma7": "123.476667"
    },
    {
      "ca": "323.75",
      "jour": "Sun, 04 Jan 2026 00:00:00 GMT",
      "sma7": "173.545000"
    },
    {
      "ca": "76.50",
      "jour": "Tue, 06 Jan 2026 00:00:00 GMT",
      "sma7": "154.136000"
    },
    {
      "ca": "33.00",
      "jour": "Fri, 16 Jan 2026 00:00:00 GMT",
      "sma7": "133.946667"
    },
    {
      "ca": "111.00",
      "jour": "Fri, 30 Jan 2026 00:00:00 GMT",
      "sma7": "130.668571"
    },
    {
      "ca": "15.00",
      "jour": "Tue, 17 Feb 2026 00:00:00 GMT",
      "sma7": "108.177143"
    },
    {
      "ca": "10.00",
      "jour": "Wed, 18 Feb 2026 00:00:00 GMT",
      "sma7": "90.892857"
    },
    {
      "ca": "14.00",
      "jour": "Sat, 21 Feb 2026 00:00:00 GMT",
      "sma7": "83.321429"
    }
  ],
  "name": "forecast_sma7",
  "success": true
}
2026-02-21T06:09:51.772Z | REQUEST  | POST | http://127.0.0.1:5000/api/dashboard/query
2026-02-21T06:09:51.773Z | REQUEST  | POST | http://127.0.0.1:5000/api/dashboard/query
2026-02-21T06:09:51.774Z | REQUEST  | POST | http://127.0.0.1:5000/api/dashboard/query
2026-02-21T06:09:51.775Z | REQUEST  | POST | http://127.0.0.1:5000/api/dashboard/query
2026-02-21T06:09:51.776Z | REQUEST  | POST | http://127.0.0.1:5000/api/dashboard/query
2026-02-21T06:09:51.777Z | REQUEST  | POST | http://127.0.0.1:5000/api/dashboard/query
2026-02-21T06:09:51.784Z | REQUEST  | POST | http://127.0.0.1:5000/api/dashboard/query
2026-02-21T06:09:51.785Z | REQUEST  | POST | http://127.0.0.1:5000/api/dashboard/query
2026-02-21T06:09:51.785Z | REQUEST  | POST | http://127.0.0.1:5000/api/dashboard/query
2026-02-21T06:09:51.785Z | REQUEST  | POST | http://127.0.0.1:5000/api/dashboard/query
2026-02-21T06:09:51.786Z | REQUEST  | POST | http://127.0.0.1:5000/api/dashboard/query
2026-02-21T06:09:51.786Z | REQUEST  | POST | http://127.0.0.1:5000/api/dashboard/query
2026-02-21T06:09:51.787Z | REQUEST  | POST | http://127.0.0.1:5000/api/dashboard/query
2026-02-21T06:09:51.787Z | REQUEST  | POST | http://127.0.0.1:5000/api/dashboard/query
2026-02-21T06:09:51.788Z | REQUEST  | POST | http://127.0.0.1:5000/api/dashboard/query
2026-02-21T06:09:51.788Z | REQUEST  | POST | http://127.0.0.1:5000/api/dashboard/query
2026-02-21T06:09:51.789Z | REQUEST  | POST | http://127.0.0.1:5000/api/dashboard/query
2026-02-21T06:09:51.789Z | REQUEST  | POST | http://127.0.0.1:5000/api/dashboard/query
2026-02-21T06:09:51.790Z | REQUEST  | POST | http://127.0.0.1:5000/api/dashboard/query
2026-02-21T06:09:52.622Z | RESPONSE | POST | http://127.0.0.1:5000/api/dashboard/query | 200 | ok=true | duration_ms=644 | {
  "data": [
    {
      "ca_jour": "14.00"
    }
  ],
  "name": "kpi_ca_jour",
  "success": true
}
2026-02-21T06:09:52.622Z | RESPONSE | POST | http://127.0.0.1:5000/api/dashboard/query | 200 | ok=true | duration_ms=644 | {
  "data": [
    {
      "nb_ventes_jour": 1
    }
  ],
  "name": "kpi_nb_ventes_jour",
  "success": true
}
2026-02-21T06:09:52.622Z | RESPONSE | POST | http://127.0.0.1:5000/api/dashboard/query | 200 | ok=true | duration_ms=643 | {
  "data": [
    {
      "nb_alertes_stock": 2
    }
  ],
  "name": "kpi_nb_alertes_stock",
  "success": true
}
2026-02-21T06:09:52.622Z | RESPONSE | POST | http://127.0.0.1:5000/api/dashboard/query | 200 | ok=true | duration_ms=643 | {
  "data": [
    {
      "nb_produits_actifs": 11
    }
  ],
  "name": "kpi_nb_produits_actifs",
  "success": true
}
2026-02-21T06:09:52.622Z | RESPONSE | POST | http://127.0.0.1:5000/api/dashboard/query | 200 | ok=true | duration_ms=643 | {
  "data": [
    {
      "valeur_stock": "9270.25"
    }
  ],
  "name": "kpi_valeur_stock",
  "success": true
}
2026-02-21T06:09:52.622Z | RESPONSE | POST | http://127.0.0.1:5000/api/dashboard/query | 200 | ok=true | duration_ms=642 | {
  "data": [
    {
      "ca_ytd": "650.25"
    }
  ],
  "name": "kpi_ca_ytd",
  "success": true
}
2026-02-21T06:09:52.622Z | RESPONSE | POST | http://127.0.0.1:5000/api/dashboard/query | 200 | ok=true | duration_ms=635 | {
  "data": [
    {
      "marge_brute_30j": "-765.00"
    }
  ],
  "name": "kpi_marge_brute_30j",
  "success": true
}
2026-02-21T06:09:52.622Z | RESPONSE | POST | http://127.0.0.1:5000/api/dashboard/query | 200 | ok=true | duration_ms=637 | {
  "data": [
    {
      "nb_produits_expires_en_stock": 8
    }
  ],
  "name": "kpi_nb_produits_expires_en_stock",
  "success": true
}
2026-02-21T06:09:52.622Z | RESPONSE | POST | http://127.0.0.1:5000/api/dashboard/query | 200 | ok=true | duration_ms=636 | {
  "data": [
    {
      "nb_fournisseurs_30j": 0
    }
  ],
  "name": "kpi_nb_fournisseurs_30j",
  "success": true
}
2026-02-21T06:09:52.622Z | RESPONSE | POST | http://127.0.0.1:5000/api/dashboard/query | 200 | ok=true | duration_ms=638 | {
  "data": [
    {
      "jour": "Fri, 30 Jan 2026 00:00:00 GMT",
      "total_vente": "111.00"
    },
    {
      "jour": "Tue, 17 Feb 2026 00:00:00 GMT",
      "total_vente": "15.00"
    },
    {
      "jour": "Wed, 18 Feb 2026 00:00:00 GMT",
      "total_vente": "10.00"
    },
    {
      "jour": "Sat, 21 Feb 2026 00:00:00 GMT",
      "total_vente": "14.00"
    }
  ],
  "name": "chart_ventes_30j",
  "success": true
}
2026-02-21T06:09:52.622Z | RESPONSE | POST | http://127.0.0.1:5000/api/dashboard/query | 200 | ok=true | duration_ms=639 | {
  "data": [
    {
      "ca_mois": "611.25",
      "mois": "2026-01"
    },
    {
      "ca_mois": "39.00",
      "mois": "2026-02"
    }
  ],
  "name": "chart_ca_mensuel_ytd",
  "success": true
}
2026-02-21T06:09:52.622Z | RESPONSE | POST | http://127.0.0.1:5000/api/dashboard/query | 200 | ok=true | duration_ms=639 | {
  "data": [
    {
      "an_semaine": 202601,
      "ca_semaine": "694.18",
      "debut_semaine": "Tue, 30 Dec 2025 00:00:00 GMT"
    },
    {
      "an_semaine": 202602,
      "ca_semaine": "76.50",
      "debut_semaine": "Tue, 06 Jan 2026 00:00:00 GMT"
    },
    {
      "an_semaine": 202603,
      "ca_semaine": "33.00",
      "debut_semaine": "Fri, 16 Jan 2026 00:00:00 GMT"
    },
    {
      "an_semaine": 202605,
      "ca_semaine": "111.00",
      "debut_semaine": "Fri, 30 Jan 2026 00:00:00 GMT"
    },
    {
      "an_semaine": 202608,
      "ca_semaine": "39.00",
      "debut_semaine": "Tue, 17 Feb 2026 00:00:00 GMT"
    }
  ],
  "name": "chart_ca_par_semaine_12",
  "success": true
}
2026-02-21T06:09:52.622Z | RESPONSE | POST | http://127.0.0.1:5000/api/dashboard/query | 200 | ok=true | duration_ms=639 | {
  "data": [
    {
      "produit": "Dexam??thasone 4ml/ml",
      "total_vendu": "8"
    },
    {
      "produit": "Dolaren plus 250mg",
      "total_vendu": "2"
    },
    {
      "produit": "Amoxicilline 500mg",
      "total_vendu": "2"
    },
    {
      "produit": "Bleu de m??thyl??ne 2%",
      "total_vendu": "2"
    },
    {
      "produit": "IBUCAP FORTE",
      "total_vendu": "2"
    }
  ],
  "name": "top5_produits_30j",
  "success": true
}
2026-02-21T06:09:52.623Z | RESPONSE | POST | http://127.0.0.1:5000/api/dashboard/query | 200 | ok=true | duration_ms=639 | {
  "data": [],
  "name": "chart_top_fournisseurs_30j",
  "success": true
}
2026-02-21T06:09:52.623Z | RESPONSE | POST | http://127.0.0.1:5000/api/dashboard/query | 200 | ok=true | duration_ms=642 | {
  "data": [
    {
      "produit": "Sirop Toux",
      "seuil": 700,
      "total_stock": "129"
    },
    {
      "produit": "Amoxicilline 500mg",
      "seuil": 700,
      "total_stock": "315"
    }
  ],
  "name": "stock_bas",
  "success": true
}
2026-02-21T06:09:52.623Z | RESPONSE | POST | http://127.0.0.1:5000/api/dashboard/query | 200 | ok=true | duration_ms=645 | {
  "data": [],
  "name": "alertes_expiration_30j",
  "success": true
}
2026-02-21T06:09:52.623Z | RESPONSE | POST | http://127.0.0.1:5000/api/dashboard/query | 200 | ok=true | duration_ms=647 | {
  "data": [
    {
      "ca": "121.00",
      "category": "Douleur"
    },
    {
      "ca": "120.00",
      "category": "Cortico"
    },
    {
      "ca": "20.00",
      "category": "Antidote"
    },
    {
      "ca": "15.00",
      "category": "Anti Inflamatoire"
    },
    {
      "ca": "10.00",
      "category": "Antibio"
    }
  ],
  "name": "repartition_categorie_30j",
  "success": true
}
2026-02-21T06:09:52.623Z | RESPONSE | POST | http://127.0.0.1:5000/api/dashboard/query | 200 | ok=true | duration_ms=646 | {
  "data": [
    {
      "produit": "Tramadol 50mg",
      "total_stock": "348"
    },
    {
      "produit": "Amoxicilline 500mg",
      "total_stock": "315"
    },
    {
      "produit": "Vitamine C 1000mg",
      "total_stock": "266"
    },
    {
      "produit": "Paracetamol 500mg",
      "total_stock": "195"
    },
    {
      "produit": "Sirop Toux",
      "total_stock": "129"
    },
    {
      "produit": "Bleu de m??thyl??ne 2%",
      "total_stock": "128"
    },
    {
      "produit": "Ibuprof??ne 400mg",
      "total_stock": "120"
    },
    {
      "produit": "Dolaren plus 250mg",
      "total_stock": "30"
    },
    {
      "produit": "Dexam??thasone 4ml/ml",
      "total_stock": "26"
    },
    {
      "produit": "Albendazole 400mg",
      "total_stock": "13"
    },
    {
      "produit": "IBUCAP FORTE",
      "total_stock": "8"
    }
  ],
  "name": "resume_stock",
  "success": true
}
2026-02-21T06:09:52.623Z | RESPONSE | POST | http://127.0.0.1:5000/api/dashboard/query | 200 | ok=true | duration_ms=646 | {
  "data": [
    {
      "ca": "172.44",
      "jour": "Tue, 30 Dec 2025 00:00:00 GMT",
      "sma7": "172.440000"
    },
    {
      "ca": "130.99",
      "jour": "Wed, 31 Dec 2025 00:00:00 GMT",
      "sma7": "151.715000"
    },
    {
      "ca": "67.00",
      "jour": "Fri, 02 Jan 2026 00:00:00 GMT",
      "sma7": "123.476667"
    },
    {
      "ca": "323.75",
      "jour": "Sun, 04 Jan 2026 00:00:00 GMT",
      "sma7": "173.545000"
    },
    {
      "ca": "76.50",
      "jour": "Tue, 06 Jan 2026 00:00:00 GMT",
      "sma7": "154.136000"
    },
    {
      "ca": "33.00",
      "jour": "Fri, 16 Jan 2026 00:00:00 GMT",
      "sma7": "133.946667"
    },
    {
      "ca": "111.00",
      "jour": "Fri, 30 Jan 2026 00:00:00 GMT",
      "sma7": "130.668571"
    },
    {
      "ca": "15.00",
      "jour": "Tue, 17 Feb 2026 00:00:00 GMT",
      "sma7": "108.177143"
    },
    {
      "ca": "10.00",
      "jour": "Wed, 18 Feb 2026 00:00:00 GMT",
      "sma7": "90.892857"
    },
    {
      "ca": "14.00",
      "jour": "Sat, 21 Feb 2026 00:00:00 GMT",
      "sma7": "83.321429"
    }
  ],
  "name": "forecast_sma7",
  "success": true
}
2026-02-21T06:10:09.045Z | REQUEST  | POST | http://127.0.0.1:5000/api/dashboard/query
2026-02-21T06:10:09.046Z | REQUEST  | POST | http://127.0.0.1:5000/api/dashboard/query
2026-02-21T06:10:09.047Z | REQUEST  | POST | http://127.0.0.1:5000/api/dashboard/query
2026-02-21T06:10:09.049Z | REQUEST  | POST | http://127.0.0.1:5000/api/dashboard/query
2026-02-21T06:10:09.050Z | REQUEST  | POST | http://127.0.0.1:5000/api/dashboard/query
2026-02-21T06:10:09.051Z | REQUEST  | POST | http://127.0.0.1:5000/api/dashboard/query
2026-02-21T06:10:09.052Z | REQUEST  | POST | http://127.0.0.1:5000/api/dashboard/query
2026-02-21T06:10:09.053Z | REQUEST  | POST | http://127.0.0.1:5000/api/dashboard/query
2026-02-21T06:10:09.053Z | REQUEST  | POST | http://127.0.0.1:5000/api/dashboard/query
2026-02-21T06:10:09.054Z | REQUEST  | POST | http://127.0.0.1:5000/api/dashboard/query
2026-02-21T06:10:09.055Z | REQUEST  | POST | http://127.0.0.1:5000/api/dashboard/query
2026-02-21T06:10:09.055Z | REQUEST  | POST | http://127.0.0.1:5000/api/dashboard/query
2026-02-21T06:10:09.056Z | REQUEST  | POST | http://127.0.0.1:5000/api/dashboard/query
2026-02-21T06:10:09.057Z | REQUEST  | POST | http://127.0.0.1:5000/api/dashboard/query
2026-02-21T06:10:09.057Z | REQUEST  | POST | http://127.0.0.1:5000/api/dashboard/query
2026-02-21T06:10:09.058Z | REQUEST  | POST | http://127.0.0.1:5000/api/dashboard/query
2026-02-21T06:10:09.059Z | REQUEST  | POST | http://127.0.0.1:5000/api/dashboard/query
2026-02-21T06:10:09.059Z | REQUEST  | POST | http://127.0.0.1:5000/api/dashboard/query
2026-02-21T06:10:09.060Z | REQUEST  | POST | http://127.0.0.1:5000/api/dashboard/query
2026-02-21T06:10:14.943Z | RESPONSE | POST | http://127.0.0.1:5000/api/dashboard/query | 200 | ok=true | duration_ms=5679 | {
  "data": [
    {
      "ca_jour": "14.00"
    }
  ],
  "name": "kpi_ca_jour",
  "success": true
}
2026-02-21T06:10:14.945Z | RESPONSE | POST | http://127.0.0.1:5000/api/dashboard/query | 200 | ok=true | duration_ms=5680 | {
  "data": [
    {
      "nb_ventes_jour": 1
    }
  ],
  "name": "kpi_nb_ventes_jour",
  "success": true
}
2026-02-21T06:10:14.945Z | RESPONSE | POST | http://127.0.0.1:5000/api/dashboard/query | 200 | ok=true | duration_ms=5680 | {
  "data": [
    {
      "nb_alertes_stock": 2
    }
  ],
  "name": "kpi_nb_alertes_stock",
  "success": true
}
2026-02-21T06:10:14.945Z | RESPONSE | POST | http://127.0.0.1:5000/api/dashboard/query | 200 | ok=true | duration_ms=5681 | {
  "data": [
    {
      "nb_produits_actifs": 11
    }
  ],
  "name": "kpi_nb_produits_actifs",
  "success": true
}
2026-02-21T06:10:14.945Z | RESPONSE | POST | http://127.0.0.1:5000/api/dashboard/query | 200 | ok=true | duration_ms=5680 | {
  "data": [
    {
      "valeur_stock": "9270.25"
    }
  ],
  "name": "kpi_valeur_stock",
  "success": true
}
2026-02-21T06:10:14.945Z | RESPONSE | POST | http://127.0.0.1:5000/api/dashboard/query | 200 | ok=true | duration_ms=5685 | {
  "data": [
    {
      "ca_ytd": "650.25"
    }
  ],
  "name": "kpi_ca_ytd",
  "success": true
}
2026-02-21T06:10:14.945Z | RESPONSE | POST | http://127.0.0.1:5000/api/dashboard/query | 200 | ok=true | duration_ms=5686 | {
  "data": [
    {
      "nb_produits_expires_en_stock": 8
    }
  ],
  "name": "kpi_nb_produits_expires_en_stock",
  "success": true
}
2026-02-21T06:10:14.945Z | RESPONSE | POST | http://127.0.0.1:5000/api/dashboard/query | 200 | ok=true | duration_ms=5686 | {
  "data": [
    {
      "marge_brute_30j": "-765.00"
    }
  ],
  "name": "kpi_marge_brute_30j",
  "success": true
}
2026-02-21T06:10:14.945Z | RESPONSE | POST | http://127.0.0.1:5000/api/dashboard/query | 200 | ok=true | duration_ms=5686 | {
  "data": [
    {
      "nb_fournisseurs_30j": 0
    }
  ],
  "name": "kpi_nb_fournisseurs_30j",
  "success": true
}
2026-02-21T06:10:14.945Z | RESPONSE | POST | http://127.0.0.1:5000/api/dashboard/query | 200 | ok=true | duration_ms=5686 | {
  "data": [
    {
      "jour": "Fri, 30 Jan 2026 00:00:00 GMT",
      "total_vente": "111.00"
    },
    {
      "jour": "Tue, 17 Feb 2026 00:00:00 GMT",
      "total_vente": "15.00"
    },
    {
      "jour": "Wed, 18 Feb 2026 00:00:00 GMT",
      "total_vente": "10.00"
    },
    {
      "jour": "Sat, 21 Feb 2026 00:00:00 GMT",
      "total_vente": "14.00"
    }
  ],
  "name": "chart_ventes_30j",
  "success": true
}
2026-02-21T06:10:14.946Z | RESPONSE | POST | http://127.0.0.1:5000/api/dashboard/query | 200 | ok=true | duration_ms=5686 | {
  "data": [
    {
      "ca_mois": "611.25",
      "mois": "2026-01"
    },
    {
      "ca_mois": "39.00",
      "mois": "2026-02"
    }
  ],
  "name": "chart_ca_mensuel_ytd",
  "success": true
}
2026-02-21T06:10:14.946Z | RESPONSE | POST | http://127.0.0.1:5000/api/dashboard/query | 200 | ok=true | duration_ms=5686 | {
  "data": [
    {
      "an_semaine": 202601,
      "ca_semaine": "694.18",
      "debut_semaine": "Tue, 30 Dec 2025 00:00:00 GMT"
    },
    {
      "an_semaine": 202602,
      "ca_semaine": "76.50",
      "debut_semaine": "Tue, 06 Jan 2026 00:00:00 GMT"
    },
    {
      "an_semaine": 202603,
      "ca_semaine": "33.00",
      "debut_semaine": "Fri, 16 Jan 2026 00:00:00 GMT"
    },
    {
      "an_semaine": 202605,
      "ca_semaine": "111.00",
      "debut_semaine": "Fri, 30 Jan 2026 00:00:00 GMT"
    },
    {
      "an_semaine": 202608,
      "ca_semaine": "39.00",
      "debut_semaine": "Tue, 17 Feb 2026 00:00:00 GMT"
    }
  ],
  "name": "chart_ca_par_semaine_12",
  "success": true
}
2026-02-21T06:10:14.946Z | RESPONSE | POST | http://127.0.0.1:5000/api/dashboard/query | 200 | ok=true | duration_ms=5686 | {
  "data": [
    {
      "produit": "Dexam??thasone 4ml/ml",
      "total_vendu": "8"
    },
    {
      "produit": "Dolaren plus 250mg",
      "total_vendu": "2"
    },
    {
      "produit": "Amoxicilline 500mg",
      "total_vendu": "2"
    },
    {
      "produit": "Bleu de m??thyl??ne 2%",
      "total_vendu": "2"
    },
    {
      "produit": "IBUCAP FORTE",
      "total_vendu": "2"
    }
  ],
  "name": "top5_produits_30j",
  "success": true
}
2026-02-21T06:10:14.946Z | RESPONSE | POST | http://127.0.0.1:5000/api/dashboard/query | 200 | ok=true | duration_ms=5686 | {
  "data": [
    {
      "ca": "121.00",
      "category": "Douleur"
    },
    {
      "ca": "120.00",
      "category": "Cortico"
    },
    {
      "ca": "20.00",
      "category": "Antidote"
    },
    {
      "ca": "15.00",
      "category": "Anti Inflamatoire"
    },
    {
      "ca": "10.00",
      "category": "Antibio"
    }
  ],
  "name": "repartition_categorie_30j",
  "success": true
}
2026-02-21T06:10:14.946Z | RESPONSE | POST | http://127.0.0.1:5000/api/dashboard/query | 200 | ok=true | duration_ms=5687 | {
  "data": [],
  "name": "chart_top_fournisseurs_30j",
  "success": true
}
2026-02-21T06:10:14.946Z | RESPONSE | POST | http://127.0.0.1:5000/api/dashboard/query | 200 | ok=true | duration_ms=5687 | {
  "data": [],
  "name": "alertes_expiration_30j",
  "success": true
}
2026-02-21T06:10:14.946Z | RESPONSE | POST | http://127.0.0.1:5000/api/dashboard/query | 200 | ok=true | duration_ms=5688 | {
  "data": [
    {
      "produit": "Sirop Toux",
      "seuil": 700,
      "total_stock": "129"
    },
    {
      "produit": "Amoxicilline 500mg",
      "seuil": 700,
      "total_stock": "315"
    }
  ],
  "name": "stock_bas",
  "success": true
}
2026-02-21T06:10:14.946Z | RESPONSE | POST | http://127.0.0.1:5000/api/dashboard/query | 200 | ok=true | duration_ms=5688 | {
  "data": [
    {
      "produit": "Tramadol 50mg",
      "total_stock": "348"
    },
    {
      "produit": "Amoxicilline 500mg",
      "total_stock": "315"
    },
    {
      "produit": "Vitamine C 1000mg",
      "total_stock": "266"
    },
    {
      "produit": "Paracetamol 500mg",
      "total_stock": "195"
    },
    {
      "produit": "Sirop Toux",
      "total_stock": "129"
    },
    {
      "produit": "Bleu de m??thyl??ne 2%",
      "total_stock": "128"
    },
    {
      "produit": "Ibuprof??ne 400mg",
      "total_stock": "120"
    },
    {
      "produit": "Dolaren plus 250mg",
      "total_stock": "30"
    },
    {
      "produit": "Dexam??thasone 4ml/ml",
      "total_stock": "26"
    },
    {
      "produit": "Albendazole 400mg",
      "total_stock": "13"
    },
    {
      "produit": "IBUCAP FORTE",
      "total_stock": "8"
    }
  ],
  "name": "resume_stock",
  "success": true
}
2026-02-21T06:10:14.946Z | RESPONSE | POST | http://127.0.0.1:5000/api/dashboard/query | 200 | ok=true | duration_ms=5689 | {
  "data": [
    {
      "ca": "172.44",
      "jour": "Tue, 30 Dec 2025 00:00:00 GMT",
      "sma7": "172.440000"
    },
    {
      "ca": "130.99",
      "jour": "Wed, 31 Dec 2025 00:00:00 GMT",
      "sma7": "151.715000"
    },
    {
      "ca": "67.00",
      "jour": "Fri, 02 Jan 2026 00:00:00 GMT",
      "sma7": "123.476667"
    },
    {
      "ca": "323.75",
      "jour": "Sun, 04 Jan 2026 00:00:00 GMT",
      "sma7": "173.545000"
    },
    {
      "ca": "76.50",
      "jour": "Tue, 06 Jan 2026 00:00:00 GMT",
      "sma7": "154.136000"
    },
    {
      "ca": "33.00",
      "jour": "Fri, 16 Jan 2026 00:00:00 GMT",
      "sma7": "133.946667"
    },
    {
      "ca": "111.00",
      "jour": "Fri, 30 Jan 2026 00:00:00 GMT",
      "sma7": "130.668571"
    },
    {
      "ca": "15.00",
      "jour": "Tue, 17 Feb 2026 00:00:00 GMT",
      "sma7": "108.177143"
    },
    {
      "ca": "10.00",
      "jour": "Wed, 18 Feb 2026 00:00:00 GMT",
      "sma7": "90.892857"
    },
    {
      "ca": "14.00",
      "jour": "Sat, 21 Feb 2026 00:00:00 GMT",
      "sma7": "83.321429"
    }
  ],
  "name": "forecast_sma7",
  "success": true
}
2026-02-21T06:10:24.875Z | REQUEST  | POST | http://127.0.0.1:5000/api/dashboard/query
2026-02-21T06:10:24.875Z | REQUEST  | POST | http://127.0.0.1:5000/api/dashboard/query
2026-02-21T06:10:24.876Z | REQUEST  | POST | http://127.0.0.1:5000/api/dashboard/query
2026-02-21T06:10:24.876Z | REQUEST  | POST | http://127.0.0.1:5000/api/dashboard/query
2026-02-21T06:10:24.877Z | REQUEST  | POST | http://127.0.0.1:5000/api/dashboard/query
2026-02-21T06:10:24.877Z | REQUEST  | POST | http://127.0.0.1:5000/api/dashboard/query
2026-02-21T06:10:24.878Z | REQUEST  | POST | http://127.0.0.1:5000/api/dashboard/query
2026-02-21T06:10:24.878Z | REQUEST  | POST | http://127.0.0.1:5000/api/dashboard/query
2026-02-21T06:10:24.879Z | REQUEST  | POST | http://127.0.0.1:5000/api/dashboard/query
2026-02-21T06:10:24.879Z | REQUEST  | POST | http://127.0.0.1:5000/api/dashboard/query
2026-02-21T06:10:24.880Z | REQUEST  | POST | http://127.0.0.1:5000/api/dashboard/query
2026-02-21T06:10:24.880Z | REQUEST  | POST | http://127.0.0.1:5000/api/dashboard/query
2026-02-21T06:10:24.880Z | REQUEST  | POST | http://127.0.0.1:5000/api/dashboard/query
2026-02-21T06:10:24.881Z | REQUEST  | POST | http://127.0.0.1:5000/api/dashboard/query
2026-02-21T06:10:24.881Z | REQUEST  | POST | http://127.0.0.1:5000/api/dashboard/query
2026-02-21T06:10:24.882Z | REQUEST  | POST | http://127.0.0.1:5000/api/dashboard/query
2026-02-21T06:10:24.883Z | REQUEST  | POST | http://127.0.0.1:5000/api/dashboard/query
2026-02-21T06:10:24.883Z | REQUEST  | POST | http://127.0.0.1:5000/api/dashboard/query
2026-02-21T06:10:24.884Z | REQUEST  | POST | http://127.0.0.1:5000/api/dashboard/query
2026-02-21T06:10:25.307Z | RESPONSE | POST | http://127.0.0.1:5000/api/dashboard/query | 200 | ok=true | duration_ms=331 | {
  "data": [
    {
      "ca_jour": "14.00"
    }
  ],
  "name": "kpi_ca_jour",
  "success": true
}
2026-02-21T06:10:25.307Z | RESPONSE | POST | http://127.0.0.1:5000/api/dashboard/query | 200 | ok=true | duration_ms=332 | {
  "data": [
    {
      "nb_ventes_jour": 1
    }
  ],
  "name": "kpi_nb_ventes_jour",
  "success": true
}
2026-02-21T06:10:25.307Z | RESPONSE | POST | http://127.0.0.1:5000/api/dashboard/query | 200 | ok=true | duration_ms=332 | {
  "data": [
    {
      "nb_alertes_stock": 2
    }
  ],
  "name": "kpi_nb_alertes_stock",
  "success": true
}
2026-02-21T06:10:25.307Z | RESPONSE | POST | http://127.0.0.1:5000/api/dashboard/query | 200 | ok=true | duration_ms=332 | {
  "data": [
    {
      "nb_produits_actifs": 11
    }
  ],
  "name": "kpi_nb_produits_actifs",
  "success": true
}
2026-02-21T06:10:25.307Z | RESPONSE | POST | http://127.0.0.1:5000/api/dashboard/query | 200 | ok=true | duration_ms=332 | {
  "data": [
    {
      "valeur_stock": "9270.25"
    }
  ],
  "name": "kpi_valeur_stock",
  "success": true
}
2026-02-21T06:10:25.307Z | RESPONSE | POST | http://127.0.0.1:5000/api/dashboard/query | 200 | ok=true | duration_ms=332 | {
  "data": [
    {
      "ca_ytd": "650.25"
    }
  ],
  "name": "kpi_ca_ytd",
  "success": true
}
2026-02-21T06:10:25.307Z | RESPONSE | POST | http://127.0.0.1:5000/api/dashboard/query | 200 | ok=true | duration_ms=332 | {
  "data": [
    {
      "nb_produits_expires_en_stock": 8
    }
  ],
  "name": "kpi_nb_produits_expires_en_stock",
  "success": true
}
2026-02-21T06:10:25.307Z | RESPONSE | POST | http://127.0.0.1:5000/api/dashboard/query | 200 | ok=true | duration_ms=332 | {
  "data": [
    {
      "nb_fournisseurs_30j": 0
    }
  ],
  "name": "kpi_nb_fournisseurs_30j",
  "success": true
}
2026-02-21T06:10:25.307Z | RESPONSE | POST | http://127.0.0.1:5000/api/dashboard/query | 200 | ok=true | duration_ms=332 | {
  "data": [
    {
      "marge_brute_30j": "-765.00"
    }
  ],
  "name": "kpi_marge_brute_30j",
  "success": true
}
2026-02-21T06:10:25.308Z | RESPONSE | POST | http://127.0.0.1:5000/api/dashboard/query | 200 | ok=true | duration_ms=332 | {
  "data": [
    {
      "jour": "Fri, 30 Jan 2026 00:00:00 GMT",
      "total_vente": "111.00"
    },
    {
      "jour": "Tue, 17 Feb 2026 00:00:00 GMT",
      "total_vente": "15.00"
    },
    {
      "jour": "Wed, 18 Feb 2026 00:00:00 GMT",
      "total_vente": "10.00"
    },
    {
      "jour": "Sat, 21 Feb 2026 00:00:00 GMT",
      "total_vente": "14.00"
    }
  ],
  "name": "chart_ventes_30j",
  "success": true
}
2026-02-21T06:10:25.308Z | RESPONSE | POST | http://127.0.0.1:5000/api/dashboard/query | 200 | ok=true | duration_ms=332 | {
  "data": [
    {
      "ca_mois": "611.25",
      "mois": "2026-01"
    },
    {
      "ca_mois": "39.00",
      "mois": "2026-02"
    }
  ],
  "name": "chart_ca_mensuel_ytd",
  "success": true
}
2026-02-21T06:10:25.309Z | RESPONSE | POST | http://127.0.0.1:5000/api/dashboard/query | 200 | ok=true | duration_ms=332 | {
  "data": [
    {
      "an_semaine": 202601,
      "ca_semaine": "694.18",
      "debut_semaine": "Tue, 30 Dec 2025 00:00:00 GMT"
    },
    {
      "an_semaine": 202602,
      "ca_semaine": "76.50",
      "debut_semaine": "Tue, 06 Jan 2026 00:00:00 GMT"
    },
    {
      "an_semaine": 202603,
      "ca_semaine": "33.00",
      "debut_semaine": "Fri, 16 Jan 2026 00:00:00 GMT"
    },
    {
      "an_semaine": 202605,
      "ca_semaine": "111.00",
      "debut_semaine": "Fri, 30 Jan 2026 00:00:00 GMT"
    },
    {
      "an_semaine": 202608,
      "ca_semaine": "39.00",
      "debut_semaine": "Tue, 17 Feb 2026 00:00:00 GMT"
    }
  ],
  "name": "chart_ca_par_semaine_12",
  "success": true
}
2026-02-21T06:10:25.309Z | RESPONSE | POST | http://127.0.0.1:5000/api/dashboard/query | 200 | ok=true | duration_ms=331 | {
  "data": [
    {
      "produit": "Dexam??thasone 4ml/ml",
      "total_vendu": "8"
    },
    {
      "produit": "Dolaren plus 250mg",
      "total_vendu": "2"
    },
    {
      "produit": "Amoxicilline 500mg",
      "total_vendu": "2"
    },
    {
      "produit": "Bleu de m??thyl??ne 2%",
      "total_vendu": "2"
    },
    {
      "produit": "IBUCAP FORTE",
      "total_vendu": "2"
    }
  ],
  "name": "top5_produits_30j",
  "success": true
}
2026-02-21T06:10:25.309Z | RESPONSE | POST | http://127.0.0.1:5000/api/dashboard/query | 200 | ok=true | duration_ms=330 | {
  "data": [],
  "name": "alertes_expiration_30j",
  "success": true
}
2026-02-21T06:10:25.309Z | RESPONSE | POST | http://127.0.0.1:5000/api/dashboard/query | 200 | ok=true | duration_ms=331 | {
  "data": [],
  "name": "chart_top_fournisseurs_30j",
  "success": true
}
2026-02-21T06:10:25.309Z | RESPONSE | POST | http://127.0.0.1:5000/api/dashboard/query | 200 | ok=true | duration_ms=332 | {
  "data": [
    {
      "ca": "121.00",
      "category": "Douleur"
    },
    {
      "ca": "120.00",
      "category": "Cortico"
    },
    {
      "ca": "20.00",
      "category": "Antidote"
    },
    {
      "ca": "15.00",
      "category": "Anti Inflamatoire"
    },
    {
      "ca": "10.00",
      "category": "Antibio"
    }
  ],
  "name": "repartition_categorie_30j",
  "success": true
}
2026-02-21T06:10:25.309Z | RESPONSE | POST | http://127.0.0.1:5000/api/dashboard/query | 200 | ok=true | duration_ms=330 | {
  "data": [
    {
      "produit": "Sirop Toux",
      "seuil": 700,
      "total_stock": "129"
    },
    {
      "produit": "Amoxicilline 500mg",
      "seuil": 700,
      "total_stock": "315"
    }
  ],
  "name": "stock_bas",
  "success": true
}
2026-02-21T06:10:25.309Z | RESPONSE | POST | http://127.0.0.1:5000/api/dashboard/query | 200 | ok=true | duration_ms=330 | {
  "data": [
    {
      "produit": "Tramadol 50mg",
      "total_stock": "348"
    },
    {
      "produit": "Amoxicilline 500mg",
      "total_stock": "315"
    },
    {
      "produit": "Vitamine C 1000mg",
      "total_stock": "266"
    },
    {
      "produit": "Paracetamol 500mg",
      "total_stock": "195"
    },
    {
      "produit": "Sirop Toux",
      "total_stock": "129"
    },
    {
      "produit": "Bleu de m??thyl??ne 2%",
      "total_stock": "128"
    },
    {
      "produit": "Ibuprof??ne 400mg",
      "total_stock": "120"
    },
    {
      "produit": "Dolaren plus 250mg",
      "total_stock": "30"
    },
    {
      "produit": "Dexam??thasone 4ml/ml",
      "total_stock": "26"
    },
    {
      "produit": "Albendazole 400mg",
      "total_stock": "13"
    },
    {
      "produit": "IBUCAP FORTE",
      "total_stock": "8"
    }
  ],
  "name": "resume_stock",
  "success": true
}
2026-02-21T06:10:25.309Z | RESPONSE | POST | http://127.0.0.1:5000/api/dashboard/query | 200 | ok=true | duration_ms=330 | {
  "data": [
    {
      "ca": "172.44",
      "jour": "Tue, 30 Dec 2025 00:00:00 GMT",
      "sma7": "172.440000"
    },
    {
      "ca": "130.99",
      "jour": "Wed, 31 Dec 2025 00:00:00 GMT",
      "sma7": "151.715000"
    },
    {
      "ca": "67.00",
      "jour": "Fri, 02 Jan 2026 00:00:00 GMT",
      "sma7": "123.476667"
    },
    {
      "ca": "323.75",
      "jour": "Sun, 04 Jan 2026 00:00:00 GMT",
      "sma7": "173.545000"
    },
    {
      "ca": "76.50",
      "jour": "Tue, 06 Jan 2026 00:00:00 GMT",
      "sma7": "154.136000"
    },
    {
      "ca": "33.00",
      "jour": "Fri, 16 Jan 2026 00:00:00 GMT",
      "sma7": "133.946667"
    },
    {
      "ca": "111.00",
      "jour": "Fri, 30 Jan 2026 00:00:00 GMT",
      "sma7": "130.668571"
    },
    {
      "ca": "15.00",
      "jour": "Tue, 17 Feb 2026 00:00:00 GMT",
      "sma7": "108.177143"
    },
    {
      "ca": "10.00",
      "jour": "Wed, 18 Feb 2026 00:00:00 GMT",
      "sma7": "90.892857"
    },
    {
      "ca": "14.00",
      "jour": "Sat, 21 Feb 2026 00:00:00 GMT",
      "sma7": "83.321429"
    }
  ],
  "name": "forecast_sma7",
  "success": true
}
2026-02-21T06:10:40.748Z | REQUEST  | POST | http://127.0.0.1:5000/api/dashboard/query
2026-02-21T06:10:40.749Z | REQUEST  | POST | http://127.0.0.1:5000/api/dashboard/query
2026-02-21T06:10:40.750Z | REQUEST  | POST | http://127.0.0.1:5000/api/dashboard/query
2026-02-21T06:10:40.750Z | REQUEST  | POST | http://127.0.0.1:5000/api/dashboard/query
2026-02-21T06:10:40.751Z | REQUEST  | POST | http://127.0.0.1:5000/api/dashboard/query
2026-02-21T06:10:40.752Z | REQUEST  | POST | http://127.0.0.1:5000/api/dashboard/query
2026-02-21T06:10:40.752Z | REQUEST  | POST | http://127.0.0.1:5000/api/dashboard/query
2026-02-21T06:10:40.752Z | REQUEST  | POST | http://127.0.0.1:5000/api/dashboard/query
2026-02-21T06:10:40.753Z | REQUEST  | POST | http://127.0.0.1:5000/api/dashboard/query
2026-02-21T06:10:40.753Z | REQUEST  | POST | http://127.0.0.1:5000/api/dashboard/query
2026-02-21T06:10:40.754Z | REQUEST  | POST | http://127.0.0.1:5000/api/dashboard/query
2026-02-21T06:10:40.754Z | REQUEST  | POST | http://127.0.0.1:5000/api/dashboard/query
2026-02-21T06:10:40.755Z | REQUEST  | POST | http://127.0.0.1:5000/api/dashboard/query
2026-02-21T06:10:40.756Z | REQUEST  | POST | http://127.0.0.1:5000/api/dashboard/query
2026-02-21T06:10:40.757Z | REQUEST  | POST | http://127.0.0.1:5000/api/dashboard/query
2026-02-21T06:10:40.757Z | REQUEST  | POST | http://127.0.0.1:5000/api/dashboard/query
2026-02-21T06:10:40.759Z | REQUEST  | POST | http://127.0.0.1:5000/api/dashboard/query
2026-02-21T06:10:40.760Z | REQUEST  | POST | http://127.0.0.1:5000/api/dashboard/query
2026-02-21T06:10:40.761Z | REQUEST  | POST | http://127.0.0.1:5000/api/dashboard/query
2026-02-21T06:10:41.148Z | RESPONSE | POST | http://127.0.0.1:5000/api/dashboard/query | 200 | ok=true | duration_ms=322 | {
  "data": [
    {
      "ca_jour": "14.00"
    }
  ],
  "name": "kpi_ca_jour",
  "success": true
}
2026-02-21T06:10:41.148Z | RESPONSE | POST | http://127.0.0.1:5000/api/dashboard/query | 200 | ok=true | duration_ms=322 | {
  "data": [
    {
      "nb_ventes_jour": 1
    }
  ],
  "name": "kpi_nb_ventes_jour",
  "success": true
}
2026-02-21T06:10:41.149Z | RESPONSE | POST | http://127.0.0.1:5000/api/dashboard/query | 200 | ok=true | duration_ms=322 | {
  "data": [
    {
      "nb_alertes_stock": 2
    }
  ],
  "name": "kpi_nb_alertes_stock",
  "success": true
}
2026-02-21T06:10:41.149Z | RESPONSE | POST | http://127.0.0.1:5000/api/dashboard/query | 200 | ok=true | duration_ms=328 | {
  "data": [
    {
      "nb_produits_actifs": 11
    }
  ],
  "name": "kpi_nb_produits_actifs",
  "success": true
}
2026-02-21T06:10:41.149Z | RESPONSE | POST | http://127.0.0.1:5000/api/dashboard/query | 200 | ok=true | duration_ms=328 | {
  "data": [
    {
      "valeur_stock": "9270.25"
    }
  ],
  "name": "kpi_valeur_stock",
  "success": true
}
2026-02-21T06:10:41.149Z | RESPONSE | POST | http://127.0.0.1:5000/api/dashboard/query | 200 | ok=true | duration_ms=328 | {
  "data": [
    {
      "ca_ytd": "650.25"
    }
  ],
  "name": "kpi_ca_ytd",
  "success": true
}
2026-02-21T06:10:41.150Z | RESPONSE | POST | http://127.0.0.1:5000/api/dashboard/query | 200 | ok=true | duration_ms=328 | {
  "data": [
    {
      "nb_produits_expires_en_stock": 8
    }
  ],
  "name": "kpi_nb_produits_expires_en_stock",
  "success": true
}
2026-02-21T06:10:41.150Z | RESPONSE | POST | http://127.0.0.1:5000/api/dashboard/query | 200 | ok=true | duration_ms=328 | {
  "data": [
    {
      "marge_brute_30j": "-765.00"
    }
  ],
  "name": "kpi_marge_brute_30j",
  "success": true
}
2026-02-21T06:10:41.173Z | RESPONSE | POST | http://127.0.0.1:5000/api/dashboard/query | 200 | ok=true | duration_ms=331 | {
  "data": [
    {
      "nb_fournisseurs_30j": 0
    }
  ],
  "name": "kpi_nb_fournisseurs_30j",
  "success": true
}
2026-02-21T06:10:41.176Z | RESPONSE | POST | http://127.0.0.1:5000/api/dashboard/query | 200 | ok=true | duration_ms=331 | {
  "data": [
    {
      "jour": "Fri, 30 Jan 2026 00:00:00 GMT",
      "total_vente": "111.00"
    },
    {
      "jour": "Tue, 17 Feb 2026 00:00:00 GMT",
      "total_vente": "15.00"
    },
    {
      "jour": "Wed, 18 Feb 2026 00:00:00 GMT",
      "total_vente": "10.00"
    },
    {
      "jour": "Sat, 21 Feb 2026 00:00:00 GMT",
      "total_vente": "14.00"
    }
  ],
  "name": "chart_ventes_30j",
  "success": true
}
2026-02-21T06:10:41.177Z | RESPONSE | POST | http://127.0.0.1:5000/api/dashboard/query | 200 | ok=true | duration_ms=331 | {
  "data": [
    {
      "ca_mois": "611.25",
      "mois": "2026-01"
    },
    {
      "ca_mois": "39.00",
      "mois": "2026-02"
    }
  ],
  "name": "chart_ca_mensuel_ytd",
  "success": true
}
2026-02-21T06:10:41.177Z | RESPONSE | POST | http://127.0.0.1:5000/api/dashboard/query | 200 | ok=true | duration_ms=331 | {
  "data": [
    {
      "an_semaine": 202601,
      "ca_semaine": "694.18",
      "debut_semaine": "Tue, 30 Dec 2025 00:00:00 GMT"
    },
    {
      "an_semaine": 202602,
      "ca_semaine": "76.50",
      "debut_semaine": "Tue, 06 Jan 2026 00:00:00 GMT"
    },
    {
      "an_semaine": 202603,
      "ca_semaine": "33.00",
      "debut_semaine": "Fri, 16 Jan 2026 00:00:00 GMT"
    },
    {
      "an_semaine": 202605,
      "ca_semaine": "111.00",
      "debut_semaine": "Fri, 30 Jan 2026 00:00:00 GMT"
    },
    {
      "an_semaine": 202608,
      "ca_semaine": "39.00",
      "debut_semaine": "Tue, 17 Feb 2026 00:00:00 GMT"
    }
  ],
  "name": "chart_ca_par_semaine_12",
  "success": true
}
2026-02-21T06:10:41.177Z | RESPONSE | POST | http://127.0.0.1:5000/api/dashboard/query | 200 | ok=true | duration_ms=330 | {
  "data": [
    {
      "produit": "Dexam??thasone 4ml/ml",
      "total_vendu": "8"
    },
    {
      "produit": "Dolaren plus 250mg",
      "total_vendu": "2"
    },
    {
      "produit": "Amoxicilline 500mg",
      "total_vendu": "2"
    },
    {
      "produit": "Bleu de m??thyl??ne 2%",
      "total_vendu": "2"
    },
    {
      "produit": "IBUCAP FORTE",
      "total_vendu": "2"
    }
  ],
  "name": "top5_produits_30j",
  "success": true
}
2026-02-21T06:10:41.177Z | RESPONSE | POST | http://127.0.0.1:5000/api/dashboard/query | 200 | ok=true | duration_ms=329 | {
  "data": [],
  "name": "chart_top_fournisseurs_30j",
  "success": true
}
2026-02-21T06:10:41.177Z | RESPONSE | POST | http://127.0.0.1:5000/api/dashboard/query | 200 | ok=true | duration_ms=330 | {
  "data": [
    {
      "ca": "121.00",
      "category": "Douleur"
    },
    {
      "ca": "120.00",
      "category": "Cortico"
    },
    {
      "ca": "20.00",
      "category": "Antidote"
    },
    {
      "ca": "15.00",
      "category": "Anti Inflamatoire"
    },
    {
      "ca": "10.00",
      "category": "Antibio"
    }
  ],
  "name": "repartition_categorie_30j",
  "success": true
}
2026-02-21T06:10:41.177Z | RESPONSE | POST | http://127.0.0.1:5000/api/dashboard/query | 200 | ok=true | duration_ms=329 | {
  "data": [],
  "name": "alertes_expiration_30j",
  "success": true
}
2026-02-21T06:10:41.177Z | RESPONSE | POST | http://127.0.0.1:5000/api/dashboard/query | 200 | ok=true | duration_ms=327 | {
  "data": [
    {
      "produit": "Sirop Toux",
      "seuil": 700,
      "total_stock": "129"
    },
    {
      "produit": "Amoxicilline 500mg",
      "seuil": 700,
      "total_stock": "315"
    }
  ],
  "name": "stock_bas",
  "success": true
}
2026-02-21T06:10:41.177Z | RESPONSE | POST | http://127.0.0.1:5000/api/dashboard/query | 200 | ok=true | duration_ms=327 | {
  "data": [
    {
      "produit": "Tramadol 50mg",
      "total_stock": "348"
    },
    {
      "produit": "Amoxicilline 500mg",
      "total_stock": "315"
    },
    {
      "produit": "Vitamine C 1000mg",
      "total_stock": "266"
    },
    {
      "produit": "Paracetamol 500mg",
      "total_stock": "195"
    },
    {
      "produit": "Sirop Toux",
      "total_stock": "129"
    },
    {
      "produit": "Bleu de m??thyl??ne 2%",
      "total_stock": "128"
    },
    {
      "produit": "Ibuprof??ne 400mg",
      "total_stock": "120"
    },
    {
      "produit": "Dolaren plus 250mg",
      "total_stock": "30"
    },
    {
      "produit": "Dexam??thasone 4ml/ml",
      "total_stock": "26"
    },
    {
      "produit": "Albendazole 400mg",
      "total_stock": "13"
    },
    {
      "produit": "IBUCAP FORTE",
      "total_stock": "8"
    }
  ],
  "name": "resume_stock",
  "success": true
}
2026-02-21T06:10:41.177Z | RESPONSE | POST | http://127.0.0.1:5000/api/dashboard/query | 200 | ok=true | duration_ms=326 | {
  "data": [
    {
      "ca": "172.44",
      "jour": "Tue, 30 Dec 2025 00:00:00 GMT",
      "sma7": "172.440000"
    },
    {
      "ca": "130.99",
      "jour": "Wed, 31 Dec 2025 00:00:00 GMT",
      "sma7": "151.715000"
    },
    {
      "ca": "67.00",
      "jour": "Fri, 02 Jan 2026 00:00:00 GMT",
      "sma7": "123.476667"
    },
    {
      "ca": "323.75",
      "jour": "Sun, 04 Jan 2026 00:00:00 GMT",
      "sma7": "173.545000"
    },
    {
      "ca": "76.50",
      "jour": "Tue, 06 Jan 2026 00:00:00 GMT",
      "sma7": "154.136000"
    },
    {
      "ca": "33.00",
      "jour": "Fri, 16 Jan 2026 00:00:00 GMT",
      "sma7": "133.946667"
    },
    {
      "ca": "111.00",
      "jour": "Fri, 30 Jan 2026 00:00:00 GMT",
      "sma7": "130.668571"
    },
    {
      "ca": "15.00",
      "jour": "Tue, 17 Feb 2026 00:00:00 GMT",
      "sma7": "108.177143"
    },
    {
      "ca": "10.00",
      "jour": "Wed, 18 Feb 2026 00:00:00 GMT",
      "sma7": "90.892857"
    },
    {
      "ca": "14.00",
      "jour": "Sat, 21 Feb 2026 00:00:00 GMT",
      "sma7": "83.321429"
    }
  ],
  "name": "forecast_sma7",
  "success": true
}
2026-02-21T06:10:56.741Z | REQUEST  | POST | http://127.0.0.1:5000/api/dashboard/query
2026-02-21T06:10:56.742Z | REQUEST  | POST | http://127.0.0.1:5000/api/dashboard/query
2026-02-21T06:10:56.742Z | REQUEST  | POST | http://127.0.0.1:5000/api/dashboard/query
2026-02-21T06:10:56.743Z | REQUEST  | POST | http://127.0.0.1:5000/api/dashboard/query
2026-02-21T06:10:56.744Z | REQUEST  | POST | http://127.0.0.1:5000/api/dashboard/query
2026-02-21T06:10:56.744Z | REQUEST  | POST | http://127.0.0.1:5000/api/dashboard/query
2026-02-21T06:10:56.745Z | REQUEST  | POST | http://127.0.0.1:5000/api/dashboard/query
2026-02-21T06:10:56.745Z | REQUEST  | POST | http://127.0.0.1:5000/api/dashboard/query
2026-02-21T06:10:56.746Z | REQUEST  | POST | http://127.0.0.1:5000/api/dashboard/query
2026-02-21T06:10:56.747Z | REQUEST  | POST | http://127.0.0.1:5000/api/dashboard/query
2026-02-21T06:10:56.747Z | REQUEST  | POST | http://127.0.0.1:5000/api/dashboard/query
2026-02-21T06:10:56.747Z | REQUEST  | POST | http://127.0.0.1:5000/api/dashboard/query
2026-02-21T06:10:56.748Z | REQUEST  | POST | http://127.0.0.1:5000/api/dashboard/query
2026-02-21T06:10:56.748Z | REQUEST  | POST | http://127.0.0.1:5000/api/dashboard/query
2026-02-21T06:10:56.749Z | REQUEST  | POST | http://127.0.0.1:5000/api/dashboard/query
2026-02-21T06:10:56.749Z | REQUEST  | POST | http://127.0.0.1:5000/api/dashboard/query
2026-02-21T06:10:56.750Z | REQUEST  | POST | http://127.0.0.1:5000/api/dashboard/query
2026-02-21T06:10:56.750Z | REQUEST  | POST | http://127.0.0.1:5000/api/dashboard/query
2026-02-21T06:10:56.751Z | REQUEST  | POST | http://127.0.0.1:5000/api/dashboard/query
2026-02-21T06:10:57.169Z | RESPONSE | POST | http://127.0.0.1:5000/api/dashboard/query | 200 | ok=true | duration_ms=339 | {
  "data": [
    {
      "ca_jour": "14.00"
    }
  ],
  "name": "kpi_ca_jour",
  "success": true
}
2026-02-21T06:10:57.169Z | RESPONSE | POST | http://127.0.0.1:5000/api/dashboard/query | 200 | ok=true | duration_ms=339 | {
  "data": [
    {
      "nb_ventes_jour": 1
    }
  ],
  "name": "kpi_nb_ventes_jour",
  "success": true
}
2026-02-21T06:10:57.169Z | RESPONSE | POST | http://127.0.0.1:5000/api/dashboard/query | 200 | ok=true | duration_ms=338 | {
  "data": [
    {
      "nb_produits_actifs": 11
    }
  ],
  "name": "kpi_nb_produits_actifs",
  "success": true
}
2026-02-21T06:10:57.169Z | RESPONSE | POST | http://127.0.0.1:5000/api/dashboard/query | 200 | ok=true | duration_ms=337 | {
  "data": [
    {
      "ca_ytd": "650.25"
    }
  ],
  "name": "kpi_ca_ytd",
  "success": true
}
2026-02-21T06:10:57.170Z | RESPONSE | POST | http://127.0.0.1:5000/api/dashboard/query | 200 | ok=true | duration_ms=339 | {
  "data": [
    {
      "nb_alertes_stock": 2
    }
  ],
  "name": "kpi_nb_alertes_stock",
  "success": true
}
2026-02-21T06:10:57.170Z | RESPONSE | POST | http://127.0.0.1:5000/api/dashboard/query | 200 | ok=true | duration_ms=339 | {
  "data": [
    {
      "valeur_stock": "9270.25"
    }
  ],
  "name": "kpi_valeur_stock",
  "success": true
}
2026-02-21T06:10:57.170Z | RESPONSE | POST | http://127.0.0.1:5000/api/dashboard/query | 200 | ok=true | duration_ms=338 | {
  "data": [
    {
      "nb_produits_expires_en_stock": 8
    }
  ],
  "name": "kpi_nb_produits_expires_en_stock",
  "success": true
}
2026-02-21T06:10:57.170Z | RESPONSE | POST | http://127.0.0.1:5000/api/dashboard/query | 200 | ok=true | duration_ms=338 | {
  "data": [
    {
      "marge_brute_30j": "-765.00"
    }
  ],
  "name": "kpi_marge_brute_30j",
  "success": true
}
2026-02-21T06:10:57.170Z | RESPONSE | POST | http://127.0.0.1:5000/api/dashboard/query | 200 | ok=true | duration_ms=336 | {
  "data": [
    {
      "ca_mois": "611.25",
      "mois": "2026-01"
    },
    {
      "ca_mois": "39.00",
      "mois": "2026-02"
    }
  ],
  "name": "chart_ca_mensuel_ytd",
  "success": true
}
2026-02-21T06:10:57.174Z | RESPONSE | POST | http://127.0.0.1:5000/api/dashboard/query | 200 | ok=true | duration_ms=337 | {
  "data": [
    {
      "jour": "Fri, 30 Jan 2026 00:00:00 GMT",
      "total_vente": "111.00"
    },
    {
      "jour": "Tue, 17 Feb 2026 00:00:00 GMT",
      "total_vente": "15.00"
    },
    {
      "jour": "Wed, 18 Feb 2026 00:00:00 GMT",
      "total_vente": "10.00"
    },
    {
      "jour": "Sat, 21 Feb 2026 00:00:00 GMT",
      "total_vente": "14.00"
    }
  ],
  "name": "chart_ventes_30j",
  "success": true
}
2026-02-21T06:10:57.175Z | RESPONSE | POST | http://127.0.0.1:5000/api/dashboard/query | 200 | ok=true | duration_ms=338 | {
  "data": [
    {
      "nb_fournisseurs_30j": 0
    }
  ],
  "name": "kpi_nb_fournisseurs_30j",
  "success": true
}
2026-02-21T06:10:57.175Z | RESPONSE | POST | http://127.0.0.1:5000/api/dashboard/query | 200 | ok=true | duration_ms=339 | {
  "data": [
    {
      "an_semaine": 202601,
      "ca_semaine": "694.18",
      "debut_semaine": "Tue, 30 Dec 2025 00:00:00 GMT"
    },
    {
      "an_semaine": 202602,
      "ca_semaine": "76.50",
      "debut_semaine": "Tue, 06 Jan 2026 00:00:00 GMT"
    },
    {
      "an_semaine": 202603,
      "ca_semaine": "33.00",
      "debut_semaine": "Fri, 16 Jan 2026 00:00:00 GMT"
    },
    {
      "an_semaine": 202605,
      "ca_semaine": "111.00",
      "debut_semaine": "Fri, 30 Jan 2026 00:00:00 GMT"
    },
    {
      "an_semaine": 202608,
      "ca_semaine": "39.00",
      "debut_semaine": "Tue, 17 Feb 2026 00:00:00 GMT"
    }
  ],
  "name": "chart_ca_par_semaine_12",
  "success": true
}
2026-02-21T06:10:57.175Z | RESPONSE | POST | http://127.0.0.1:5000/api/dashboard/query | 200 | ok=true | duration_ms=343 | {
  "data": [
    {
      "produit": "Dexam??thasone 4ml/ml",
      "total_vendu": "8"
    },
    {
      "produit": "Dolaren plus 250mg",
      "total_vendu": "2"
    },
    {
      "produit": "Amoxicilline 500mg",
      "total_vendu": "2"
    },
    {
      "produit": "Bleu de m??thyl??ne 2%",
      "total_vendu": "2"
    },
    {
      "produit": "IBUCAP FORTE",
      "total_vendu": "2"
    }
  ],
  "name": "top5_produits_30j",
  "success": true
}
2026-02-21T06:10:57.184Z | RESPONSE | POST | http://127.0.0.1:5000/api/dashboard/query | 200 | ok=true | duration_ms=343 | {
  "data": [
    {
      "ca": "121.00",
      "category": "Douleur"
    },
    {
      "ca": "120.00",
      "category": "Cortico"
    },
    {
      "ca": "20.00",
      "category": "Antidote"
    },
    {
      "ca": "15.00",
      "category": "Anti Inflamatoire"
    },
    {
      "ca": "10.00",
      "category": "Antibio"
    }
  ],
  "name": "repartition_categorie_30j",
  "success": true
}
2026-02-21T06:10:57.184Z | RESPONSE | POST | http://127.0.0.1:5000/api/dashboard/query | 200 | ok=true | duration_ms=343 | {
  "data": [],
  "name": "chart_top_fournisseurs_30j",
  "success": true
}
2026-02-21T06:10:57.184Z | RESPONSE | POST | http://127.0.0.1:5000/api/dashboard/query | 200 | ok=true | duration_ms=348 | {
  "data": [],
  "name": "alertes_expiration_30j",
  "success": true
}
2026-02-21T06:10:57.184Z | RESPONSE | POST | http://127.0.0.1:5000/api/dashboard/query | 200 | ok=true | duration_ms=348 | {
  "data": [
    {
      "produit": "Sirop Toux",
      "seuil": 700,
      "total_stock": "129"
    },
    {
      "produit": "Amoxicilline 500mg",
      "seuil": 700,
      "total_stock": "315"
    }
  ],
  "name": "stock_bas",
  "success": true
}
2026-02-21T06:10:57.185Z | RESPONSE | POST | http://127.0.0.1:5000/api/dashboard/query | 200 | ok=true | duration_ms=349 | {
  "data": [
    {
      "produit": "Tramadol 50mg",
      "total_stock": "348"
    },
    {
      "produit": "Amoxicilline 500mg",
      "total_stock": "315"
    },
    {
      "produit": "Vitamine C 1000mg",
      "total_stock": "266"
    },
    {
      "produit": "Paracetamol 500mg",
      "total_stock": "195"
    },
    {
      "produit": "Sirop Toux",
      "total_stock": "129"
    },
    {
      "produit": "Bleu de m??thyl??ne 2%",
      "total_stock": "128"
    },
    {
      "produit": "Ibuprof??ne 400mg",
      "total_stock": "120"
    },
    {
      "produit": "Dolaren plus 250mg",
      "total_stock": "30"
    },
    {
      "produit": "Dexam??thasone 4ml/ml",
      "total_stock": "26"
    },
    {
      "produit": "Albendazole 400mg",
      "total_stock": "13"
    },
    {
      "produit": "IBUCAP FORTE",
      "total_stock": "8"
    }
  ],
  "name": "resume_stock",
  "success": true
}
2026-02-21T06:10:57.185Z | RESPONSE | POST | http://127.0.0.1:5000/api/dashboard/query | 200 | ok=true | duration_ms=349 | {
  "data": [
    {
      "ca": "172.44",
      "jour": "Tue, 30 Dec 2025 00:00:00 GMT",
      "sma7": "172.440000"
    },
    {
      "ca": "130.99",
      "jour": "Wed, 31 Dec 2025 00:00:00 GMT",
      "sma7": "151.715000"
    },
    {
      "ca": "67.00",
      "jour": "Fri, 02 Jan 2026 00:00:00 GMT",
      "sma7": "123.476667"
    },
    {
      "ca": "323.75",
      "jour": "Sun, 04 Jan 2026 00:00:00 GMT",
      "sma7": "173.545000"
    },
    {
      "ca": "76.50",
      "jour": "Tue, 06 Jan 2026 00:00:00 GMT",
      "sma7": "154.136000"
    },
    {
      "ca": "33.00",
      "jour": "Fri, 16 Jan 2026 00:00:00 GMT",
      "sma7": "133.946667"
    },
    {
      "ca": "111.00",
      "jour": "Fri, 30 Jan 2026 00:00:00 GMT",
      "sma7": "130.668571"
    },
    {
      "ca": "15.00",
      "jour": "Tue, 17 Feb 2026 00:00:00 GMT",
      "sma7": "108.177143"
    },
    {
      "ca": "10.00",
      "jour": "Wed, 18 Feb 2026 00:00:00 GMT",
      "sma7": "90.892857"
    },
    {
      "ca": "14.00",
      "jour": "Sat, 21 Feb 2026 00:00:00 GMT",
      "sma7": "83.321429"
    }
  ],
  "name": "forecast_sma7",
  "success": true
}
2026-02-21T06:11:12.744Z | REQUEST  | POST | http://127.0.0.1:5000/api/dashboard/query
2026-02-21T06:11:12.745Z | REQUEST  | POST | http://127.0.0.1:5000/api/dashboard/query
2026-02-21T06:11:12.746Z | REQUEST  | POST | http://127.0.0.1:5000/api/dashboard/query
2026-02-21T06:11:12.747Z | REQUEST  | POST | http://127.0.0.1:5000/api/dashboard/query
2026-02-21T06:11:12.749Z | REQUEST  | POST | http://127.0.0.1:5000/api/dashboard/query
2026-02-21T06:11:12.749Z | REQUEST  | POST | http://127.0.0.1:5000/api/dashboard/query
2026-02-21T06:11:12.750Z | REQUEST  | POST | http://127.0.0.1:5000/api/dashboard/query
2026-02-21T06:11:12.750Z | REQUEST  | POST | http://127.0.0.1:5000/api/dashboard/query
2026-02-21T06:11:12.751Z | REQUEST  | POST | http://127.0.0.1:5000/api/dashboard/query
2026-02-21T06:11:12.752Z | REQUEST  | POST | http://127.0.0.1:5000/api/dashboard/query
2026-02-21T06:11:12.752Z | REQUEST  | POST | http://127.0.0.1:5000/api/dashboard/query
2026-02-21T06:11:12.753Z | REQUEST  | POST | http://127.0.0.1:5000/api/dashboard/query
2026-02-21T06:11:12.753Z | REQUEST  | POST | http://127.0.0.1:5000/api/dashboard/query
2026-02-21T06:11:12.754Z | REQUEST  | POST | http://127.0.0.1:5000/api/dashboard/query
2026-02-21T06:11:12.755Z | REQUEST  | POST | http://127.0.0.1:5000/api/dashboard/query
2026-02-21T06:11:12.755Z | REQUEST  | POST | http://127.0.0.1:5000/api/dashboard/query
2026-02-21T06:11:12.756Z | REQUEST  | POST | http://127.0.0.1:5000/api/dashboard/query
2026-02-21T06:11:12.757Z | REQUEST  | POST | http://127.0.0.1:5000/api/dashboard/query
2026-02-21T06:11:12.758Z | REQUEST  | POST | http://127.0.0.1:5000/api/dashboard/query
2026-02-21T06:11:13.416Z | RESPONSE | POST | http://127.0.0.1:5000/api/dashboard/query | 200 | ok=true | duration_ms=516 | {
  "data": [
    {
      "ca_jour": "14.00"
    }
  ],
  "name": "kpi_ca_jour",
  "success": true
}
2026-02-21T06:11:13.416Z | RESPONSE | POST | http://127.0.0.1:5000/api/dashboard/query | 200 | ok=true | duration_ms=521 | {
  "data": [
    {
      "nb_ventes_jour": 1
    }
  ],
  "name": "kpi_nb_ventes_jour",
  "success": true
}
2026-02-21T06:11:13.416Z | RESPONSE | POST | http://127.0.0.1:5000/api/dashboard/query | 200 | ok=true | duration_ms=524 | {
  "data": [
    {
      "nb_alertes_stock": 2
    }
  ],
  "name": "kpi_nb_alertes_stock",
  "success": true
}
2026-02-21T06:11:13.416Z | RESPONSE | POST | http://127.0.0.1:5000/api/dashboard/query | 200 | ok=true | duration_ms=555 | {
  "data": [
    {
      "nb_produits_actifs": 11
    }
  ],
  "name": "kpi_nb_produits_actifs",
  "success": true
}
2026-02-21T06:11:13.416Z | RESPONSE | POST | http://127.0.0.1:5000/api/dashboard/query | 200 | ok=true | duration_ms=561 | {
  "data": [
    {
      "valeur_stock": "9270.25"
    }
  ],
  "name": "kpi_valeur_stock",
  "success": true
}
2026-02-21T06:11:13.416Z | RESPONSE | POST | http://127.0.0.1:5000/api/dashboard/query | 200 | ok=true | duration_ms=566 | {
  "data": [
    {
      "ca_ytd": "650.25"
    }
  ],
  "name": "kpi_ca_ytd",
  "success": true
}
2026-02-21T06:11:13.416Z | RESPONSE | POST | http://127.0.0.1:5000/api/dashboard/query | 200 | ok=true | duration_ms=566 | {
  "data": [
    {
      "nb_produits_expires_en_stock": 8
    }
  ],
  "name": "kpi_nb_produits_expires_en_stock",
  "success": true
}
2026-02-21T06:11:13.416Z | RESPONSE | POST | http://127.0.0.1:5000/api/dashboard/query | 200 | ok=true | duration_ms=567 | {
  "data": [
    {
      "marge_brute_30j": "-765.00"
    }
  ],
  "name": "kpi_marge_brute_30j",
  "success": true
}
2026-02-21T06:11:13.416Z | RESPONSE | POST | http://127.0.0.1:5000/api/dashboard/query | 200 | ok=true | duration_ms=567 | {
  "data": [
    {
      "nb_fournisseurs_30j": 0
    }
  ],
  "name": "kpi_nb_fournisseurs_30j",
  "success": true
}
2026-02-21T06:11:13.416Z | RESPONSE | POST | http://127.0.0.1:5000/api/dashboard/query | 200 | ok=true | duration_ms=567 | {
  "data": [
    {
      "jour": "Fri, 30 Jan 2026 00:00:00 GMT",
      "total_vente": "111.00"
    },
    {
      "jour": "Tue, 17 Feb 2026 00:00:00 GMT",
      "total_vente": "15.00"
    },
    {
      "jour": "Wed, 18 Feb 2026 00:00:00 GMT",
      "total_vente": "10.00"
    },
    {
      "jour": "Sat, 21 Feb 2026 00:00:00 GMT",
      "total_vente": "14.00"
    }
  ],
  "name": "chart_ventes_30j",
  "success": true
}
2026-02-21T06:11:13.416Z | RESPONSE | POST | http://127.0.0.1:5000/api/dashboard/query | 200 | ok=true | duration_ms=567 | {
  "data": [
    {
      "ca_mois": "611.25",
      "mois": "2026-01"
    },
    {
      "ca_mois": "39.00",
      "mois": "2026-02"
    }
  ],
  "name": "chart_ca_mensuel_ytd",
  "success": true
}
2026-02-21T06:11:13.416Z | RESPONSE | POST | http://127.0.0.1:5000/api/dashboard/query | 200 | ok=true | duration_ms=567 | {
  "data": [
    {
      "an_semaine": 202601,
      "ca_semaine": "694.18",
      "debut_semaine": "Tue, 30 Dec 2025 00:00:00 GMT"
    },
    {
      "an_semaine": 202602,
      "ca_semaine": "76.50",
      "debut_semaine": "Tue, 06 Jan 2026 00:00:00 GMT"
    },
    {
      "an_semaine": 202603,
      "ca_semaine": "33.00",
      "debut_semaine": "Fri, 16 Jan 2026 00:00:00 GMT"
    },
    {
      "an_semaine": 202605,
      "ca_semaine": "111.00",
      "debut_semaine": "Fri, 30 Jan 2026 00:00:00 GMT"
    },
    {
      "an_semaine": 202608,
      "ca_semaine": "39.00",
      "debut_semaine": "Tue, 17 Feb 2026 00:00:00 GMT"
    }
  ],
  "name": "chart_ca_par_semaine_12",
  "success": true
}
2026-02-21T06:11:13.416Z | RESPONSE | POST | http://127.0.0.1:5000/api/dashboard/query | 200 | ok=true | duration_ms=567 | {
  "data": [
    {
      "produit": "Dexam??thasone 4ml/ml",
      "total_vendu": "8"
    },
    {
      "produit": "Dolaren plus 250mg",
      "total_vendu": "2"
    },
    {
      "produit": "Amoxicilline 500mg",
      "total_vendu": "2"
    },
    {
      "produit": "Bleu de m??thyl??ne 2%",
      "total_vendu": "2"
    },
    {
      "produit": "IBUCAP FORTE",
      "total_vendu": "2"
    }
  ],
  "name": "top5_produits_30j",
  "success": true
}
2026-02-21T06:11:13.417Z | RESPONSE | POST | http://127.0.0.1:5000/api/dashboard/query | 200 | ok=true | duration_ms=567 | {
  "data": [
    {
      "ca": "121.00",
      "category": "Douleur"
    },
    {
      "ca": "120.00",
      "category": "Cortico"
    },
    {
      "ca": "20.00",
      "category": "Antidote"
    },
    {
      "ca": "15.00",
      "category": "Anti Inflamatoire"
    },
    {
      "ca": "10.00",
      "category": "Antibio"
    }
  ],
  "name": "repartition_categorie_30j",
  "success": true
}
2026-02-21T06:11:13.417Z | RESPONSE | POST | http://127.0.0.1:5000/api/dashboard/query | 200 | ok=true | duration_ms=567 | {
  "data": [],
  "name": "chart_top_fournisseurs_30j",
  "success": true
}
2026-02-21T06:11:13.417Z | RESPONSE | POST | http://127.0.0.1:5000/api/dashboard/query | 200 | ok=true | duration_ms=567 | {
  "data": [],
  "name": "alertes_expiration_30j",
  "success": true
}
2026-02-21T06:11:13.417Z | RESPONSE | POST | http://127.0.0.1:5000/api/dashboard/query | 200 | ok=true | duration_ms=567 | {
  "data": [
    {
      "produit": "Sirop Toux",
      "seuil": 700,
      "total_stock": "129"
    },
    {
      "produit": "Amoxicilline 500mg",
      "seuil": 700,
      "total_stock": "315"
    }
  ],
  "name": "stock_bas",
  "success": true
}
2026-02-21T06:11:13.417Z | RESPONSE | POST | http://127.0.0.1:5000/api/dashboard/query | 200 | ok=true | duration_ms=566 | {
  "data": [
    {
      "produit": "Tramadol 50mg",
      "total_stock": "348"
    },
    {
      "produit": "Amoxicilline 500mg",
      "total_stock": "315"
    },
    {
      "produit": "Vitamine C 1000mg",
      "total_stock": "266"
    },
    {
      "produit": "Paracetamol 500mg",
      "total_stock": "195"
    },
    {
      "produit": "Sirop Toux",
      "total_stock": "129"
    },
    {
      "produit": "Bleu de m??thyl??ne 2%",
      "total_stock": "128"
    },
    {
      "produit": "Ibuprof??ne 400mg",
      "total_stock": "120"
    },
    {
      "produit": "Dolaren plus 250mg",
      "total_stock": "30"
    },
    {
      "produit": "Dexam??thasone 4ml/ml",
      "total_stock": "26"
    },
    {
      "produit": "Albendazole 400mg",
      "total_stock": "13"
    },
    {
      "produit": "IBUCAP FORTE",
      "total_stock": "8"
    }
  ],
  "name": "resume_stock",
  "success": true
}
2026-02-21T06:11:13.420Z | RESPONSE | POST | http://127.0.0.1:5000/api/dashboard/query | 200 | ok=true | duration_ms=565 | {
  "data": [
    {
      "ca": "172.44",
      "jour": "Tue, 30 Dec 2025 00:00:00 GMT",
      "sma7": "172.440000"
    },
    {
      "ca": "130.99",
      "jour": "Wed, 31 Dec 2025 00:00:00 GMT",
      "sma7": "151.715000"
    },
    {
      "ca": "67.00",
      "jour": "Fri, 02 Jan 2026 00:00:00 GMT",
      "sma7": "123.476667"
    },
    {
      "ca": "323.75",
      "jour": "Sun, 04 Jan 2026 00:00:00 GMT",
      "sma7": "173.545000"
    },
    {
      "ca": "76.50",
      "jour": "Tue, 06 Jan 2026 00:00:00 GMT",
      "sma7": "154.136000"
    },
    {
      "ca": "33.00",
      "jour": "Fri, 16 Jan 2026 00:00:00 GMT",
      "sma7": "133.946667"
    },
    {
      "ca": "111.00",
      "jour": "Fri, 30 Jan 2026 00:00:00 GMT",
      "sma7": "130.668571"
    },
    {
      "ca": "15.00",
      "jour": "Tue, 17 Feb 2026 00:00:00 GMT",
      "sma7": "108.177143"
    },
    {
      "ca": "10.00",
      "jour": "Wed, 18 Feb 2026 00:00:00 GMT",
      "sma7": "90.892857"
    },
    {
      "ca": "14.00",
      "jour": "Sat, 21 Feb 2026 00:00:00 GMT",
      "sma7": "83.321429"
    }
  ],
  "name": "forecast_sma7",
  "success": true
}
2026-02-21T06:11:28.923Z | REQUEST  | POST | http://127.0.0.1:5000/api/dashboard/query
2026-02-21T06:11:28.924Z | REQUEST  | POST | http://127.0.0.1:5000/api/dashboard/query
2026-02-21T06:11:28.924Z | REQUEST  | POST | http://127.0.0.1:5000/api/dashboard/query
2026-02-21T06:11:28.925Z | REQUEST  | POST | http://127.0.0.1:5000/api/dashboard/query
2026-02-21T06:11:28.925Z | REQUEST  | POST | http://127.0.0.1:5000/api/dashboard/query
2026-02-21T06:11:28.926Z | REQUEST  | POST | http://127.0.0.1:5000/api/dashboard/query
2026-02-21T06:11:28.927Z | REQUEST  | POST | http://127.0.0.1:5000/api/dashboard/query
2026-02-21T06:11:28.927Z | REQUEST  | POST | http://127.0.0.1:5000/api/dashboard/query
2026-02-21T06:11:28.928Z | REQUEST  | POST | http://127.0.0.1:5000/api/dashboard/query
2026-02-21T06:11:28.928Z | REQUEST  | POST | http://127.0.0.1:5000/api/dashboard/query
2026-02-21T06:11:28.929Z | REQUEST  | POST | http://127.0.0.1:5000/api/dashboard/query
2026-02-21T06:11:28.929Z | REQUEST  | POST | http://127.0.0.1:5000/api/dashboard/query
2026-02-21T06:11:28.929Z | REQUEST  | POST | http://127.0.0.1:5000/api/dashboard/query
2026-02-21T06:11:28.930Z | REQUEST  | POST | http://127.0.0.1:5000/api/dashboard/query
2026-02-21T06:11:28.930Z | REQUEST  | POST | http://127.0.0.1:5000/api/dashboard/query
2026-02-21T06:11:28.931Z | REQUEST  | POST | http://127.0.0.1:5000/api/dashboard/query
2026-02-21T06:11:28.931Z | REQUEST  | POST | http://127.0.0.1:5000/api/dashboard/query
2026-02-21T06:11:28.932Z | REQUEST  | POST | http://127.0.0.1:5000/api/dashboard/query
2026-02-21T06:11:28.933Z | REQUEST  | POST | http://127.0.0.1:5000/api/dashboard/query
2026-02-21T06:11:33.819Z | RESPONSE | POST | http://127.0.0.1:5000/api/dashboard/query | 200 | ok=true | duration_ms=4576 | {
  "data": [
    {
      "ca_jour": "14.00"
    }
  ],
  "name": "kpi_ca_jour",
  "success": true
}
2026-02-21T06:11:33.825Z | RESPONSE | POST | http://127.0.0.1:5000/api/dashboard/query | 200 | ok=true | duration_ms=4576 | {
  "data": [
    {
      "nb_ventes_jour": 1
    }
  ],
  "name": "kpi_nb_ventes_jour",
  "success": true
}
2026-02-21T06:11:33.825Z | RESPONSE | POST | http://127.0.0.1:5000/api/dashboard/query | 200 | ok=true | duration_ms=4578 | {
  "data": [
    {
      "nb_alertes_stock": 2
    }
  ],
  "name": "kpi_nb_alertes_stock",
  "success": true
}
2026-02-21T06:11:33.825Z | RESPONSE | POST | http://127.0.0.1:5000/api/dashboard/query | 200 | ok=true | duration_ms=4578 | {
  "data": [
    {
      "nb_produits_actifs": 11
    }
  ],
  "name": "kpi_nb_produits_actifs",
  "success": true
}
2026-02-21T06:11:33.825Z | RESPONSE | POST | http://127.0.0.1:5000/api/dashboard/query | 200 | ok=true | duration_ms=4579 | {
  "data": [
    {
      "valeur_stock": "9270.25"
    }
  ],
  "name": "kpi_valeur_stock",
  "success": true
}
2026-02-21T06:11:33.825Z | RESPONSE | POST | http://127.0.0.1:5000/api/dashboard/query | 200 | ok=true | duration_ms=4579 | {
  "data": [
    {
      "ca_ytd": "650.25"
    }
  ],
  "name": "kpi_ca_ytd",
  "success": true
}
2026-02-21T06:11:33.826Z | RESPONSE | POST | http://127.0.0.1:5000/api/dashboard/query | 200 | ok=true | duration_ms=4579 | {
  "data": [
    {
      "nb_produits_expires_en_stock": 8
    }
  ],
  "name": "kpi_nb_produits_expires_en_stock",
  "success": true
}
2026-02-21T06:11:33.826Z | RESPONSE | POST | http://127.0.0.1:5000/api/dashboard/query | 200 | ok=true | duration_ms=4580 | {
  "data": [
    {
      "marge_brute_30j": "-765.00"
    }
  ],
  "name": "kpi_marge_brute_30j",
  "success": true
}
2026-02-21T06:11:33.826Z | RESPONSE | POST | http://127.0.0.1:5000/api/dashboard/query | 200 | ok=true | duration_ms=4580 | {
  "data": [
    {
      "nb_fournisseurs_30j": 0
    }
  ],
  "name": "kpi_nb_fournisseurs_30j",
  "success": true
}
2026-02-21T06:11:33.826Z | RESPONSE | POST | http://127.0.0.1:5000/api/dashboard/query | 200 | ok=true | duration_ms=4581 | {
  "data": [
    {
      "jour": "Fri, 30 Jan 2026 00:00:00 GMT",
      "total_vente": "111.00"
    },
    {
      "jour": "Tue, 17 Feb 2026 00:00:00 GMT",
      "total_vente": "15.00"
    },
    {
      "jour": "Wed, 18 Feb 2026 00:00:00 GMT",
      "total_vente": "10.00"
    },
    {
      "jour": "Sat, 21 Feb 2026 00:00:00 GMT",
      "total_vente": "14.00"
    }
  ],
  "name": "chart_ventes_30j",
  "success": true
}
2026-02-21T06:11:33.826Z | RESPONSE | POST | http://127.0.0.1:5000/api/dashboard/query | 200 | ok=true | duration_ms=4581 | {
  "data": [
    {
      "ca_mois": "611.25",
      "mois": "2026-01"
    },
    {
      "ca_mois": "39.00",
      "mois": "2026-02"
    }
  ],
  "name": "chart_ca_mensuel_ytd",
  "success": true
}
2026-02-21T06:11:33.826Z | RESPONSE | POST | http://127.0.0.1:5000/api/dashboard/query | 200 | ok=true | duration_ms=4582 | {
  "data": [
    {
      "an_semaine": 202601,
      "ca_semaine": "694.18",
      "debut_semaine": "Tue, 30 Dec 2025 00:00:00 GMT"
    },
    {
      "an_semaine": 202602,
      "ca_semaine": "76.50",
      "debut_semaine": "Tue, 06 Jan 2026 00:00:00 GMT"
    },
    {
      "an_semaine": 202603,
      "ca_semaine": "33.00",
      "debut_semaine": "Fri, 16 Jan 2026 00:00:00 GMT"
    },
    {
      "an_semaine": 202605,
      "ca_semaine": "111.00",
      "debut_semaine": "Fri, 30 Jan 2026 00:00:00 GMT"
    },
    {
      "an_semaine": 202608,
      "ca_semaine": "39.00",
      "debut_semaine": "Tue, 17 Feb 2026 00:00:00 GMT"
    }
  ],
  "name": "chart_ca_par_semaine_12",
  "success": true
}
2026-02-21T06:11:33.826Z | RESPONSE | POST | http://127.0.0.1:5000/api/dashboard/query | 200 | ok=true | duration_ms=4583 | {
  "data": [
    {
      "produit": "Dexam??thasone 4ml/ml",
      "total_vendu": "8"
    },
    {
      "produit": "Dolaren plus 250mg",
      "total_vendu": "2"
    },
    {
      "produit": "Amoxicilline 500mg",
      "total_vendu": "2"
    },
    {
      "produit": "Bleu de m??thyl??ne 2%",
      "total_vendu": "2"
    },
    {
      "produit": "IBUCAP FORTE",
      "total_vendu": "2"
    }
  ],
  "name": "top5_produits_30j",
  "success": true
}
2026-02-21T06:11:33.826Z | RESPONSE | POST | http://127.0.0.1:5000/api/dashboard/query | 200 | ok=true | duration_ms=4583 | {
  "data": [
    {
      "ca": "121.00",
      "category": "Douleur"
    },
    {
      "ca": "120.00",
      "category": "Cortico"
    },
    {
      "ca": "20.00",
      "category": "Antidote"
    },
    {
      "ca": "15.00",
      "category": "Anti Inflamatoire"
    },
    {
      "ca": "10.00",
      "category": "Antibio"
    }
  ],
  "name": "repartition_categorie_30j",
  "success": true
}
2026-02-21T06:11:33.826Z | RESPONSE | POST | http://127.0.0.1:5000/api/dashboard/query | 200 | ok=true | duration_ms=4591 | {
  "data": [],
  "name": "chart_top_fournisseurs_30j",
  "success": true
}
2026-02-21T06:11:33.826Z | RESPONSE | POST | http://127.0.0.1:5000/api/dashboard/query | 200 | ok=true | duration_ms=4591 | {
  "data": [],
  "name": "alertes_expiration_30j",
  "success": true
}
2026-02-21T06:11:33.826Z | RESPONSE | POST | http://127.0.0.1:5000/api/dashboard/query | 200 | ok=true | duration_ms=4593 | {
  "data": [
    {
      "produit": "Sirop Toux",
      "seuil": 700,
      "total_stock": "129"
    },
    {
      "produit": "Amoxicilline 500mg",
      "seuil": 700,
      "total_stock": "315"
    }
  ],
  "name": "stock_bas",
  "success": true
}
2026-02-21T06:11:33.826Z | RESPONSE | POST | http://127.0.0.1:5000/api/dashboard/query | 200 | ok=true | duration_ms=4593 | {
  "data": [
    {
      "produit": "Tramadol 50mg",
      "total_stock": "348"
    },
    {
      "produit": "Amoxicilline 500mg",
      "total_stock": "315"
    },
    {
      "produit": "Vitamine C 1000mg",
      "total_stock": "266"
    },
    {
      "produit": "Paracetamol 500mg",
      "total_stock": "195"
    },
    {
      "produit": "Sirop Toux",
      "total_stock": "129"
    },
    {
      "produit": "Bleu de m??thyl??ne 2%",
      "total_stock": "128"
    },
    {
      "produit": "Ibuprof??ne 400mg",
      "total_stock": "120"
    },
    {
      "produit": "Dolaren plus 250mg",
      "total_stock": "30"
    },
    {
      "produit": "Dexam??thasone 4ml/ml",
      "total_stock": "26"
    },
    {
      "produit": "Albendazole 400mg",
      "total_stock": "13"
    },
    {
      "produit": "IBUCAP FORTE",
      "total_stock": "8"
    }
  ],
  "name": "resume_stock",
  "success": true
}
2026-02-21T06:11:33.826Z | RESPONSE | POST | http://127.0.0.1:5000/api/dashboard/query | 200 | ok=true | duration_ms=4593 | {
  "data": [
    {
      "ca": "172.44",
      "jour": "Tue, 30 Dec 2025 00:00:00 GMT",
      "sma7": "172.440000"
    },
    {
      "ca": "130.99",
      "jour": "Wed, 31 Dec 2025 00:00:00 GMT",
      "sma7": "151.715000"
    },
    {
      "ca": "67.00",
      "jour": "Fri, 02 Jan 2026 00:00:00 GMT",
      "sma7": "123.476667"
    },
    {
      "ca": "323.75",
      "jour": "Sun, 04 Jan 2026 00:00:00 GMT",
      "sma7": "173.545000"
    },
    {
      "ca": "76.50",
      "jour": "Tue, 06 Jan 2026 00:00:00 GMT",
      "sma7": "154.136000"
    },
    {
      "ca": "33.00",
      "jour": "Fri, 16 Jan 2026 00:00:00 GMT",
      "sma7": "133.946667"
    },
    {
      "ca": "111.00",
      "jour": "Fri, 30 Jan 2026 00:00:00 GMT",
      "sma7": "130.668571"
    },
    {
      "ca": "15.00",
      "jour": "Tue, 17 Feb 2026 00:00:00 GMT",
      "sma7": "108.177143"
    },
    {
      "ca": "10.00",
      "jour": "Wed, 18 Feb 2026 00:00:00 GMT",
      "sma7": "90.892857"
    },
    {
      "ca": "14.00",
      "jour": "Sat, 21 Feb 2026 00:00:00 GMT",
      "sma7": "83.321429"
    }
  ],
  "name": "forecast_sma7",
  "success": true
}
2026-02-21T06:11:44.727Z | REQUEST  | POST | http://127.0.0.1:5000/api/dashboard/query
2026-02-21T06:11:44.728Z | REQUEST  | POST | http://127.0.0.1:5000/api/dashboard/query
2026-02-21T06:11:44.728Z | REQUEST  | POST | http://127.0.0.1:5000/api/dashboard/query
2026-02-21T06:11:44.729Z | REQUEST  | POST | http://127.0.0.1:5000/api/dashboard/query
2026-02-21T06:11:44.729Z | REQUEST  | POST | http://127.0.0.1:5000/api/dashboard/query
2026-02-21T06:11:44.730Z | REQUEST  | POST | http://127.0.0.1:5000/api/dashboard/query
2026-02-21T06:11:44.730Z | REQUEST  | POST | http://127.0.0.1:5000/api/dashboard/query
2026-02-21T06:11:44.731Z | REQUEST  | POST | http://127.0.0.1:5000/api/dashboard/query
2026-02-21T06:11:44.731Z | REQUEST  | POST | http://127.0.0.1:5000/api/dashboard/query
2026-02-21T06:11:44.732Z | REQUEST  | POST | http://127.0.0.1:5000/api/dashboard/query
2026-02-21T06:11:44.732Z | REQUEST  | POST | http://127.0.0.1:5000/api/dashboard/query
2026-02-21T06:11:44.733Z | REQUEST  | POST | http://127.0.0.1:5000/api/dashboard/query
2026-02-21T06:11:44.733Z | REQUEST  | POST | http://127.0.0.1:5000/api/dashboard/query
2026-02-21T06:11:44.734Z | REQUEST  | POST | http://127.0.0.1:5000/api/dashboard/query
2026-02-21T06:11:44.734Z | REQUEST  | POST | http://127.0.0.1:5000/api/dashboard/query
2026-02-21T06:11:44.735Z | REQUEST  | POST | http://127.0.0.1:5000/api/dashboard/query
2026-02-21T06:11:44.735Z | REQUEST  | POST | http://127.0.0.1:5000/api/dashboard/query
2026-02-21T06:11:44.736Z | REQUEST  | POST | http://127.0.0.1:5000/api/dashboard/query
2026-02-21T06:11:44.738Z | REQUEST  | POST | http://127.0.0.1:5000/api/dashboard/query
2026-02-21T06:11:45.886Z | RESPONSE | POST | http://127.0.0.1:5000/api/dashboard/query | 200 | ok=true | duration_ms=642 | {
  "data": [
    {
      "ca_jour": "14.00"
    }
  ],
  "name": "kpi_ca_jour",
  "success": true
}
2026-02-21T06:11:45.886Z | RESPONSE | POST | http://127.0.0.1:5000/api/dashboard/query | 200 | ok=true | duration_ms=645 | {
  "data": [
    {
      "nb_ventes_jour": 1
    }
  ],
  "name": "kpi_nb_ventes_jour",
  "success": true
}
2026-02-21T06:11:45.886Z | RESPONSE | POST | http://127.0.0.1:5000/api/dashboard/query | 200 | ok=true | duration_ms=645 | {
  "data": [
    {
      "nb_alertes_stock": 2
    }
  ],
  "name": "kpi_nb_alertes_stock",
  "success": true
}
2026-02-21T06:11:45.886Z | RESPONSE | POST | http://127.0.0.1:5000/api/dashboard/query | 200 | ok=true | duration_ms=645 | {
  "data": [
    {
      "nb_produits_actifs": 11
    }
  ],
  "name": "kpi_nb_produits_actifs",
  "success": true
}
2026-02-21T06:11:45.886Z | RESPONSE | POST | http://127.0.0.1:5000/api/dashboard/query | 200 | ok=true | duration_ms=644 | {
  "data": [
    {
      "valeur_stock": "9270.25"
    }
  ],
  "name": "kpi_valeur_stock",
  "success": true
}
2026-02-21T06:11:45.886Z | RESPONSE | POST | http://127.0.0.1:5000/api/dashboard/query | 200 | ok=true | duration_ms=645 | {
  "data": [
    {
      "ca_ytd": "650.25"
    }
  ],
  "name": "kpi_ca_ytd",
  "success": true
}
2026-02-21T06:11:45.891Z | RESPONSE | POST | http://127.0.0.1:5000/api/dashboard/query | 200 | ok=true | duration_ms=645 | {
  "data": [
    {
      "nb_produits_expires_en_stock": 8
    }
  ],
  "name": "kpi_nb_produits_expires_en_stock",
  "success": true
}
2026-02-21T06:11:45.891Z | RESPONSE | POST | http://127.0.0.1:5000/api/dashboard/query | 200 | ok=true | duration_ms=644 | {
  "data": [
    {
      "nb_fournisseurs_30j": 0
    }
  ],
  "name": "kpi_nb_fournisseurs_30j",
  "success": true
}
2026-02-21T06:11:45.891Z | RESPONSE | POST | http://127.0.0.1:5000/api/dashboard/query | 200 | ok=true | duration_ms=645 | {
  "data": [
    {
      "marge_brute_30j": "-765.00"
    }
  ],
  "name": "kpi_marge_brute_30j",
  "success": true
}
2026-02-21T06:11:45.891Z | RESPONSE | POST | http://127.0.0.1:5000/api/dashboard/query | 200 | ok=true | duration_ms=645 | {
  "data": [
    {
      "jour": "Fri, 30 Jan 2026 00:00:00 GMT",
      "total_vente": "111.00"
    },
    {
      "jour": "Tue, 17 Feb 2026 00:00:00 GMT",
      "total_vente": "15.00"
    },
    {
      "jour": "Wed, 18 Feb 2026 00:00:00 GMT",
      "total_vente": "10.00"
    },
    {
      "jour": "Sat, 21 Feb 2026 00:00:00 GMT",
      "total_vente": "14.00"
    }
  ],
  "name": "chart_ventes_30j",
  "success": true
}
2026-02-21T06:11:45.891Z | RESPONSE | POST | http://127.0.0.1:5000/api/dashboard/query | 200 | ok=true | duration_ms=644 | {
  "data": [
    {
      "ca_mois": "611.25",
      "mois": "2026-01"
    },
    {
      "ca_mois": "39.00",
      "mois": "2026-02"
    }
  ],
  "name": "chart_ca_mensuel_ytd",
  "success": true
}
2026-02-21T06:11:45.891Z | RESPONSE | POST | http://127.0.0.1:5000/api/dashboard/query | 200 | ok=true | duration_ms=645 | {
  "data": [
    {
      "an_semaine": 202601,
      "ca_semaine": "694.18",
      "debut_semaine": "Tue, 30 Dec 2025 00:00:00 GMT"
    },
    {
      "an_semaine": 202602,
      "ca_semaine": "76.50",
      "debut_semaine": "Tue, 06 Jan 2026 00:00:00 GMT"
    },
    {
      "an_semaine": 202603,
      "ca_semaine": "33.00",
      "debut_semaine": "Fri, 16 Jan 2026 00:00:00 GMT"
    },
    {
      "an_semaine": 202605,
      "ca_semaine": "111.00",
      "debut_semaine": "Fri, 30 Jan 2026 00:00:00 GMT"
    },
    {
      "an_semaine": 202608,
      "ca_semaine": "39.00",
      "debut_semaine": "Tue, 17 Feb 2026 00:00:00 GMT"
    }
  ],
  "name": "chart_ca_par_semaine_12",
  "success": true
}
2026-02-21T06:11:45.891Z | RESPONSE | POST | http://127.0.0.1:5000/api/dashboard/query | 200 | ok=true | duration_ms=645 | {
  "data": [
    {
      "produit": "Dexam??thasone 4ml/ml",
      "total_vendu": "8"
    },
    {
      "produit": "Dolaren plus 250mg",
      "total_vendu": "2"
    },
    {
      "produit": "Amoxicilline 500mg",
      "total_vendu": "2"
    },
    {
      "produit": "Bleu de m??thyl??ne 2%",
      "total_vendu": "2"
    },
    {
      "produit": "IBUCAP FORTE",
      "total_vendu": "2"
    }
  ],
  "name": "top5_produits_30j",
  "success": true
}
2026-02-21T06:11:45.891Z | RESPONSE | POST | http://127.0.0.1:5000/api/dashboard/query | 200 | ok=true | duration_ms=644 | {
  "data": [],
  "name": "chart_top_fournisseurs_30j",
  "success": true
}
2026-02-21T06:11:45.891Z | RESPONSE | POST | http://127.0.0.1:5000/api/dashboard/query | 200 | ok=true | duration_ms=645 | {
  "data": [
    {
      "ca": "121.00",
      "category": "Douleur"
    },
    {
      "ca": "120.00",
      "category": "Cortico"
    },
    {
      "ca": "20.00",
      "category": "Antidote"
    },
    {
      "ca": "15.00",
      "category": "Anti Inflamatoire"
    },
    {
      "ca": "10.00",
      "category": "Antibio"
    }
  ],
  "name": "repartition_categorie_30j",
  "success": true
}
2026-02-21T06:11:45.892Z | RESPONSE | POST | http://127.0.0.1:5000/api/dashboard/query | 200 | ok=true | duration_ms=647 | {
  "data": [],
  "name": "alertes_expiration_30j",
  "success": true
}
2026-02-21T06:11:45.892Z | RESPONSE | POST | http://127.0.0.1:5000/api/dashboard/query | 200 | ok=true | duration_ms=644 | {
  "data": [
    {
      "ca": "172.44",
      "jour": "Tue, 30 Dec 2025 00:00:00 GMT",
      "sma7": "172.440000"
    },
    {
      "ca": "130.99",
      "jour": "Wed, 31 Dec 2025 00:00:00 GMT",
      "sma7": "151.715000"
    },
    {
      "ca": "67.00",
      "jour": "Fri, 02 Jan 2026 00:00:00 GMT",
      "sma7": "123.476667"
    },
    {
      "ca": "323.75",
      "jour": "Sun, 04 Jan 2026 00:00:00 GMT",
      "sma7": "173.545000"
    },
    {
      "ca": "76.50",
      "jour": "Tue, 06 Jan 2026 00:00:00 GMT",
      "sma7": "154.136000"
    },
    {
      "ca": "33.00",
      "jour": "Fri, 16 Jan 2026 00:00:00 GMT",
      "sma7": "133.946667"
    },
    {
      "ca": "111.00",
      "jour": "Fri, 30 Jan 2026 00:00:00 GMT",
      "sma7": "130.668571"
    },
    {
      "ca": "15.00",
      "jour": "Tue, 17 Feb 2026 00:00:00 GMT",
      "sma7": "108.177143"
    },
    {
      "ca": "10.00",
      "jour": "Wed, 18 Feb 2026 00:00:00 GMT",
      "sma7": "90.892857"
    },
    {
      "ca": "14.00",
      "jour": "Sat, 21 Feb 2026 00:00:00 GMT",
      "sma7": "83.321429"
    }
  ],
  "name": "forecast_sma7",
  "success": true
}
2026-02-21T06:11:45.892Z | RESPONSE | POST | http://127.0.0.1:5000/api/dashboard/query | 200 | ok=true | duration_ms=647 | {
  "data": [
    {
      "produit": "Tramadol 50mg",
      "total_stock": "348"
    },
    {
      "produit": "Amoxicilline 500mg",
      "total_stock": "315"
    },
    {
      "produit": "Vitamine C 1000mg",
      "total_stock": "266"
    },
    {
      "produit": "Paracetamol 500mg",
      "total_stock": "195"
    },
    {
      "produit": "Sirop Toux",
      "total_stock": "129"
    },
    {
      "produit": "Bleu de m??thyl??ne 2%",
      "total_stock": "128"
    },
    {
      "produit": "Ibuprof??ne 400mg",
      "total_stock": "120"
    },
    {
      "produit": "Dolaren plus 250mg",
      "total_stock": "30"
    },
    {
      "produit": "Dexam??thasone 4ml/ml",
      "total_stock": "26"
    },
    {
      "produit": "Albendazole 400mg",
      "total_stock": "13"
    },
    {
      "produit": "IBUCAP FORTE",
      "total_stock": "8"
    }
  ],
  "name": "resume_stock",
  "success": true
}
2026-02-21T06:11:45.892Z | RESPONSE | POST | http://127.0.0.1:5000/api/dashboard/query | 200 | ok=true | duration_ms=648 | {
  "data": [
    {
      "produit": "Sirop Toux",
      "seuil": 700,
      "total_stock": "129"
    },
    {
      "produit": "Amoxicilline 500mg",
      "seuil": 700,
      "total_stock": "315"
    }
  ],
  "name": "stock_bas",
  "success": true
}
2026-02-21T06:12:00.714Z | REQUEST  | POST | http://127.0.0.1:5000/api/dashboard/query
2026-02-21T06:12:00.714Z | REQUEST  | POST | http://127.0.0.1:5000/api/dashboard/query
2026-02-21T06:12:00.715Z | REQUEST  | POST | http://127.0.0.1:5000/api/dashboard/query
2026-02-21T06:12:00.716Z | REQUEST  | POST | http://127.0.0.1:5000/api/dashboard/query
2026-02-21T06:12:00.716Z | REQUEST  | POST | http://127.0.0.1:5000/api/dashboard/query
2026-02-21T06:12:00.716Z | REQUEST  | POST | http://127.0.0.1:5000/api/dashboard/query
2026-02-21T06:12:00.717Z | REQUEST  | POST | http://127.0.0.1:5000/api/dashboard/query
2026-02-21T06:12:00.717Z | REQUEST  | POST | http://127.0.0.1:5000/api/dashboard/query
2026-02-21T06:12:00.718Z | REQUEST  | POST | http://127.0.0.1:5000/api/dashboard/query
2026-02-21T06:12:00.718Z | REQUEST  | POST | http://127.0.0.1:5000/api/dashboard/query
2026-02-21T06:12:00.719Z | REQUEST  | POST | http://127.0.0.1:5000/api/dashboard/query
2026-02-21T06:12:00.719Z | REQUEST  | POST | http://127.0.0.1:5000/api/dashboard/query
2026-02-21T06:12:00.720Z | REQUEST  | POST | http://127.0.0.1:5000/api/dashboard/query
2026-02-21T06:12:00.720Z | REQUEST  | POST | http://127.0.0.1:5000/api/dashboard/query
2026-02-21T06:12:00.721Z | REQUEST  | POST | http://127.0.0.1:5000/api/dashboard/query
2026-02-21T06:12:00.721Z | REQUEST  | POST | http://127.0.0.1:5000/api/dashboard/query
2026-02-21T06:12:00.721Z | REQUEST  | POST | http://127.0.0.1:5000/api/dashboard/query
2026-02-21T06:12:00.722Z | REQUEST  | POST | http://127.0.0.1:5000/api/dashboard/query
2026-02-21T06:12:00.722Z | REQUEST  | POST | http://127.0.0.1:5000/api/dashboard/query
2026-02-21T06:12:01.199Z | RESPONSE | POST | http://127.0.0.1:5000/api/dashboard/query | 200 | ok=true | duration_ms=434 | {
  "data": [
    {
      "ca_jour": "14.00"
    }
  ],
  "name": "kpi_ca_jour",
  "success": true
}
2026-02-21T06:12:01.201Z | RESPONSE | POST | http://127.0.0.1:5000/api/dashboard/query | 200 | ok=true | duration_ms=434 | {
  "data": [
    {
      "nb_ventes_jour": 1
    }
  ],
  "name": "kpi_nb_ventes_jour",
  "success": true
}
2026-02-21T06:12:01.201Z | RESPONSE | POST | http://127.0.0.1:5000/api/dashboard/query | 200 | ok=true | duration_ms=434 | {
  "data": [
    {
      "nb_alertes_stock": 2
    }
  ],
  "name": "kpi_nb_alertes_stock",
  "success": true
}
2026-02-21T06:12:01.201Z | RESPONSE | POST | http://127.0.0.1:5000/api/dashboard/query | 200 | ok=true | duration_ms=434 | {
  "data": [
    {
      "nb_produits_actifs": 11
    }
  ],
  "name": "kpi_nb_produits_actifs",
  "success": true
}
2026-02-21T06:12:01.201Z | RESPONSE | POST | http://127.0.0.1:5000/api/dashboard/query | 200 | ok=true | duration_ms=434 | {
  "data": [
    {
      "valeur_stock": "9270.25"
    }
  ],
  "name": "kpi_valeur_stock",
  "success": true
}
2026-02-21T06:12:01.201Z | RESPONSE | POST | http://127.0.0.1:5000/api/dashboard/query | 200 | ok=true | duration_ms=434 | {
  "data": [
    {
      "ca_ytd": "650.25"
    }
  ],
  "name": "kpi_ca_ytd",
  "success": true
}
2026-02-21T06:12:01.201Z | RESPONSE | POST | http://127.0.0.1:5000/api/dashboard/query | 200 | ok=true | duration_ms=434 | {
  "data": [
    {
      "nb_produits_expires_en_stock": 8
    }
  ],
  "name": "kpi_nb_produits_expires_en_stock",
  "success": true
}
2026-02-21T06:12:01.201Z | RESPONSE | POST | http://127.0.0.1:5000/api/dashboard/query | 200 | ok=true | duration_ms=434 | {
  "data": [
    {
      "marge_brute_30j": "-765.00"
    }
  ],
  "name": "kpi_marge_brute_30j",
  "success": true
}
2026-02-21T06:12:01.201Z | RESPONSE | POST | http://127.0.0.1:5000/api/dashboard/query | 200 | ok=true | duration_ms=433 | {
  "data": [
    {
      "nb_fournisseurs_30j": 0
    }
  ],
  "name": "kpi_nb_fournisseurs_30j",
  "success": true
}
2026-02-21T06:12:01.201Z | RESPONSE | POST | http://127.0.0.1:5000/api/dashboard/query | 200 | ok=true | duration_ms=433 | {
  "data": [
    {
      "jour": "Fri, 30 Jan 2026 00:00:00 GMT",
      "total_vente": "111.00"
    },
    {
      "jour": "Tue, 17 Feb 2026 00:00:00 GMT",
      "total_vente": "15.00"
    },
    {
      "jour": "Wed, 18 Feb 2026 00:00:00 GMT",
      "total_vente": "10.00"
    },
    {
      "jour": "Sat, 21 Feb 2026 00:00:00 GMT",
      "total_vente": "14.00"
    }
  ],
  "name": "chart_ventes_30j",
  "success": true
}
2026-02-21T06:12:01.201Z | RESPONSE | POST | http://127.0.0.1:5000/api/dashboard/query | 200 | ok=true | duration_ms=433 | {
  "data": [
    {
      "ca_mois": "611.25",
      "mois": "2026-01"
    },
    {
      "ca_mois": "39.00",
      "mois": "2026-02"
    }
  ],
  "name": "chart_ca_mensuel_ytd",
  "success": true
}
2026-02-21T06:12:01.201Z | RESPONSE | POST | http://127.0.0.1:5000/api/dashboard/query | 200 | ok=true | duration_ms=433 | {
  "data": [
    {
      "an_semaine": 202601,
      "ca_semaine": "694.18",
      "debut_semaine": "Tue, 30 Dec 2025 00:00:00 GMT"
    },
    {
      "an_semaine": 202602,
      "ca_semaine": "76.50",
      "debut_semaine": "Tue, 06 Jan 2026 00:00:00 GMT"
    },
    {
      "an_semaine": 202603,
      "ca_semaine": "33.00",
      "debut_semaine": "Fri, 16 Jan 2026 00:00:00 GMT"
    },
    {
      "an_semaine": 202605,
      "ca_semaine": "111.00",
      "debut_semaine": "Fri, 30 Jan 2026 00:00:00 GMT"
    },
    {
      "an_semaine": 202608,
      "ca_semaine": "39.00",
      "debut_semaine": "Tue, 17 Feb 2026 00:00:00 GMT"
    }
  ],
  "name": "chart_ca_par_semaine_12",
  "success": true
}
2026-02-21T06:12:01.201Z | RESPONSE | POST | http://127.0.0.1:5000/api/dashboard/query | 200 | ok=true | duration_ms=433 | {
  "data": [
    {
      "produit": "Dexam??thasone 4ml/ml",
      "total_vendu": "8"
    },
    {
      "produit": "Dolaren plus 250mg",
      "total_vendu": "2"
    },
    {
      "produit": "Amoxicilline 500mg",
      "total_vendu": "2"
    },
    {
      "produit": "Bleu de m??thyl??ne 2%",
      "total_vendu": "2"
    },
    {
      "produit": "IBUCAP FORTE",
      "total_vendu": "2"
    }
  ],
  "name": "top5_produits_30j",
  "success": true
}
2026-02-21T06:12:01.201Z | RESPONSE | POST | http://127.0.0.1:5000/api/dashboard/query | 200 | ok=true | duration_ms=433 | {
  "data": [
    {
      "ca": "121.00",
      "category": "Douleur"
    },
    {
      "ca": "120.00",
      "category": "Cortico"
    },
    {
      "ca": "20.00",
      "category": "Antidote"
    },
    {
      "ca": "15.00",
      "category": "Anti Inflamatoire"
    },
    {
      "ca": "10.00",
      "category": "Antibio"
    }
  ],
  "name": "repartition_categorie_30j",
  "success": true
}
2026-02-21T06:12:01.201Z | RESPONSE | POST | http://127.0.0.1:5000/api/dashboard/query | 200 | ok=true | duration_ms=433 | {
  "data": [],
  "name": "chart_top_fournisseurs_30j",
  "success": true
}
2026-02-21T06:12:01.201Z | RESPONSE | POST | http://127.0.0.1:5000/api/dashboard/query | 200 | ok=true | duration_ms=432 | {
  "data": [],
  "name": "alertes_expiration_30j",
  "success": true
}
2026-02-21T06:12:01.201Z | RESPONSE | POST | http://127.0.0.1:5000/api/dashboard/query | 200 | ok=true | duration_ms=433 | {
  "data": [
    {
      "produit": "Sirop Toux",
      "seuil": 700,
      "total_stock": "129"
    },
    {
      "produit": "Amoxicilline 500mg",
      "seuil": 700,
      "total_stock": "315"
    }
  ],
  "name": "stock_bas",
  "success": true
}
2026-02-21T06:12:01.201Z | RESPONSE | POST | http://127.0.0.1:5000/api/dashboard/query | 200 | ok=true | duration_ms=432 | {
  "data": [
    {
      "ca": "172.44",
      "jour": "Tue, 30 Dec 2025 00:00:00 GMT",
      "sma7": "172.440000"
    },
    {
      "ca": "130.99",
      "jour": "Wed, 31 Dec 2025 00:00:00 GMT",
      "sma7": "151.715000"
    },
    {
      "ca": "67.00",
      "jour": "Fri, 02 Jan 2026 00:00:00 GMT",
      "sma7": "123.476667"
    },
    {
      "ca": "323.75",
      "jour": "Sun, 04 Jan 2026 00:00:00 GMT",
      "sma7": "173.545000"
    },
    {
      "ca": "76.50",
      "jour": "Tue, 06 Jan 2026 00:00:00 GMT",
      "sma7": "154.136000"
    },
    {
      "ca": "33.00",
      "jour": "Fri, 16 Jan 2026 00:00:00 GMT",
      "sma7": "133.946667"
    },
    {
      "ca": "111.00",
      "jour": "Fri, 30 Jan 2026 00:00:00 GMT",
      "sma7": "130.668571"
    },
    {
      "ca": "15.00",
      "jour": "Tue, 17 Feb 2026 00:00:00 GMT",
      "sma7": "108.177143"
    },
    {
      "ca": "10.00",
      "jour": "Wed, 18 Feb 2026 00:00:00 GMT",
      "sma7": "90.892857"
    },
    {
      "ca": "14.00",
      "jour": "Sat, 21 Feb 2026 00:00:00 GMT",
      "sma7": "83.321429"
    }
  ],
  "name": "forecast_sma7",
  "success": true
}
2026-02-21T06:12:01.202Z | RESPONSE | POST | http://127.0.0.1:5000/api/dashboard/query | 200 | ok=true | duration_ms=433 | {
  "data": [
    {
      "produit": "Tramadol 50mg",
      "total_stock": "348"
    },
    {
      "produit": "Amoxicilline 500mg",
      "total_stock": "315"
    },
    {
      "produit": "Vitamine C 1000mg",
      "total_stock": "266"
    },
    {
      "produit": "Paracetamol 500mg",
      "total_stock": "195"
    },
    {
      "produit": "Sirop Toux",
      "total_stock": "129"
    },
    {
      "produit": "Bleu de m??thyl??ne 2%",
      "total_stock": "128"
    },
    {
      "produit": "Ibuprof??ne 400mg",
      "total_stock": "120"
    },
    {
      "produit": "Dolaren plus 250mg",
      "total_stock": "30"
    },
    {
      "produit": "Dexam??thasone 4ml/ml",
      "total_stock": "26"
    },
    {
      "produit": "Albendazole 400mg",
      "total_stock": "13"
    },
    {
      "produit": "IBUCAP FORTE",
      "total_stock": "8"
    }
  ],
  "name": "resume_stock",
  "success": true
}
2026-02-21T06:12:16.758Z | REQUEST  | POST | http://127.0.0.1:5000/api/dashboard/query
2026-02-21T06:12:16.759Z | REQUEST  | POST | http://127.0.0.1:5000/api/dashboard/query
2026-02-21T06:12:16.760Z | REQUEST  | POST | http://127.0.0.1:5000/api/dashboard/query
2026-02-21T06:12:16.761Z | REQUEST  | POST | http://127.0.0.1:5000/api/dashboard/query
2026-02-21T06:12:16.762Z | REQUEST  | POST | http://127.0.0.1:5000/api/dashboard/query
2026-02-21T06:12:16.762Z | REQUEST  | POST | http://127.0.0.1:5000/api/dashboard/query
2026-02-21T06:12:16.763Z | REQUEST  | POST | http://127.0.0.1:5000/api/dashboard/query
2026-02-21T06:12:16.764Z | REQUEST  | POST | http://127.0.0.1:5000/api/dashboard/query
2026-02-21T06:12:16.764Z | REQUEST  | POST | http://127.0.0.1:5000/api/dashboard/query
2026-02-21T06:12:16.765Z | REQUEST  | POST | http://127.0.0.1:5000/api/dashboard/query
2026-02-21T06:12:16.766Z | REQUEST  | POST | http://127.0.0.1:5000/api/dashboard/query
2026-02-21T06:12:16.766Z | REQUEST  | POST | http://127.0.0.1:5000/api/dashboard/query
2026-02-21T06:12:16.767Z | REQUEST  | POST | http://127.0.0.1:5000/api/dashboard/query
2026-02-21T06:12:16.768Z | REQUEST  | POST | http://127.0.0.1:5000/api/dashboard/query
2026-02-21T06:12:16.768Z | REQUEST  | POST | http://127.0.0.1:5000/api/dashboard/query
2026-02-21T06:12:16.769Z | REQUEST  | POST | http://127.0.0.1:5000/api/dashboard/query
2026-02-21T06:12:16.769Z | REQUEST  | POST | http://127.0.0.1:5000/api/dashboard/query
2026-02-21T06:12:16.770Z | REQUEST  | POST | http://127.0.0.1:5000/api/dashboard/query
2026-02-21T06:12:16.770Z | REQUEST  | POST | http://127.0.0.1:5000/api/dashboard/query
2026-02-21T06:12:17.246Z | RESPONSE | POST | http://127.0.0.1:5000/api/dashboard/query | 200 | ok=true | duration_ms=417 | {
  "data": [
    {
      "ca_jour": "14.00"
    }
  ],
  "name": "kpi_ca_jour",
  "success": true
}
2026-02-21T06:12:17.247Z | RESPONSE | POST | http://127.0.0.1:5000/api/dashboard/query | 200 | ok=true | duration_ms=417 | {
  "data": [
    {
      "nb_ventes_jour": 1
    }
  ],
  "name": "kpi_nb_ventes_jour",
  "success": true
}
2026-02-21T06:12:17.247Z | RESPONSE | POST | http://127.0.0.1:5000/api/dashboard/query | 200 | ok=true | duration_ms=416 | {
  "data": [
    {
      "nb_alertes_stock": 2
    }
  ],
  "name": "kpi_nb_alertes_stock",
  "success": true
}
2026-02-21T06:12:17.247Z | RESPONSE | POST | http://127.0.0.1:5000/api/dashboard/query | 200 | ok=true | duration_ms=421 | {
  "data": [
    {
      "nb_produits_actifs": 11
    }
  ],
  "name": "kpi_nb_produits_actifs",
  "success": true
}
2026-02-21T06:12:17.247Z | RESPONSE | POST | http://127.0.0.1:5000/api/dashboard/query | 200 | ok=true | duration_ms=420 | {
  "data": [
    {
      "ca_ytd": "650.25"
    }
  ],
  "name": "kpi_ca_ytd",
  "success": true
}
2026-02-21T06:12:17.247Z | RESPONSE | POST | http://127.0.0.1:5000/api/dashboard/query | 200 | ok=true | duration_ms=420 | {
  "data": [
    {
      "nb_produits_expires_en_stock": 8
    }
  ],
  "name": "kpi_nb_produits_expires_en_stock",
  "success": true
}
2026-02-21T06:12:17.247Z | RESPONSE | POST | http://127.0.0.1:5000/api/dashboard/query | 200 | ok=true | duration_ms=421 | {
  "data": [
    {
      "valeur_stock": "9270.25"
    }
  ],
  "name": "kpi_valeur_stock",
  "success": true
}
2026-02-21T06:12:17.248Z | RESPONSE | POST | http://127.0.0.1:5000/api/dashboard/query | 200 | ok=true | duration_ms=420 | {
  "data": [
    {
      "marge_brute_30j": "-765.00"
    }
  ],
  "name": "kpi_marge_brute_30j",
  "success": true
}
2026-02-21T06:12:17.248Z | RESPONSE | POST | http://127.0.0.1:5000/api/dashboard/query | 200 | ok=true | duration_ms=419 | {
  "data": [
    {
      "nb_fournisseurs_30j": 0
    }
  ],
  "name": "kpi_nb_fournisseurs_30j",
  "success": true
}
2026-02-21T06:12:17.248Z | RESPONSE | POST | http://127.0.0.1:5000/api/dashboard/query | 200 | ok=true | duration_ms=419 | {
  "data": [
    {
      "jour": "Fri, 30 Jan 2026 00:00:00 GMT",
      "total_vente": "111.00"
    },
    {
      "jour": "Tue, 17 Feb 2026 00:00:00 GMT",
      "total_vente": "15.00"
    },
    {
      "jour": "Wed, 18 Feb 2026 00:00:00 GMT",
      "total_vente": "10.00"
    },
    {
      "jour": "Sat, 21 Feb 2026 00:00:00 GMT",
      "total_vente": "14.00"
    }
  ],
  "name": "chart_ventes_30j",
  "success": true
}
2026-02-21T06:12:17.248Z | RESPONSE | POST | http://127.0.0.1:5000/api/dashboard/query | 200 | ok=true | duration_ms=419 | {
  "data": [
    {
      "ca_mois": "611.25",
      "mois": "2026-01"
    },
    {
      "ca_mois": "39.00",
      "mois": "2026-02"
    }
  ],
  "name": "chart_ca_mensuel_ytd",
  "success": true
}
2026-02-21T06:12:17.248Z | RESPONSE | POST | http://127.0.0.1:5000/api/dashboard/query | 200 | ok=true | duration_ms=418 | {
  "data": [
    {
      "an_semaine": 202601,
      "ca_semaine": "694.18",
      "debut_semaine": "Tue, 30 Dec 2025 00:00:00 GMT"
    },
    {
      "an_semaine": 202602,
      "ca_semaine": "76.50",
      "debut_semaine": "Tue, 06 Jan 2026 00:00:00 GMT"
    },
    {
      "an_semaine": 202603,
      "ca_semaine": "33.00",
      "debut_semaine": "Fri, 16 Jan 2026 00:00:00 GMT"
    },
    {
      "an_semaine": 202605,
      "ca_semaine": "111.00",
      "debut_semaine": "Fri, 30 Jan 2026 00:00:00 GMT"
    },
    {
      "an_semaine": 202608,
      "ca_semaine": "39.00",
      "debut_semaine": "Tue, 17 Feb 2026 00:00:00 GMT"
    }
  ],
  "name": "chart_ca_par_semaine_12",
  "success": true
}
2026-02-21T06:12:17.248Z | RESPONSE | POST | http://127.0.0.1:5000/api/dashboard/query | 200 | ok=true | duration_ms=417 | {
  "data": [
    {
      "ca": "121.00",
      "category": "Douleur"
    },
    {
      "ca": "120.00",
      "category": "Cortico"
    },
    {
      "ca": "20.00",
      "category": "Antidote"
    },
    {
      "ca": "15.00",
      "category": "Anti Inflamatoire"
    },
    {
      "ca": "10.00",
      "category": "Antibio"
    }
  ],
  "name": "repartition_categorie_30j",
  "success": true
}
2026-02-21T06:12:17.248Z | RESPONSE | POST | http://127.0.0.1:5000/api/dashboard/query | 200 | ok=true | duration_ms=418 | {
  "data": [
    {
      "produit": "Dexam??thasone 4ml/ml",
      "total_vendu": "8"
    },
    {
      "produit": "Dolaren plus 250mg",
      "total_vendu": "2"
    },
    {
      "produit": "Amoxicilline 500mg",
      "total_vendu": "2"
    },
    {
      "produit": "Bleu de m??thyl??ne 2%",
      "total_vendu": "2"
    },
    {
      "produit": "IBUCAP FORTE",
      "total_vendu": "2"
    }
  ],
  "name": "top5_produits_30j",
  "success": true
}
2026-02-21T06:12:17.248Z | RESPONSE | POST | http://127.0.0.1:5000/api/dashboard/query | 200 | ok=true | duration_ms=416 | {
  "data": [],
  "name": "alertes_expiration_30j",
  "success": true
}
2026-02-21T06:12:17.248Z | RESPONSE | POST | http://127.0.0.1:5000/api/dashboard/query | 200 | ok=true | duration_ms=416 | {
  "data": [
    {
      "produit": "Sirop Toux",
      "seuil": 700,
      "total_stock": "129"
    },
    {
      "produit": "Amoxicilline 500mg",
      "seuil": 700,
      "total_stock": "315"
    }
  ],
  "name": "stock_bas",
  "success": true
}
2026-02-21T06:12:17.248Z | RESPONSE | POST | http://127.0.0.1:5000/api/dashboard/query | 200 | ok=true | duration_ms=418 | {
  "data": [],
  "name": "chart_top_fournisseurs_30j",
  "success": true
}
2026-02-21T06:12:17.248Z | RESPONSE | POST | http://127.0.0.1:5000/api/dashboard/query | 200 | ok=true | duration_ms=416 | {
  "data": [
    {
      "produit": "Tramadol 50mg",
      "total_stock": "348"
    },
    {
      "produit": "Amoxicilline 500mg",
      "total_stock": "315"
    },
    {
      "produit": "Vitamine C 1000mg",
      "total_stock": "266"
    },
    {
      "produit": "Paracetamol 500mg",
      "total_stock": "195"
    },
    {
      "produit": "Sirop Toux",
      "total_stock": "129"
    },
    {
      "produit": "Bleu de m??thyl??ne 2%",
      "total_stock": "128"
    },
    {
      "produit": "Ibuprof??ne 400mg",
      "total_stock": "120"
    },
    {
      "produit": "Dolaren plus 250mg",
      "total_stock": "30"
    },
    {
      "produit": "Dexam??thasone 4ml/ml",
      "total_stock": "26"
    },
    {
      "produit": "Albendazole 400mg",
      "total_stock": "13"
    },
    {
      "produit": "IBUCAP FORTE",
      "total_stock": "8"
    }
  ],
  "name": "resume_stock",
  "success": true
}
2026-02-21T06:12:17.248Z | RESPONSE | POST | http://127.0.0.1:5000/api/dashboard/query | 200 | ok=true | duration_ms=416 | {
  "data": [
    {
      "ca": "172.44",
      "jour": "Tue, 30 Dec 2025 00:00:00 GMT",
      "sma7": "172.440000"
    },
    {
      "ca": "130.99",
      "jour": "Wed, 31 Dec 2025 00:00:00 GMT",
      "sma7": "151.715000"
    },
    {
      "ca": "67.00",
      "jour": "Fri, 02 Jan 2026 00:00:00 GMT",
      "sma7": "123.476667"
    },
    {
      "ca": "323.75",
      "jour": "Sun, 04 Jan 2026 00:00:00 GMT",
      "sma7": "173.545000"
    },
    {
      "ca": "76.50",
      "jour": "Tue, 06 Jan 2026 00:00:00 GMT",
      "sma7": "154.136000"
    },
    {
      "ca": "33.00",
      "jour": "Fri, 16 Jan 2026 00:00:00 GMT",
      "sma7": "133.946667"
    },
    {
      "ca": "111.00",
      "jour": "Fri, 30 Jan 2026 00:00:00 GMT",
      "sma7": "130.668571"
    },
    {
      "ca": "15.00",
      "jour": "Tue, 17 Feb 2026 00:00:00 GMT",
      "sma7": "108.177143"
    },
    {
      "ca": "10.00",
      "jour": "Wed, 18 Feb 2026 00:00:00 GMT",
      "sma7": "90.892857"
    },
    {
      "ca": "14.00",
      "jour": "Sat, 21 Feb 2026 00:00:00 GMT",
      "sma7": "83.321429"
    }
  ],
  "name": "forecast_sma7",
  "success": true
}
2026-02-21T06:12:32.766Z | REQUEST  | POST | http://127.0.0.1:5000/api/dashboard/query
2026-02-21T06:12:32.766Z | REQUEST  | POST | http://127.0.0.1:5000/api/dashboard/query
2026-02-21T06:12:32.767Z | REQUEST  | POST | http://127.0.0.1:5000/api/dashboard/query
2026-02-21T06:12:32.767Z | REQUEST  | POST | http://127.0.0.1:5000/api/dashboard/query
2026-02-21T06:12:32.768Z | REQUEST  | POST | http://127.0.0.1:5000/api/dashboard/query
2026-02-21T06:12:32.768Z | REQUEST  | POST | http://127.0.0.1:5000/api/dashboard/query
2026-02-21T06:12:32.769Z | REQUEST  | POST | http://127.0.0.1:5000/api/dashboard/query
2026-02-21T06:12:32.769Z | REQUEST  | POST | http://127.0.0.1:5000/api/dashboard/query
2026-02-21T06:12:32.770Z | REQUEST  | POST | http://127.0.0.1:5000/api/dashboard/query
2026-02-21T06:12:32.770Z | REQUEST  | POST | http://127.0.0.1:5000/api/dashboard/query
2026-02-21T06:12:32.771Z | REQUEST  | POST | http://127.0.0.1:5000/api/dashboard/query
2026-02-21T06:12:32.771Z | REQUEST  | POST | http://127.0.0.1:5000/api/dashboard/query
2026-02-21T06:12:32.772Z | REQUEST  | POST | http://127.0.0.1:5000/api/dashboard/query
2026-02-21T06:12:32.773Z | REQUEST  | POST | http://127.0.0.1:5000/api/dashboard/query
2026-02-21T06:12:32.773Z | REQUEST  | POST | http://127.0.0.1:5000/api/dashboard/query
2026-02-21T06:12:32.774Z | REQUEST  | POST | http://127.0.0.1:5000/api/dashboard/query
2026-02-21T06:12:32.774Z | REQUEST  | POST | http://127.0.0.1:5000/api/dashboard/query
2026-02-21T06:12:32.775Z | REQUEST  | POST | http://127.0.0.1:5000/api/dashboard/query
2026-02-21T06:12:32.775Z | REQUEST  | POST | http://127.0.0.1:5000/api/dashboard/query
2026-02-21T06:12:33.392Z | RESPONSE | POST | http://127.0.0.1:5000/api/dashboard/query | 200 | ok=true | duration_ms=477 | {
  "data": [
    {
      "ca_jour": "14.00"
    }
  ],
  "name": "kpi_ca_jour",
  "success": true
}
2026-02-21T06:12:33.393Z | RESPONSE | POST | http://127.0.0.1:5000/api/dashboard/query | 200 | ok=true | duration_ms=485 | {
  "data": [
    {
      "nb_ventes_jour": 1
    }
  ],
  "name": "kpi_nb_ventes_jour",
  "success": true
}
2026-02-21T06:12:33.393Z | RESPONSE | POST | http://127.0.0.1:5000/api/dashboard/query | 200 | ok=true | duration_ms=485 | {
  "data": [
    {
      "nb_alertes_stock": 2
    }
  ],
  "name": "kpi_nb_alertes_stock",
  "success": true
}
2026-02-21T06:12:33.393Z | RESPONSE | POST | http://127.0.0.1:5000/api/dashboard/query | 200 | ok=true | duration_ms=485 | {
  "data": [
    {
      "nb_produits_actifs": 11
    }
  ],
  "name": "kpi_nb_produits_actifs",
  "success": true
}
2026-02-21T06:12:33.400Z | RESPONSE | POST | http://127.0.0.1:5000/api/dashboard/query | 200 | ok=true | duration_ms=486 | {
  "data": [
    {
      "valeur_stock": "9270.25"
    }
  ],
  "name": "kpi_valeur_stock",
  "success": true
}
2026-02-21T06:12:33.400Z | RESPONSE | POST | http://127.0.0.1:5000/api/dashboard/query | 200 | ok=true | duration_ms=486 | {
  "data": [
    {
      "ca_ytd": "650.25"
    }
  ],
  "name": "kpi_ca_ytd",
  "success": true
}
2026-02-21T06:12:33.400Z | RESPONSE | POST | http://127.0.0.1:5000/api/dashboard/query | 200 | ok=true | duration_ms=487 | {
  "data": [
    {
      "nb_produits_expires_en_stock": 8
    }
  ],
  "name": "kpi_nb_produits_expires_en_stock",
  "success": true
}
2026-02-21T06:12:33.400Z | RESPONSE | POST | http://127.0.0.1:5000/api/dashboard/query | 200 | ok=true | duration_ms=489 | {
  "data": [
    {
      "marge_brute_30j": "-765.00"
    }
  ],
  "name": "kpi_marge_brute_30j",
  "success": true
}
2026-02-21T06:12:33.410Z | RESPONSE | POST | http://127.0.0.1:5000/api/dashboard/query | 200 | ok=true | duration_ms=489 | {
  "data": [
    {
      "nb_fournisseurs_30j": 0
    }
  ],
  "name": "kpi_nb_fournisseurs_30j",
  "success": true
}
2026-02-21T06:12:33.410Z | RESPONSE | POST | http://127.0.0.1:5000/api/dashboard/query | 200 | ok=true | duration_ms=490 | {
  "data": [
    {
      "jour": "Fri, 30 Jan 2026 00:00:00 GMT",
      "total_vente": "111.00"
    },
    {
      "jour": "Tue, 17 Feb 2026 00:00:00 GMT",
      "total_vente": "15.00"
    },
    {
      "jour": "Wed, 18 Feb 2026 00:00:00 GMT",
      "total_vente": "10.00"
    },
    {
      "jour": "Sat, 21 Feb 2026 00:00:00 GMT",
      "total_vente": "14.00"
    }
  ],
  "name": "chart_ventes_30j",
  "success": true
}
2026-02-21T06:12:33.410Z | RESPONSE | POST | http://127.0.0.1:5000/api/dashboard/query | 200 | ok=true | duration_ms=490 | {
  "data": [
    {
      "ca_mois": "611.25",
      "mois": "2026-01"
    },
    {
      "ca_mois": "39.00",
      "mois": "2026-02"
    }
  ],
  "name": "chart_ca_mensuel_ytd",
  "success": true
}
2026-02-21T06:12:33.410Z | RESPONSE | POST | http://127.0.0.1:5000/api/dashboard/query | 200 | ok=true | duration_ms=490 | {
  "data": [
    {
      "an_semaine": 202601,
      "ca_semaine": "694.18",
      "debut_semaine": "Tue, 30 Dec 2025 00:00:00 GMT"
    },
    {
      "an_semaine": 202602,
      "ca_semaine": "76.50",
      "debut_semaine": "Tue, 06 Jan 2026 00:00:00 GMT"
    },
    {
      "an_semaine": 202603,
      "ca_semaine": "33.00",
      "debut_semaine": "Fri, 16 Jan 2026 00:00:00 GMT"
    },
    {
      "an_semaine": 202605,
      "ca_semaine": "111.00",
      "debut_semaine": "Fri, 30 Jan 2026 00:00:00 GMT"
    },
    {
      "an_semaine": 202608,
      "ca_semaine": "39.00",
      "debut_semaine": "Tue, 17 Feb 2026 00:00:00 GMT"
    }
  ],
  "name": "chart_ca_par_semaine_12",
  "success": true
}
2026-02-21T06:12:33.410Z | RESPONSE | POST | http://127.0.0.1:5000/api/dashboard/query | 200 | ok=true | duration_ms=489 | {
  "data": [
    {
      "produit": "Dexam??thasone 4ml/ml",
      "total_vendu": "8"
    },
    {
      "produit": "Dolaren plus 250mg",
      "total_vendu": "2"
    },
    {
      "produit": "Amoxicilline 500mg",
      "total_vendu": "2"
    },
    {
      "produit": "Bleu de m??thyl??ne 2%",
      "total_vendu": "2"
    },
    {
      "produit": "IBUCAP FORTE",
      "total_vendu": "2"
    }
  ],
  "name": "top5_produits_30j",
  "success": true
}
2026-02-21T06:12:33.411Z | RESPONSE | POST | http://127.0.0.1:5000/api/dashboard/query | 200 | ok=true | duration_ms=489 | {
  "data": [
    {
      "ca": "121.00",
      "category": "Douleur"
    },
    {
      "ca": "120.00",
      "category": "Cortico"
    },
    {
      "ca": "20.00",
      "category": "Antidote"
    },
    {
      "ca": "15.00",
      "category": "Anti Inflamatoire"
    },
    {
      "ca": "10.00",
      "category": "Antibio"
    }
  ],
  "name": "repartition_categorie_30j",
  "success": true
}
2026-02-21T06:12:33.412Z | RESPONSE | POST | http://127.0.0.1:5000/api/dashboard/query | 200 | ok=true | duration_ms=490 | {
  "data": [],
  "name": "chart_top_fournisseurs_30j",
  "success": true
}
2026-02-21T06:12:33.412Z | RESPONSE | POST | http://127.0.0.1:5000/api/dashboard/query | 200 | ok=true | duration_ms=491 | {
  "data": [],
  "name": "alertes_expiration_30j",
  "success": true
}
2026-02-21T06:12:33.423Z | RESPONSE | POST | http://127.0.0.1:5000/api/dashboard/query | 200 | ok=true | duration_ms=549 | {
  "data": [
    {
      "produit": "Sirop Toux",
      "seuil": 700,
      "total_stock": "129"
    },
    {
      "produit": "Amoxicilline 500mg",
      "seuil": 700,
      "total_stock": "315"
    }
  ],
  "name": "stock_bas",
  "success": true
}
2026-02-21T06:12:33.426Z | RESPONSE | POST | http://127.0.0.1:5000/api/dashboard/query | 200 | ok=true | duration_ms=549 | {
  "data": [
    {
      "produit": "Tramadol 50mg",
      "total_stock": "348"
    },
    {
      "produit": "Amoxicilline 500mg",
      "total_stock": "315"
    },
    {
      "produit": "Vitamine C 1000mg",
      "total_stock": "266"
    },
    {
      "produit": "Paracetamol 500mg",
      "total_stock": "195"
    },
    {
      "produit": "Sirop Toux",
      "total_stock": "129"
    },
    {
      "produit": "Bleu de m??thyl??ne 2%",
      "total_stock": "128"
    },
    {
      "produit": "Ibuprof??ne 400mg",
      "total_stock": "120"
    },
    {
      "produit": "Dolaren plus 250mg",
      "total_stock": "30"
    },
    {
      "produit": "Dexam??thasone 4ml/ml",
      "total_stock": "26"
    },
    {
      "produit": "Albendazole 400mg",
      "total_stock": "13"
    },
    {
      "produit": "IBUCAP FORTE",
      "total_stock": "8"
    }
  ],
  "name": "resume_stock",
  "success": true
}
2026-02-21T06:12:33.427Z | RESPONSE | POST | http://127.0.0.1:5000/api/dashboard/query | 200 | ok=true | duration_ms=549 | {
  "data": [
    {
      "ca": "172.44",
      "jour": "Tue, 30 Dec 2025 00:00:00 GMT",
      "sma7": "172.440000"
    },
    {
      "ca": "130.99",
      "jour": "Wed, 31 Dec 2025 00:00:00 GMT",
      "sma7": "151.715000"
    },
    {
      "ca": "67.00",
      "jour": "Fri, 02 Jan 2026 00:00:00 GMT",
      "sma7": "123.476667"
    },
    {
      "ca": "323.75",
      "jour": "Sun, 04 Jan 2026 00:00:00 GMT",
      "sma7": "173.545000"
    },
    {
      "ca": "76.50",
      "jour": "Tue, 06 Jan 2026 00:00:00 GMT",
      "sma7": "154.136000"
    },
    {
      "ca": "33.00",
      "jour": "Fri, 16 Jan 2026 00:00:00 GMT",
      "sma7": "133.946667"
    },
    {
      "ca": "111.00",
      "jour": "Fri, 30 Jan 2026 00:00:00 GMT",
      "sma7": "130.668571"
    },
    {
      "ca": "15.00",
      "jour": "Tue, 17 Feb 2026 00:00:00 GMT",
      "sma7": "108.177143"
    },
    {
      "ca": "10.00",
      "jour": "Wed, 18 Feb 2026 00:00:00 GMT",
      "sma7": "90.892857"
    },
    {
      "ca": "14.00",
      "jour": "Sat, 21 Feb 2026 00:00:00 GMT",
      "sma7": "83.321429"
    }
  ],
  "name": "forecast_sma7",
  "success": true
}
2026-02-21T06:12:48.812Z | REQUEST  | POST | http://127.0.0.1:5000/api/dashboard/query
2026-02-21T06:12:48.812Z | REQUEST  | POST | http://127.0.0.1:5000/api/dashboard/query
2026-02-21T06:12:48.813Z | REQUEST  | POST | http://127.0.0.1:5000/api/dashboard/query
2026-02-21T06:12:48.813Z | REQUEST  | POST | http://127.0.0.1:5000/api/dashboard/query
2026-02-21T06:12:48.814Z | REQUEST  | POST | http://127.0.0.1:5000/api/dashboard/query
2026-02-21T06:12:48.815Z | REQUEST  | POST | http://127.0.0.1:5000/api/dashboard/query
2026-02-21T06:12:48.815Z | REQUEST  | POST | http://127.0.0.1:5000/api/dashboard/query
2026-02-21T06:12:48.816Z | REQUEST  | POST | http://127.0.0.1:5000/api/dashboard/query
2026-02-21T06:12:48.816Z | REQUEST  | POST | http://127.0.0.1:5000/api/dashboard/query
2026-02-21T06:12:48.817Z | REQUEST  | POST | http://127.0.0.1:5000/api/dashboard/query
2026-02-21T06:12:48.818Z | REQUEST  | POST | http://127.0.0.1:5000/api/dashboard/query
2026-02-21T06:12:48.819Z | REQUEST  | POST | http://127.0.0.1:5000/api/dashboard/query
2026-02-21T06:12:48.819Z | REQUEST  | POST | http://127.0.0.1:5000/api/dashboard/query
2026-02-21T06:12:48.820Z | REQUEST  | POST | http://127.0.0.1:5000/api/dashboard/query
2026-02-21T06:12:48.820Z | REQUEST  | POST | http://127.0.0.1:5000/api/dashboard/query
2026-02-21T06:12:48.821Z | REQUEST  | POST | http://127.0.0.1:5000/api/dashboard/query
2026-02-21T06:12:48.821Z | REQUEST  | POST | http://127.0.0.1:5000/api/dashboard/query
2026-02-21T06:12:48.821Z | REQUEST  | POST | http://127.0.0.1:5000/api/dashboard/query
2026-02-21T06:12:48.822Z | REQUEST  | POST | http://127.0.0.1:5000/api/dashboard/query
2026-02-21T06:12:49.338Z | RESPONSE | POST | http://127.0.0.1:5000/api/dashboard/query | 200 | ok=true | duration_ms=451 | {
  "data": [
    {
      "ca_jour": "14.00"
    }
  ],
  "name": "kpi_ca_jour",
  "success": true
}
2026-02-21T06:12:49.338Z | RESPONSE | POST | http://127.0.0.1:5000/api/dashboard/query | 200 | ok=true | duration_ms=450 | {
  "data": [
    {
      "nb_ventes_jour": 1
    }
  ],
  "name": "kpi_nb_ventes_jour",
  "success": true
}
2026-02-21T06:12:49.338Z | RESPONSE | POST | http://127.0.0.1:5000/api/dashboard/query | 200 | ok=true | duration_ms=450 | {
  "data": [
    {
      "nb_alertes_stock": 2
    }
  ],
  "name": "kpi_nb_alertes_stock",
  "success": true
}
2026-02-21T06:12:49.338Z | RESPONSE | POST | http://127.0.0.1:5000/api/dashboard/query | 200 | ok=true | duration_ms=449 | {
  "data": [
    {
      "valeur_stock": "9270.25"
    }
  ],
  "name": "kpi_valeur_stock",
  "success": true
}
2026-02-21T06:12:49.338Z | RESPONSE | POST | http://127.0.0.1:5000/api/dashboard/query | 200 | ok=true | duration_ms=450 | {
  "data": [
    {
      "nb_produits_actifs": 11
    }
  ],
  "name": "kpi_nb_produits_actifs",
  "success": true
}
2026-02-21T06:12:49.338Z | RESPONSE | POST | http://127.0.0.1:5000/api/dashboard/query | 200 | ok=true | duration_ms=450 | {
  "data": [
    {
      "ca_ytd": "650.25"
    }
  ],
  "name": "kpi_ca_ytd",
  "success": true
}
2026-02-21T06:12:49.338Z | RESPONSE | POST | http://127.0.0.1:5000/api/dashboard/query | 200 | ok=true | duration_ms=449 | {
  "data": [
    {
      "nb_produits_expires_en_stock": 8
    }
  ],
  "name": "kpi_nb_produits_expires_en_stock",
  "success": true
}
2026-02-21T06:12:49.338Z | RESPONSE | POST | http://127.0.0.1:5000/api/dashboard/query | 200 | ok=true | duration_ms=449 | {
  "data": [
    {
      "marge_brute_30j": "-765.00"
    }
  ],
  "name": "kpi_marge_brute_30j",
  "success": true
}
2026-02-21T06:12:49.338Z | RESPONSE | POST | http://127.0.0.1:5000/api/dashboard/query | 200 | ok=true | duration_ms=449 | {
  "data": [
    {
      "nb_fournisseurs_30j": 0
    }
  ],
  "name": "kpi_nb_fournisseurs_30j",
  "success": true
}
2026-02-21T06:12:49.338Z | RESPONSE | POST | http://127.0.0.1:5000/api/dashboard/query | 200 | ok=true | duration_ms=448 | {
  "data": [
    {
      "jour": "Fri, 30 Jan 2026 00:00:00 GMT",
      "total_vente": "111.00"
    },
    {
      "jour": "Tue, 17 Feb 2026 00:00:00 GMT",
      "total_vente": "15.00"
    },
    {
      "jour": "Wed, 18 Feb 2026 00:00:00 GMT",
      "total_vente": "10.00"
    },
    {
      "jour": "Sat, 21 Feb 2026 00:00:00 GMT",
      "total_vente": "14.00"
    }
  ],
  "name": "chart_ventes_30j",
  "success": true
}
2026-02-21T06:12:49.338Z | RESPONSE | POST | http://127.0.0.1:5000/api/dashboard/query | 200 | ok=true | duration_ms=448 | {
  "data": [
    {
      "ca_mois": "611.25",
      "mois": "2026-01"
    },
    {
      "ca_mois": "39.00",
      "mois": "2026-02"
    }
  ],
  "name": "chart_ca_mensuel_ytd",
  "success": true
}
2026-02-21T06:12:49.338Z | RESPONSE | POST | http://127.0.0.1:5000/api/dashboard/query | 200 | ok=true | duration_ms=447 | {
  "data": [
    {
      "an_semaine": 202601,
      "ca_semaine": "694.18",
      "debut_semaine": "Tue, 30 Dec 2025 00:00:00 GMT"
    },
    {
      "an_semaine": 202602,
      "ca_semaine": "76.50",
      "debut_semaine": "Tue, 06 Jan 2026 00:00:00 GMT"
    },
    {
      "an_semaine": 202603,
      "ca_semaine": "33.00",
      "debut_semaine": "Fri, 16 Jan 2026 00:00:00 GMT"
    },
    {
      "an_semaine": 202605,
      "ca_semaine": "111.00",
      "debut_semaine": "Fri, 30 Jan 2026 00:00:00 GMT"
    },
    {
      "an_semaine": 202608,
      "ca_semaine": "39.00",
      "debut_semaine": "Tue, 17 Feb 2026 00:00:00 GMT"
    }
  ],
  "name": "chart_ca_par_semaine_12",
  "success": true
}
2026-02-21T06:12:49.339Z | RESPONSE | POST | http://127.0.0.1:5000/api/dashboard/query | 200 | ok=true | duration_ms=447 | {
  "data": [
    {
      "produit": "Dexam??thasone 4ml/ml",
      "total_vendu": "8"
    },
    {
      "produit": "Dolaren plus 250mg",
      "total_vendu": "2"
    },
    {
      "produit": "Amoxicilline 500mg",
      "total_vendu": "2"
    },
    {
      "produit": "Bleu de m??thyl??ne 2%",
      "total_vendu": "2"
    },
    {
      "produit": "IBUCAP FORTE",
      "total_vendu": "2"
    }
  ],
  "name": "top5_produits_30j",
  "success": true
}
2026-02-21T06:12:49.339Z | RESPONSE | POST | http://127.0.0.1:5000/api/dashboard/query | 200 | ok=true | duration_ms=446 | {
  "data": [
    {
      "ca": "121.00",
      "category": "Douleur"
    },
    {
      "ca": "120.00",
      "category": "Cortico"
    },
    {
      "ca": "20.00",
      "category": "Antidote"
    },
    {
      "ca": "15.00",
      "category": "Anti Inflamatoire"
    },
    {
      "ca": "10.00",
      "category": "Antibio"
    }
  ],
  "name": "repartition_categorie_30j",
  "success": true
}
2026-02-21T06:12:49.339Z | RESPONSE | POST | http://127.0.0.1:5000/api/dashboard/query | 200 | ok=true | duration_ms=446 | {
  "data": [],
  "name": "chart_top_fournisseurs_30j",
  "success": true
}
2026-02-21T06:12:49.339Z | RESPONSE | POST | http://127.0.0.1:5000/api/dashboard/query | 200 | ok=true | duration_ms=446 | {
  "data": [],
  "name": "alertes_expiration_30j",
  "success": true
}
2026-02-21T06:12:49.339Z | RESPONSE | POST | http://127.0.0.1:5000/api/dashboard/query | 200 | ok=true | duration_ms=446 | {
  "data": [
    {
      "produit": "Sirop Toux",
      "seuil": 700,
      "total_stock": "129"
    },
    {
      "produit": "Amoxicilline 500mg",
      "seuil": 700,
      "total_stock": "315"
    }
  ],
  "name": "stock_bas",
  "success": true
}
2026-02-21T06:12:49.339Z | RESPONSE | POST | http://127.0.0.1:5000/api/dashboard/query | 200 | ok=true | duration_ms=445 | {
  "data": [
    {
      "produit": "Tramadol 50mg",
      "total_stock": "348"
    },
    {
      "produit": "Amoxicilline 500mg",
      "total_stock": "315"
    },
    {
      "produit": "Vitamine C 1000mg",
      "total_stock": "266"
    },
    {
      "produit": "Paracetamol 500mg",
      "total_stock": "195"
    },
    {
      "produit": "Sirop Toux",
      "total_stock": "129"
    },
    {
      "produit": "Bleu de m??thyl??ne 2%",
      "total_stock": "128"
    },
    {
      "produit": "Ibuprof??ne 400mg",
      "total_stock": "120"
    },
    {
      "produit": "Dolaren plus 250mg",
      "total_stock": "30"
    },
    {
      "produit": "Dexam??thasone 4ml/ml",
      "total_stock": "26"
    },
    {
      "produit": "Albendazole 400mg",
      "total_stock": "13"
    },
    {
      "produit": "IBUCAP FORTE",
      "total_stock": "8"
    }
  ],
  "name": "resume_stock",
  "success": true
}
2026-02-21T06:12:49.339Z | RESPONSE | POST | http://127.0.0.1:5000/api/dashboard/query | 200 | ok=true | duration_ms=445 | {
  "data": [
    {
      "ca": "172.44",
      "jour": "Tue, 30 Dec 2025 00:00:00 GMT",
      "sma7": "172.440000"
    },
    {
      "ca": "130.99",
      "jour": "Wed, 31 Dec 2025 00:00:00 GMT",
      "sma7": "151.715000"
    },
    {
      "ca": "67.00",
      "jour": "Fri, 02 Jan 2026 00:00:00 GMT",
      "sma7": "123.476667"
    },
    {
      "ca": "323.75",
      "jour": "Sun, 04 Jan 2026 00:00:00 GMT",
      "sma7": "173.545000"
    },
    {
      "ca": "76.50",
      "jour": "Tue, 06 Jan 2026 00:00:00 GMT",
      "sma7": "154.136000"
    },
    {
      "ca": "33.00",
      "jour": "Fri, 16 Jan 2026 00:00:00 GMT",
      "sma7": "133.946667"
    },
    {
      "ca": "111.00",
      "jour": "Fri, 30 Jan 2026 00:00:00 GMT",
      "sma7": "130.668571"
    },
    {
      "ca": "15.00",
      "jour": "Tue, 17 Feb 2026 00:00:00 GMT",
      "sma7": "108.177143"
    },
    {
      "ca": "10.00",
      "jour": "Wed, 18 Feb 2026 00:00:00 GMT",
      "sma7": "90.892857"
    },
    {
      "ca": "14.00",
      "jour": "Sat, 21 Feb 2026 00:00:00 GMT",
      "sma7": "83.321429"
    }
  ],
  "name": "forecast_sma7",
  "success": true
}
2026-02-21T06:13:11.187Z | REQUEST  | POST | http://127.0.0.1:5000/api/dashboard/query
2026-02-21T06:13:11.188Z | REQUEST  | POST | http://127.0.0.1:5000/api/dashboard/query
2026-02-21T06:13:11.189Z | REQUEST  | POST | http://127.0.0.1:5000/api/dashboard/query
2026-02-21T06:13:11.190Z | REQUEST  | POST | http://127.0.0.1:5000/api/dashboard/query
2026-02-21T06:13:11.191Z | REQUEST  | POST | http://127.0.0.1:5000/api/dashboard/query
2026-02-21T06:13:11.192Z | REQUEST  | POST | http://127.0.0.1:5000/api/dashboard/query
2026-02-21T06:13:11.193Z | REQUEST  | POST | http://127.0.0.1:5000/api/dashboard/query
2026-02-21T06:13:11.193Z | REQUEST  | POST | http://127.0.0.1:5000/api/dashboard/query
2026-02-21T06:13:11.194Z | REQUEST  | POST | http://127.0.0.1:5000/api/dashboard/query
2026-02-21T06:13:11.194Z | REQUEST  | POST | http://127.0.0.1:5000/api/dashboard/query
2026-02-21T06:13:11.195Z | REQUEST  | POST | http://127.0.0.1:5000/api/dashboard/query
2026-02-21T06:13:11.195Z | REQUEST  | POST | http://127.0.0.1:5000/api/dashboard/query
2026-02-21T06:13:11.196Z | REQUEST  | POST | http://127.0.0.1:5000/api/dashboard/query
2026-02-21T06:13:11.196Z | REQUEST  | POST | http://127.0.0.1:5000/api/dashboard/query
2026-02-21T06:13:11.197Z | REQUEST  | POST | http://127.0.0.1:5000/api/dashboard/query
2026-02-21T06:13:11.197Z | REQUEST  | POST | http://127.0.0.1:5000/api/dashboard/query
2026-02-21T06:13:11.198Z | REQUEST  | POST | http://127.0.0.1:5000/api/dashboard/query
2026-02-21T06:13:11.198Z | REQUEST  | POST | http://127.0.0.1:5000/api/dashboard/query
2026-02-21T06:13:11.198Z | REQUEST  | POST | http://127.0.0.1:5000/api/dashboard/query
2026-02-21T06:13:11.750Z | RESPONSE | POST | http://127.0.0.1:5000/api/dashboard/query | 200 | ok=true | duration_ms=484 | {
  "data": [
    {
      "ca_jour": "14.00"
    }
  ],
  "name": "kpi_ca_jour",
  "success": true
}
2026-02-21T06:13:11.750Z | RESPONSE | POST | http://127.0.0.1:5000/api/dashboard/query | 200 | ok=true | duration_ms=483 | {
  "data": [
    {
      "nb_ventes_jour": 1
    }
  ],
  "name": "kpi_nb_ventes_jour",
  "success": true
}
2026-02-21T06:13:11.750Z | RESPONSE | POST | http://127.0.0.1:5000/api/dashboard/query | 200 | ok=true | duration_ms=486 | {
  "data": [
    {
      "nb_alertes_stock": 2
    }
  ],
  "name": "kpi_nb_alertes_stock",
  "success": true
}
2026-02-21T06:13:11.750Z | RESPONSE | POST | http://127.0.0.1:5000/api/dashboard/query | 200 | ok=true | duration_ms=484 | {
  "data": [
    {
      "valeur_stock": "9270.25"
    }
  ],
  "name": "kpi_valeur_stock",
  "success": true
}
2026-02-21T06:13:11.750Z | RESPONSE | POST | http://127.0.0.1:5000/api/dashboard/query | 200 | ok=true | duration_ms=486 | {
  "data": [
    {
      "nb_produits_actifs": 11
    }
  ],
  "name": "kpi_nb_produits_actifs",
  "success": true
}
2026-02-21T06:13:11.750Z | RESPONSE | POST | http://127.0.0.1:5000/api/dashboard/query | 200 | ok=true | duration_ms=484 | {
  "data": [
    {
      "ca_ytd": "650.25"
    }
  ],
  "name": "kpi_ca_ytd",
  "success": true
}
2026-02-21T06:13:11.750Z | RESPONSE | POST | http://127.0.0.1:5000/api/dashboard/query | 200 | ok=true | duration_ms=483 | {
  "data": [
    {
      "marge_brute_30j": "-765.00"
    }
  ],
  "name": "kpi_marge_brute_30j",
  "success": true
}
2026-02-21T06:13:11.750Z | RESPONSE | POST | http://127.0.0.1:5000/api/dashboard/query | 200 | ok=true | duration_ms=484 | {
  "data": [
    {
      "nb_produits_expires_en_stock": 8
    }
  ],
  "name": "kpi_nb_produits_expires_en_stock",
  "success": true
}
2026-02-21T06:13:11.754Z | RESPONSE | POST | http://127.0.0.1:5000/api/dashboard/query | 200 | ok=true | duration_ms=484 | {
  "data": [
    {
      "nb_fournisseurs_30j": 0
    }
  ],
  "name": "kpi_nb_fournisseurs_30j",
  "success": true
}
2026-02-21T06:13:11.754Z | RESPONSE | POST | http://127.0.0.1:5000/api/dashboard/query | 200 | ok=true | duration_ms=484 | {
  "data": [
    {
      "jour": "Fri, 30 Jan 2026 00:00:00 GMT",
      "total_vente": "111.00"
    },
    {
      "jour": "Tue, 17 Feb 2026 00:00:00 GMT",
      "total_vente": "15.00"
    },
    {
      "jour": "Wed, 18 Feb 2026 00:00:00 GMT",
      "total_vente": "10.00"
    },
    {
      "jour": "Sat, 21 Feb 2026 00:00:00 GMT",
      "total_vente": "14.00"
    }
  ],
  "name": "chart_ventes_30j",
  "success": true
}
2026-02-21T06:13:11.754Z | RESPONSE | POST | http://127.0.0.1:5000/api/dashboard/query | 200 | ok=true | duration_ms=484 | {
  "data": [
    {
      "ca_mois": "611.25",
      "mois": "2026-01"
    },
    {
      "ca_mois": "39.00",
      "mois": "2026-02"
    }
  ],
  "name": "chart_ca_mensuel_ytd",
  "success": true
}
2026-02-21T06:13:11.754Z | RESPONSE | POST | http://127.0.0.1:5000/api/dashboard/query | 200 | ok=true | duration_ms=484 | {
  "data": [
    {
      "an_semaine": 202601,
      "ca_semaine": "694.18",
      "debut_semaine": "Tue, 30 Dec 2025 00:00:00 GMT"
    },
    {
      "an_semaine": 202602,
      "ca_semaine": "76.50",
      "debut_semaine": "Tue, 06 Jan 2026 00:00:00 GMT"
    },
    {
      "an_semaine": 202603,
      "ca_semaine": "33.00",
      "debut_semaine": "Fri, 16 Jan 2026 00:00:00 GMT"
    },
    {
      "an_semaine": 202605,
      "ca_semaine": "111.00",
      "debut_semaine": "Fri, 30 Jan 2026 00:00:00 GMT"
    },
    {
      "an_semaine": 202608,
      "ca_semaine": "39.00",
      "debut_semaine": "Tue, 17 Feb 2026 00:00:00 GMT"
    }
  ],
  "name": "chart_ca_par_semaine_12",
  "success": true
}
2026-02-21T06:13:11.754Z | RESPONSE | POST | http://127.0.0.1:5000/api/dashboard/query | 200 | ok=true | duration_ms=484 | {
  "data": [
    {
      "produit": "Dexam??thasone 4ml/ml",
      "total_vendu": "8"
    },
    {
      "produit": "Dolaren plus 250mg",
      "total_vendu": "2"
    },
    {
      "produit": "Amoxicilline 500mg",
      "total_vendu": "2"
    },
    {
      "produit": "Bleu de m??thyl??ne 2%",
      "total_vendu": "2"
    },
    {
      "produit": "IBUCAP FORTE",
      "total_vendu": "2"
    }
  ],
  "name": "top5_produits_30j",
  "success": true
}
2026-02-21T06:13:11.754Z | RESPONSE | POST | http://127.0.0.1:5000/api/dashboard/query | 200 | ok=true | duration_ms=484 | {
  "data": [
    {
      "ca": "121.00",
      "category": "Douleur"
    },
    {
      "ca": "120.00",
      "category": "Cortico"
    },
    {
      "ca": "20.00",
      "category": "Antidote"
    },
    {
      "ca": "15.00",
      "category": "Anti Inflamatoire"
    },
    {
      "ca": "10.00",
      "category": "Antibio"
    }
  ],
  "name": "repartition_categorie_30j",
  "success": true
}
2026-02-21T06:13:11.761Z | RESPONSE | POST | http://127.0.0.1:5000/api/dashboard/query | 200 | ok=true | duration_ms=483 | {
  "data": [],
  "name": "chart_top_fournisseurs_30j",
  "success": true
}
2026-02-21T06:13:11.761Z | RESPONSE | POST | http://127.0.0.1:5000/api/dashboard/query | 200 | ok=true | duration_ms=483 | {
  "data": [],
  "name": "alertes_expiration_30j",
  "success": true
}
2026-02-21T06:13:11.761Z | RESPONSE | POST | http://127.0.0.1:5000/api/dashboard/query | 200 | ok=true | duration_ms=483 | {
  "data": [
    {
      "produit": "Sirop Toux",
      "seuil": 700,
      "total_stock": "129"
    },
    {
      "produit": "Amoxicilline 500mg",
      "seuil": 700,
      "total_stock": "315"
    }
  ],
  "name": "stock_bas",
  "success": true
}
2026-02-21T06:13:11.761Z | RESPONSE | POST | http://127.0.0.1:5000/api/dashboard/query | 200 | ok=true | duration_ms=482 | {
  "data": [
    {
      "produit": "Tramadol 50mg",
      "total_stock": "348"
    },
    {
      "produit": "Amoxicilline 500mg",
      "total_stock": "315"
    },
    {
      "produit": "Vitamine C 1000mg",
      "total_stock": "266"
    },
    {
      "produit": "Paracetamol 500mg",
      "total_stock": "195"
    },
    {
      "produit": "Sirop Toux",
      "total_stock": "129"
    },
    {
      "produit": "Bleu de m??thyl??ne 2%",
      "total_stock": "128"
    },
    {
      "produit": "Ibuprof??ne 400mg",
      "total_stock": "120"
    },
    {
      "produit": "Dolaren plus 250mg",
      "total_stock": "30"
    },
    {
      "produit": "Dexam??thasone 4ml/ml",
      "total_stock": "26"
    },
    {
      "produit": "Albendazole 400mg",
      "total_stock": "13"
    },
    {
      "produit": "IBUCAP FORTE",
      "total_stock": "8"
    }
  ],
  "name": "resume_stock",
  "success": true
}
2026-02-21T06:13:11.761Z | RESPONSE | POST | http://127.0.0.1:5000/api/dashboard/query | 200 | ok=true | duration_ms=482 | {
  "data": [
    {
      "ca": "172.44",
      "jour": "Tue, 30 Dec 2025 00:00:00 GMT",
      "sma7": "172.440000"
    },
    {
      "ca": "130.99",
      "jour": "Wed, 31 Dec 2025 00:00:00 GMT",
      "sma7": "151.715000"
    },
    {
      "ca": "67.00",
      "jour": "Fri, 02 Jan 2026 00:00:00 GMT",
      "sma7": "123.476667"
    },
    {
      "ca": "323.75",
      "jour": "Sun, 04 Jan 2026 00:00:00 GMT",
      "sma7": "173.545000"
    },
    {
      "ca": "76.50",
      "jour": "Tue, 06 Jan 2026 00:00:00 GMT",
      "sma7": "154.136000"
    },
    {
      "ca": "33.00",
      "jour": "Fri, 16 Jan 2026 00:00:00 GMT",
      "sma7": "133.946667"
    },
    {
      "ca": "111.00",
      "jour": "Fri, 30 Jan 2026 00:00:00 GMT",
      "sma7": "130.668571"
    },
    {
      "ca": "15.00",
      "jour": "Tue, 17 Feb 2026 00:00:00 GMT",
      "sma7": "108.177143"
    },
    {
      "ca": "10.00",
      "jour": "Wed, 18 Feb 2026 00:00:00 GMT",
      "sma7": "90.892857"
    },
    {
      "ca": "14.00",
      "jour": "Sat, 21 Feb 2026 00:00:00 GMT",
      "sma7": "83.321429"
    }
  ],
  "name": "forecast_sma7",
  "success": true
}
2026-02-21T06:13:28.498Z | REQUEST  | POST | http://127.0.0.1:5000/api/dashboard/query
2026-02-21T06:13:28.498Z | REQUEST  | POST | http://127.0.0.1:5000/api/dashboard/query
2026-02-21T06:13:28.499Z | REQUEST  | POST | http://127.0.0.1:5000/api/dashboard/query
2026-02-21T06:13:28.499Z | REQUEST  | POST | http://127.0.0.1:5000/api/dashboard/query
2026-02-21T06:13:28.500Z | REQUEST  | POST | http://127.0.0.1:5000/api/dashboard/query
2026-02-21T06:13:28.500Z | REQUEST  | POST | http://127.0.0.1:5000/api/dashboard/query
2026-02-21T06:13:28.501Z | REQUEST  | POST | http://127.0.0.1:5000/api/dashboard/query
2026-02-21T06:13:28.501Z | REQUEST  | POST | http://127.0.0.1:5000/api/dashboard/query
2026-02-21T06:13:28.502Z | REQUEST  | POST | http://127.0.0.1:5000/api/dashboard/query
2026-02-21T06:13:28.503Z | REQUEST  | POST | http://127.0.0.1:5000/api/dashboard/query
2026-02-21T06:13:28.503Z | REQUEST  | POST | http://127.0.0.1:5000/api/dashboard/query
2026-02-21T06:13:28.503Z | REQUEST  | POST | http://127.0.0.1:5000/api/dashboard/query
2026-02-21T06:13:28.504Z | REQUEST  | POST | http://127.0.0.1:5000/api/dashboard/query
2026-02-21T06:13:28.505Z | REQUEST  | POST | http://127.0.0.1:5000/api/dashboard/query
2026-02-21T06:13:28.505Z | REQUEST  | POST | http://127.0.0.1:5000/api/dashboard/query
2026-02-21T06:13:28.505Z | REQUEST  | POST | http://127.0.0.1:5000/api/dashboard/query
2026-02-21T06:13:28.506Z | REQUEST  | POST | http://127.0.0.1:5000/api/dashboard/query
2026-02-21T06:13:28.506Z | REQUEST  | POST | http://127.0.0.1:5000/api/dashboard/query
2026-02-21T06:13:28.507Z | REQUEST  | POST | http://127.0.0.1:5000/api/dashboard/query
2026-02-21T06:13:28.799Z | RESPONSE | POST | http://127.0.0.1:5000/api/dashboard/query | 200 | ok=true | duration_ms=238 | {
  "data": [
    {
      "ca_jour": "14.00"
    }
  ],
  "name": "kpi_ca_jour",
  "success": true
}
2026-02-21T06:13:28.799Z | RESPONSE | POST | http://127.0.0.1:5000/api/dashboard/query | 200 | ok=true | duration_ms=239 | {
  "data": [
    {
      "nb_ventes_jour": 1
    }
  ],
  "name": "kpi_nb_ventes_jour",
  "success": true
}
2026-02-21T06:13:28.799Z | RESPONSE | POST | http://127.0.0.1:5000/api/dashboard/query | 200 | ok=true | duration_ms=239 | {
  "data": [
    {
      "nb_alertes_stock": 2
    }
  ],
  "name": "kpi_nb_alertes_stock",
  "success": true
}
2026-02-21T06:13:28.799Z | RESPONSE | POST | http://127.0.0.1:5000/api/dashboard/query | 200 | ok=true | duration_ms=238 | {
  "data": [
    {
      "nb_produits_actifs": 11
    }
  ],
  "name": "kpi_nb_produits_actifs",
  "success": true
}
2026-02-21T06:13:28.799Z | RESPONSE | POST | http://127.0.0.1:5000/api/dashboard/query | 200 | ok=true | duration_ms=238 | {
  "data": [
    {
      "valeur_stock": "9270.25"
    }
  ],
  "name": "kpi_valeur_stock",
  "success": true
}
2026-02-21T06:13:28.799Z | RESPONSE | POST | http://127.0.0.1:5000/api/dashboard/query | 200 | ok=true | duration_ms=238 | {
  "data": [
    {
      "ca_ytd": "650.25"
    }
  ],
  "name": "kpi_ca_ytd",
  "success": true
}
2026-02-21T06:13:28.799Z | RESPONSE | POST | http://127.0.0.1:5000/api/dashboard/query | 200 | ok=true | duration_ms=238 | {
  "data": [
    {
      "nb_produits_expires_en_stock": 8
    }
  ],
  "name": "kpi_nb_produits_expires_en_stock",
  "success": true
}
2026-02-21T06:13:28.799Z | RESPONSE | POST | http://127.0.0.1:5000/api/dashboard/query | 200 | ok=true | duration_ms=238 | {
  "data": [
    {
      "marge_brute_30j": "-765.00"
    }
  ],
  "name": "kpi_marge_brute_30j",
  "success": true
}
2026-02-21T06:13:28.799Z | RESPONSE | POST | http://127.0.0.1:5000/api/dashboard/query | 200 | ok=true | duration_ms=237 | {
  "data": [
    {
      "nb_fournisseurs_30j": 0
    }
  ],
  "name": "kpi_nb_fournisseurs_30j",
  "success": true
}
2026-02-21T06:13:28.799Z | RESPONSE | POST | http://127.0.0.1:5000/api/dashboard/query | 200 | ok=true | duration_ms=237 | {
  "data": [
    {
      "jour": "Fri, 30 Jan 2026 00:00:00 GMT",
      "total_vente": "111.00"
    },
    {
      "jour": "Tue, 17 Feb 2026 00:00:00 GMT",
      "total_vente": "15.00"
    },
    {
      "jour": "Wed, 18 Feb 2026 00:00:00 GMT",
      "total_vente": "10.00"
    },
    {
      "jour": "Sat, 21 Feb 2026 00:00:00 GMT",
      "total_vente": "14.00"
    }
  ],
  "name": "chart_ventes_30j",
  "success": true
}
2026-02-21T06:13:28.799Z | RESPONSE | POST | http://127.0.0.1:5000/api/dashboard/query | 200 | ok=true | duration_ms=237 | {
  "data": [
    {
      "ca_mois": "611.25",
      "mois": "2026-01"
    },
    {
      "ca_mois": "39.00",
      "mois": "2026-02"
    }
  ],
  "name": "chart_ca_mensuel_ytd",
  "success": true
}
2026-02-21T06:13:28.799Z | RESPONSE | POST | http://127.0.0.1:5000/api/dashboard/query | 200 | ok=true | duration_ms=237 | {
  "data": [
    {
      "an_semaine": 202601,
      "ca_semaine": "694.18",
      "debut_semaine": "Tue, 30 Dec 2025 00:00:00 GMT"
    },
    {
      "an_semaine": 202602,
      "ca_semaine": "76.50",
      "debut_semaine": "Tue, 06 Jan 2026 00:00:00 GMT"
    },
    {
      "an_semaine": 202603,
      "ca_semaine": "33.00",
      "debut_semaine": "Fri, 16 Jan 2026 00:00:00 GMT"
    },
    {
      "an_semaine": 202605,
      "ca_semaine": "111.00",
      "debut_semaine": "Fri, 30 Jan 2026 00:00:00 GMT"
    },
    {
      "an_semaine": 202608,
      "ca_semaine": "39.00",
      "debut_semaine": "Tue, 17 Feb 2026 00:00:00 GMT"
    }
  ],
  "name": "chart_ca_par_semaine_12",
  "success": true
}
2026-02-21T06:13:28.799Z | RESPONSE | POST | http://127.0.0.1:5000/api/dashboard/query | 200 | ok=true | duration_ms=237 | {
  "data": [
    {
      "produit": "Dexam??thasone 4ml/ml",
      "total_vendu": "8"
    },
    {
      "produit": "Dolaren plus 250mg",
      "total_vendu": "2"
    },
    {
      "produit": "Amoxicilline 500mg",
      "total_vendu": "2"
    },
    {
      "produit": "Bleu de m??thyl??ne 2%",
      "total_vendu": "2"
    },
    {
      "produit": "IBUCAP FORTE",
      "total_vendu": "2"
    }
  ],
  "name": "top5_produits_30j",
  "success": true
}
2026-02-21T06:13:28.799Z | RESPONSE | POST | http://127.0.0.1:5000/api/dashboard/query | 200 | ok=true | duration_ms=237 | {
  "data": [
    {
      "ca": "121.00",
      "category": "Douleur"
    },
    {
      "ca": "120.00",
      "category": "Cortico"
    },
    {
      "ca": "20.00",
      "category": "Antidote"
    },
    {
      "ca": "15.00",
      "category": "Anti Inflamatoire"
    },
    {
      "ca": "10.00",
      "category": "Antibio"
    }
  ],
  "name": "repartition_categorie_30j",
  "success": true
}
2026-02-21T06:13:28.799Z | RESPONSE | POST | http://127.0.0.1:5000/api/dashboard/query | 200 | ok=true | duration_ms=236 | {
  "data": [],
  "name": "chart_top_fournisseurs_30j",
  "success": true
}
2026-02-21T06:13:28.799Z | RESPONSE | POST | http://127.0.0.1:5000/api/dashboard/query | 200 | ok=true | duration_ms=236 | {
  "data": [],
  "name": "alertes_expiration_30j",
  "success": true
}
2026-02-21T06:13:28.799Z | RESPONSE | POST | http://127.0.0.1:5000/api/dashboard/query | 200 | ok=true | duration_ms=236 | {
  "data": [
    {
      "produit": "Sirop Toux",
      "seuil": 700,
      "total_stock": "129"
    },
    {
      "produit": "Amoxicilline 500mg",
      "seuil": 700,
      "total_stock": "315"
    }
  ],
  "name": "stock_bas",
  "success": true
}
2026-02-21T06:13:28.799Z | RESPONSE | POST | http://127.0.0.1:5000/api/dashboard/query | 200 | ok=true | duration_ms=236 | {
  "data": [
    {
      "produit": "Tramadol 50mg",
      "total_stock": "348"
    },
    {
      "produit": "Amoxicilline 500mg",
      "total_stock": "315"
    },
    {
      "produit": "Vitamine C 1000mg",
      "total_stock": "266"
    },
    {
      "produit": "Paracetamol 500mg",
      "total_stock": "195"
    },
    {
      "produit": "Sirop Toux",
      "total_stock": "129"
    },
    {
      "produit": "Bleu de m??thyl??ne 2%",
      "total_stock": "128"
    },
    {
      "produit": "Ibuprof??ne 400mg",
      "total_stock": "120"
    },
    {
      "produit": "Dolaren plus 250mg",
      "total_stock": "30"
    },
    {
      "produit": "Dexam??thasone 4ml/ml",
      "total_stock": "26"
    },
    {
      "produit": "Albendazole 400mg",
      "total_stock": "13"
    },
    {
      "produit": "IBUCAP FORTE",
      "total_stock": "8"
    }
  ],
  "name": "resume_stock",
  "success": true
}
2026-02-21T06:13:28.800Z | RESPONSE | POST | http://127.0.0.1:5000/api/dashboard/query | 200 | ok=true | duration_ms=235 | {
  "data": [
    {
      "ca": "172.44",
      "jour": "Tue, 30 Dec 2025 00:00:00 GMT",
      "sma7": "172.440000"
    },
    {
      "ca": "130.99",
      "jour": "Wed, 31 Dec 2025 00:00:00 GMT",
      "sma7": "151.715000"
    },
    {
      "ca": "67.00",
      "jour": "Fri, 02 Jan 2026 00:00:00 GMT",
      "sma7": "123.476667"
    },
    {
      "ca": "323.75",
      "jour": "Sun, 04 Jan 2026 00:00:00 GMT",
      "sma7": "173.545000"
    },
    {
      "ca": "76.50",
      "jour": "Tue, 06 Jan 2026 00:00:00 GMT",
      "sma7": "154.136000"
    },
    {
      "ca": "33.00",
      "jour": "Fri, 16 Jan 2026 00:00:00 GMT",
      "sma7": "133.946667"
    },
    {
      "ca": "111.00",
      "jour": "Fri, 30 Jan 2026 00:00:00 GMT",
      "sma7": "130.668571"
    },
    {
      "ca": "15.00",
      "jour": "Tue, 17 Feb 2026 00:00:00 GMT",
      "sma7": "108.177143"
    },
    {
      "ca": "10.00",
      "jour": "Wed, 18 Feb 2026 00:00:00 GMT",
      "sma7": "90.892857"
    },
    {
      "ca": "14.00",
      "jour": "Sat, 21 Feb 2026 00:00:00 GMT",
      "sma7": "83.321429"
    }
  ],
  "name": "forecast_sma7",
  "success": true
}
2026-02-21T06:13:46.446Z | REQUEST  | POST | http://127.0.0.1:5000/api/dashboard/query
2026-02-21T06:13:46.447Z | REQUEST  | POST | http://127.0.0.1:5000/api/dashboard/query
2026-02-21T06:13:46.448Z | REQUEST  | POST | http://127.0.0.1:5000/api/dashboard/query
2026-02-21T06:13:46.448Z | REQUEST  | POST | http://127.0.0.1:5000/api/dashboard/query
2026-02-21T06:13:46.449Z | REQUEST  | POST | http://127.0.0.1:5000/api/dashboard/query
2026-02-21T06:13:46.450Z | REQUEST  | POST | http://127.0.0.1:5000/api/dashboard/query
2026-02-21T06:13:46.450Z | REQUEST  | POST | http://127.0.0.1:5000/api/dashboard/query
2026-02-21T06:13:46.451Z | REQUEST  | POST | http://127.0.0.1:5000/api/dashboard/query
2026-02-21T06:13:46.452Z | REQUEST  | POST | http://127.0.0.1:5000/api/dashboard/query
2026-02-21T06:13:46.452Z | REQUEST  | POST | http://127.0.0.1:5000/api/dashboard/query
2026-02-21T06:13:46.453Z | REQUEST  | POST | http://127.0.0.1:5000/api/dashboard/query
2026-02-21T06:13:46.453Z | REQUEST  | POST | http://127.0.0.1:5000/api/dashboard/query
2026-02-21T06:13:46.454Z | REQUEST  | POST | http://127.0.0.1:5000/api/dashboard/query
2026-02-21T06:13:46.454Z | REQUEST  | POST | http://127.0.0.1:5000/api/dashboard/query
2026-02-21T06:13:46.455Z | REQUEST  | POST | http://127.0.0.1:5000/api/dashboard/query
2026-02-21T06:13:46.455Z | REQUEST  | POST | http://127.0.0.1:5000/api/dashboard/query
2026-02-21T06:13:46.456Z | REQUEST  | POST | http://127.0.0.1:5000/api/dashboard/query
2026-02-21T06:13:46.457Z | REQUEST  | POST | http://127.0.0.1:5000/api/dashboard/query
2026-02-21T06:13:46.457Z | REQUEST  | POST | http://127.0.0.1:5000/api/dashboard/query
2026-02-21T06:13:46.786Z | RESPONSE | POST | http://127.0.0.1:5000/api/dashboard/query | 200 | ok=true | duration_ms=261 | {
  "data": [
    {
      "ca_jour": "14.00"
    }
  ],
  "name": "kpi_ca_jour",
  "success": true
}
2026-02-21T06:13:46.787Z | RESPONSE | POST | http://127.0.0.1:5000/api/dashboard/query | 200 | ok=true | duration_ms=260 | {
  "data": [
    {
      "nb_ventes_jour": 1
    }
  ],
  "name": "kpi_nb_ventes_jour",
  "success": true
}
2026-02-21T06:13:46.787Z | RESPONSE | POST | http://127.0.0.1:5000/api/dashboard/query | 200 | ok=true | duration_ms=260 | {
  "data": [
    {
      "nb_alertes_stock": 2
    }
  ],
  "name": "kpi_nb_alertes_stock",
  "success": true
}
2026-02-21T06:13:46.787Z | RESPONSE | POST | http://127.0.0.1:5000/api/dashboard/query | 200 | ok=true | duration_ms=259 | {
  "data": [
    {
      "valeur_stock": "9270.25"
    }
  ],
  "name": "kpi_valeur_stock",
  "success": true
}
2026-02-21T06:13:46.787Z | RESPONSE | POST | http://127.0.0.1:5000/api/dashboard/query | 200 | ok=true | duration_ms=258 | {
  "data": [
    {
      "nb_produits_expires_en_stock": 8
    }
  ],
  "name": "kpi_nb_produits_expires_en_stock",
  "success": true
}
2026-02-21T06:13:46.787Z | RESPONSE | POST | http://127.0.0.1:5000/api/dashboard/query | 200 | ok=true | duration_ms=260 | {
  "data": [
    {
      "nb_produits_actifs": 11
    }
  ],
  "name": "kpi_nb_produits_actifs",
  "success": true
}
2026-02-21T06:13:46.787Z | RESPONSE | POST | http://127.0.0.1:5000/api/dashboard/query | 200 | ok=true | duration_ms=258 | {
  "data": [
    {
      "marge_brute_30j": "-765.00"
    }
  ],
  "name": "kpi_marge_brute_30j",
  "success": true
}
2026-02-21T06:13:46.787Z | RESPONSE | POST | http://127.0.0.1:5000/api/dashboard/query | 200 | ok=true | duration_ms=258 | {
  "data": [
    {
      "jour": "Fri, 30 Jan 2026 00:00:00 GMT",
      "total_vente": "111.00"
    },
    {
      "jour": "Tue, 17 Feb 2026 00:00:00 GMT",
      "total_vente": "15.00"
    },
    {
      "jour": "Wed, 18 Feb 2026 00:00:00 GMT",
      "total_vente": "10.00"
    },
    {
      "jour": "Sat, 21 Feb 2026 00:00:00 GMT",
      "total_vente": "14.00"
    }
  ],
  "name": "chart_ventes_30j",
  "success": true
}
2026-02-21T06:13:46.787Z | RESPONSE | POST | http://127.0.0.1:5000/api/dashboard/query | 200 | ok=true | duration_ms=262 | {
  "data": [
    {
      "ca_ytd": "650.25"
    }
  ],
  "name": "kpi_ca_ytd",
  "success": true
}
2026-02-21T06:13:46.787Z | RESPONSE | POST | http://127.0.0.1:5000/api/dashboard/query | 200 | ok=true | duration_ms=260 | {
  "data": [
    {
      "nb_fournisseurs_30j": 0
    }
  ],
  "name": "kpi_nb_fournisseurs_30j",
  "success": true
}
2026-02-21T06:13:46.787Z | RESPONSE | POST | http://127.0.0.1:5000/api/dashboard/query | 200 | ok=true | duration_ms=259 | {
  "data": [
    {
      "ca_mois": "611.25",
      "mois": "2026-01"
    },
    {
      "ca_mois": "39.00",
      "mois": "2026-02"
    }
  ],
  "name": "chart_ca_mensuel_ytd",
  "success": true
}
2026-02-21T06:13:46.787Z | RESPONSE | POST | http://127.0.0.1:5000/api/dashboard/query | 200 | ok=true | duration_ms=259 | {
  "data": [
    {
      "an_semaine": 202601,
      "ca_semaine": "694.18",
      "debut_semaine": "Tue, 30 Dec 2025 00:00:00 GMT"
    },
    {
      "an_semaine": 202602,
      "ca_semaine": "76.50",
      "debut_semaine": "Tue, 06 Jan 2026 00:00:00 GMT"
    },
    {
      "an_semaine": 202603,
      "ca_semaine": "33.00",
      "debut_semaine": "Fri, 16 Jan 2026 00:00:00 GMT"
    },
    {
      "an_semaine": 202605,
      "ca_semaine": "111.00",
      "debut_semaine": "Fri, 30 Jan 2026 00:00:00 GMT"
    },
    {
      "an_semaine": 202608,
      "ca_semaine": "39.00",
      "debut_semaine": "Tue, 17 Feb 2026 00:00:00 GMT"
    }
  ],
  "name": "chart_ca_par_semaine_12",
  "success": true
}
2026-02-21T06:13:46.787Z | RESPONSE | POST | http://127.0.0.1:5000/api/dashboard/query | 200 | ok=true | duration_ms=258 | {
  "data": [],
  "name": "chart_top_fournisseurs_30j",
  "success": true
}
2026-02-21T06:13:46.787Z | RESPONSE | POST | http://127.0.0.1:5000/api/dashboard/query | 200 | ok=true | duration_ms=259 | {
  "data": [
    {
      "ca": "121.00",
      "category": "Douleur"
    },
    {
      "ca": "120.00",
      "category": "Cortico"
    },
    {
      "ca": "20.00",
      "category": "Antidote"
    },
    {
      "ca": "15.00",
      "category": "Anti Inflamatoire"
    },
    {
      "ca": "10.00",
      "category": "Antibio"
    }
  ],
  "name": "repartition_categorie_30j",
  "success": true
}
2026-02-21T06:13:46.788Z | RESPONSE | POST | http://127.0.0.1:5000/api/dashboard/query | 200 | ok=true | duration_ms=260 | {
  "data": [
    {
      "produit": "Dexam??thasone 4ml/ml",
      "total_vendu": "8"
    },
    {
      "produit": "Dolaren plus 250mg",
      "total_vendu": "2"
    },
    {
      "produit": "Amoxicilline 500mg",
      "total_vendu": "2"
    },
    {
      "produit": "Bleu de m??thyl??ne 2%",
      "total_vendu": "2"
    },
    {
      "produit": "IBUCAP FORTE",
      "total_vendu": "2"
    }
  ],
  "name": "top5_produits_30j",
  "success": true
}
2026-02-21T06:13:46.788Z | RESPONSE | POST | http://127.0.0.1:5000/api/dashboard/query | 200 | ok=true | duration_ms=262 | {
  "data": [],
  "name": "alertes_expiration_30j",
  "success": true
}
2026-02-21T06:13:46.788Z | RESPONSE | POST | http://127.0.0.1:5000/api/dashboard/query | 200 | ok=true | duration_ms=261 | {
  "data": [
    {
      "produit": "Tramadol 50mg",
      "total_stock": "348"
    },
    {
      "produit": "Amoxicilline 500mg",
      "total_stock": "315"
    },
    {
      "produit": "Vitamine C 1000mg",
      "total_stock": "266"
    },
    {
      "produit": "Paracetamol 500mg",
      "total_stock": "195"
    },
    {
      "produit": "Sirop Toux",
      "total_stock": "129"
    },
    {
      "produit": "Bleu de m??thyl??ne 2%",
      "total_stock": "128"
    },
    {
      "produit": "Ibuprof??ne 400mg",
      "total_stock": "120"
    },
    {
      "produit": "Dolaren plus 250mg",
      "total_stock": "30"
    },
    {
      "produit": "Dexam??thasone 4ml/ml",
      "total_stock": "26"
    },
    {
      "produit": "Albendazole 400mg",
      "total_stock": "13"
    },
    {
      "produit": "IBUCAP FORTE",
      "total_stock": "8"
    }
  ],
  "name": "resume_stock",
  "success": true
}
2026-02-21T06:13:46.788Z | RESPONSE | POST | http://127.0.0.1:5000/api/dashboard/query | 200 | ok=true | duration_ms=262 | {
  "data": [
    {
      "produit": "Sirop Toux",
      "seuil": 700,
      "total_stock": "129"
    },
    {
      "produit": "Amoxicilline 500mg",
      "seuil": 700,
      "total_stock": "315"
    }
  ],
  "name": "stock_bas",
  "success": true
}
2026-02-21T06:13:46.788Z | RESPONSE | POST | http://127.0.0.1:5000/api/dashboard/query | 200 | ok=true | duration_ms=261 | {
  "data": [
    {
      "ca": "172.44",
      "jour": "Tue, 30 Dec 2025 00:00:00 GMT",
      "sma7": "172.440000"
    },
    {
      "ca": "130.99",
      "jour": "Wed, 31 Dec 2025 00:00:00 GMT",
      "sma7": "151.715000"
    },
    {
      "ca": "67.00",
      "jour": "Fri, 02 Jan 2026 00:00:00 GMT",
      "sma7": "123.476667"
    },
    {
      "ca": "323.75",
      "jour": "Sun, 04 Jan 2026 00:00:00 GMT",
      "sma7": "173.545000"
    },
    {
      "ca": "76.50",
      "jour": "Tue, 06 Jan 2026 00:00:00 GMT",
      "sma7": "154.136000"
    },
    {
      "ca": "33.00",
      "jour": "Fri, 16 Jan 2026 00:00:00 GMT",
      "sma7": "133.946667"
    },
    {
      "ca": "111.00",
      "jour": "Fri, 30 Jan 2026 00:00:00 GMT",
      "sma7": "130.668571"
    },
    {
      "ca": "15.00",
      "jour": "Tue, 17 Feb 2026 00:00:00 GMT",
      "sma7": "108.177143"
    },
    {
      "ca": "10.00",
      "jour": "Wed, 18 Feb 2026 00:00:00 GMT",
      "sma7": "90.892857"
    },
    {
      "ca": "14.00",
      "jour": "Sat, 21 Feb 2026 00:00:00 GMT",
      "sma7": "83.321429"
    }
  ],
  "name": "forecast_sma7",
  "success": true
}
2026-02-21T06:14:02.774Z | REQUEST  | POST | http://127.0.0.1:5000/api/dashboard/query
2026-02-21T06:14:02.775Z | REQUEST  | POST | http://127.0.0.1:5000/api/dashboard/query
2026-02-21T06:14:02.775Z | REQUEST  | POST | http://127.0.0.1:5000/api/dashboard/query
2026-02-21T06:14:02.776Z | REQUEST  | POST | http://127.0.0.1:5000/api/dashboard/query
2026-02-21T06:14:02.776Z | REQUEST  | POST | http://127.0.0.1:5000/api/dashboard/query
2026-02-21T06:14:02.777Z | REQUEST  | POST | http://127.0.0.1:5000/api/dashboard/query
2026-02-21T06:14:02.777Z | REQUEST  | POST | http://127.0.0.1:5000/api/dashboard/query
2026-02-21T06:14:02.778Z | REQUEST  | POST | http://127.0.0.1:5000/api/dashboard/query
2026-02-21T06:14:02.778Z | REQUEST  | POST | http://127.0.0.1:5000/api/dashboard/query
2026-02-21T06:14:02.778Z | REQUEST  | POST | http://127.0.0.1:5000/api/dashboard/query
2026-02-21T06:14:02.779Z | REQUEST  | POST | http://127.0.0.1:5000/api/dashboard/query
2026-02-21T06:14:02.780Z | REQUEST  | POST | http://127.0.0.1:5000/api/dashboard/query
2026-02-21T06:14:02.780Z | REQUEST  | POST | http://127.0.0.1:5000/api/dashboard/query
2026-02-21T06:14:02.780Z | REQUEST  | POST | http://127.0.0.1:5000/api/dashboard/query
2026-02-21T06:14:02.781Z | REQUEST  | POST | http://127.0.0.1:5000/api/dashboard/query
2026-02-21T06:14:02.781Z | REQUEST  | POST | http://127.0.0.1:5000/api/dashboard/query
2026-02-21T06:14:02.782Z | REQUEST  | POST | http://127.0.0.1:5000/api/dashboard/query
2026-02-21T06:14:02.782Z | REQUEST  | POST | http://127.0.0.1:5000/api/dashboard/query
2026-02-21T06:14:02.783Z | REQUEST  | POST | http://127.0.0.1:5000/api/dashboard/query
2026-02-21T06:14:03.126Z | RESPONSE | POST | http://127.0.0.1:5000/api/dashboard/query | 200 | ok=true | duration_ms=288 | {
  "data": [
    {
      "ca_jour": "14.00"
    }
  ],
  "name": "kpi_ca_jour",
  "success": true
}
2026-02-21T06:14:03.126Z | RESPONSE | POST | http://127.0.0.1:5000/api/dashboard/query | 200 | ok=true | duration_ms=287 | {
  "data": [
    {
      "nb_ventes_jour": 1
    }
  ],
  "name": "kpi_nb_ventes_jour",
  "success": true
}
2026-02-21T06:14:03.126Z | RESPONSE | POST | http://127.0.0.1:5000/api/dashboard/query | 200 | ok=true | duration_ms=287 | {
  "data": [
    {
      "nb_alertes_stock": 2
    }
  ],
  "name": "kpi_nb_alertes_stock",
  "success": true
}
2026-02-21T06:14:03.126Z | RESPONSE | POST | http://127.0.0.1:5000/api/dashboard/query | 200 | ok=true | duration_ms=287 | {
  "data": [
    {
      "nb_produits_actifs": 11
    }
  ],
  "name": "kpi_nb_produits_actifs",
  "success": true
}
2026-02-21T06:14:03.126Z | RESPONSE | POST | http://127.0.0.1:5000/api/dashboard/query | 200 | ok=true | duration_ms=287 | {
  "data": [
    {
      "valeur_stock": "9270.25"
    }
  ],
  "name": "kpi_valeur_stock",
  "success": true
}
2026-02-21T06:14:03.126Z | RESPONSE | POST | http://127.0.0.1:5000/api/dashboard/query | 200 | ok=true | duration_ms=287 | {
  "data": [
    {
      "ca_ytd": "650.25"
    }
  ],
  "name": "kpi_ca_ytd",
  "success": true
}
2026-02-21T06:14:03.126Z | RESPONSE | POST | http://127.0.0.1:5000/api/dashboard/query | 200 | ok=true | duration_ms=287 | {
  "data": [
    {
      "nb_produits_expires_en_stock": 8
    }
  ],
  "name": "kpi_nb_produits_expires_en_stock",
  "success": true
}
2026-02-21T06:14:03.127Z | RESPONSE | POST | http://127.0.0.1:5000/api/dashboard/query | 200 | ok=true | duration_ms=286 | {
  "data": [
    {
      "marge_brute_30j": "-765.00"
    }
  ],
  "name": "kpi_marge_brute_30j",
  "success": true
}
2026-02-21T06:14:03.127Z | RESPONSE | POST | http://127.0.0.1:5000/api/dashboard/query | 200 | ok=true | duration_ms=286 | {
  "data": [
    {
      "nb_fournisseurs_30j": 0
    }
  ],
  "name": "kpi_nb_fournisseurs_30j",
  "success": true
}
2026-02-21T06:14:03.127Z | RESPONSE | POST | http://127.0.0.1:5000/api/dashboard/query | 200 | ok=true | duration_ms=286 | {
  "data": [
    {
      "jour": "Fri, 30 Jan 2026 00:00:00 GMT",
      "total_vente": "111.00"
    },
    {
      "jour": "Tue, 17 Feb 2026 00:00:00 GMT",
      "total_vente": "15.00"
    },
    {
      "jour": "Wed, 18 Feb 2026 00:00:00 GMT",
      "total_vente": "10.00"
    },
    {
      "jour": "Sat, 21 Feb 2026 00:00:00 GMT",
      "total_vente": "14.00"
    }
  ],
  "name": "chart_ventes_30j",
  "success": true
}
2026-02-21T06:14:03.127Z | RESPONSE | POST | http://127.0.0.1:5000/api/dashboard/query | 200 | ok=true | duration_ms=286 | {
  "data": [
    {
      "ca_mois": "611.25",
      "mois": "2026-01"
    },
    {
      "ca_mois": "39.00",
      "mois": "2026-02"
    }
  ],
  "name": "chart_ca_mensuel_ytd",
  "success": true
}
2026-02-21T06:14:03.127Z | RESPONSE | POST | http://127.0.0.1:5000/api/dashboard/query | 200 | ok=true | duration_ms=286 | {
  "data": [
    {
      "an_semaine": 202601,
      "ca_semaine": "694.18",
      "debut_semaine": "Tue, 30 Dec 2025 00:00:00 GMT"
    },
    {
      "an_semaine": 202602,
      "ca_semaine": "76.50",
      "debut_semaine": "Tue, 06 Jan 2026 00:00:00 GMT"
    },
    {
      "an_semaine": 202603,
      "ca_semaine": "33.00",
      "debut_semaine": "Fri, 16 Jan 2026 00:00:00 GMT"
    },
    {
      "an_semaine": 202605,
      "ca_semaine": "111.00",
      "debut_semaine": "Fri, 30 Jan 2026 00:00:00 GMT"
    },
    {
      "an_semaine": 202608,
      "ca_semaine": "39.00",
      "debut_semaine": "Tue, 17 Feb 2026 00:00:00 GMT"
    }
  ],
  "name": "chart_ca_par_semaine_12",
  "success": true
}
2026-02-21T06:14:03.127Z | RESPONSE | POST | http://127.0.0.1:5000/api/dashboard/query | 200 | ok=true | duration_ms=285 | {
  "data": [],
  "name": "chart_top_fournisseurs_30j",
  "success": true
}
2026-02-21T06:14:03.127Z | RESPONSE | POST | http://127.0.0.1:5000/api/dashboard/query | 200 | ok=true | duration_ms=285 | {
  "data": [
    {
      "ca": "121.00",
      "category": "Douleur"
    },
    {
      "ca": "120.00",
      "category": "Cortico"
    },
    {
      "ca": "20.00",
      "category": "Antidote"
    },
    {
      "ca": "15.00",
      "category": "Anti Inflamatoire"
    },
    {
      "ca": "10.00",
      "category": "Antibio"
    }
  ],
  "name": "repartition_categorie_30j",
  "success": true
}
2026-02-21T06:14:03.127Z | RESPONSE | POST | http://127.0.0.1:5000/api/dashboard/query | 200 | ok=true | duration_ms=285 | {
  "data": [],
  "name": "alertes_expiration_30j",
  "success": true
}
2026-02-21T06:14:03.127Z | RESPONSE | POST | http://127.0.0.1:5000/api/dashboard/query | 200 | ok=true | duration_ms=285 | {
  "data": [
    {
      "produit": "Sirop Toux",
      "seuil": 700,
      "total_stock": "129"
    },
    {
      "produit": "Amoxicilline 500mg",
      "seuil": 700,
      "total_stock": "315"
    }
  ],
  "name": "stock_bas",
  "success": true
}
2026-02-21T06:14:03.127Z | RESPONSE | POST | http://127.0.0.1:5000/api/dashboard/query | 200 | ok=true | duration_ms=287 | {
  "data": [
    {
      "produit": "Dexam??thasone 4ml/ml",
      "total_vendu": "8"
    },
    {
      "produit": "Dolaren plus 250mg",
      "total_vendu": "2"
    },
    {
      "produit": "Amoxicilline 500mg",
      "total_vendu": "2"
    },
    {
      "produit": "Bleu de m??thyl??ne 2%",
      "total_vendu": "2"
    },
    {
      "produit": "IBUCAP FORTE",
      "total_vendu": "2"
    }
  ],
  "name": "top5_produits_30j",
  "success": true
}
2026-02-21T06:14:03.127Z | RESPONSE | POST | http://127.0.0.1:5000/api/dashboard/query | 200 | ok=true | duration_ms=288 | {
  "data": [
    {
      "produit": "Tramadol 50mg",
      "total_stock": "348"
    },
    {
      "produit": "Amoxicilline 500mg",
      "total_stock": "315"
    },
    {
      "produit": "Vitamine C 1000mg",
      "total_stock": "266"
    },
    {
      "produit": "Paracetamol 500mg",
      "total_stock": "195"
    },
    {
      "produit": "Sirop Toux",
      "total_stock": "129"
    },
    {
      "produit": "Bleu de m??thyl??ne 2%",
      "total_stock": "128"
    },
    {
      "produit": "Ibuprof??ne 400mg",
      "total_stock": "120"
    },
    {
      "produit": "Dolaren plus 250mg",
      "total_stock": "30"
    },
    {
      "produit": "Dexam??thasone 4ml/ml",
      "total_stock": "26"
    },
    {
      "produit": "Albendazole 400mg",
      "total_stock": "13"
    },
    {
      "produit": "IBUCAP FORTE",
      "total_stock": "8"
    }
  ],
  "name": "resume_stock",
  "success": true
}
2026-02-21T06:14:03.127Z | RESPONSE | POST | http://127.0.0.1:5000/api/dashboard/query | 200 | ok=true | duration_ms=288 | {
  "data": [
    {
      "ca": "172.44",
      "jour": "Tue, 30 Dec 2025 00:00:00 GMT",
      "sma7": "172.440000"
    },
    {
      "ca": "130.99",
      "jour": "Wed, 31 Dec 2025 00:00:00 GMT",
      "sma7": "151.715000"
    },
    {
      "ca": "67.00",
      "jour": "Fri, 02 Jan 2026 00:00:00 GMT",
      "sma7": "123.476667"
    },
    {
      "ca": "323.75",
      "jour": "Sun, 04 Jan 2026 00:00:00 GMT",
      "sma7": "173.545000"
    },
    {
      "ca": "76.50",
      "jour": "Tue, 06 Jan 2026 00:00:00 GMT",
      "sma7": "154.136000"
    },
    {
      "ca": "33.00",
      "jour": "Fri, 16 Jan 2026 00:00:00 GMT",
      "sma7": "133.946667"
    },
    {
      "ca": "111.00",
      "jour": "Fri, 30 Jan 2026 00:00:00 GMT",
      "sma7": "130.668571"
    },
    {
      "ca": "15.00",
      "jour": "Tue, 17 Feb 2026 00:00:00 GMT",
      "sma7": "108.177143"
    },
    {
      "ca": "10.00",
      "jour": "Wed, 18 Feb 2026 00:00:00 GMT",
      "sma7": "90.892857"
    },
    {
      "ca": "14.00",
      "jour": "Sat, 21 Feb 2026 00:00:00 GMT",
      "sma7": "83.321429"
    }
  ],
  "name": "forecast_sma7",
  "success": true
}
2026-02-21T06:14:18.789Z | REQUEST  | POST | http://127.0.0.1:5000/api/dashboard/query
2026-02-21T06:14:18.790Z | REQUEST  | POST | http://127.0.0.1:5000/api/dashboard/query
2026-02-21T06:14:18.791Z | REQUEST  | POST | http://127.0.0.1:5000/api/dashboard/query
2026-02-21T06:14:18.792Z | REQUEST  | POST | http://127.0.0.1:5000/api/dashboard/query
2026-02-21T06:14:18.792Z | REQUEST  | POST | http://127.0.0.1:5000/api/dashboard/query
2026-02-21T06:14:18.793Z | REQUEST  | POST | http://127.0.0.1:5000/api/dashboard/query
2026-02-21T06:14:18.793Z | REQUEST  | POST | http://127.0.0.1:5000/api/dashboard/query
2026-02-21T06:14:18.794Z | REQUEST  | POST | http://127.0.0.1:5000/api/dashboard/query
2026-02-21T06:14:18.794Z | REQUEST  | POST | http://127.0.0.1:5000/api/dashboard/query
2026-02-21T06:14:18.795Z | REQUEST  | POST | http://127.0.0.1:5000/api/dashboard/query
2026-02-21T06:14:18.796Z | REQUEST  | POST | http://127.0.0.1:5000/api/dashboard/query
2026-02-21T06:14:18.796Z | REQUEST  | POST | http://127.0.0.1:5000/api/dashboard/query
2026-02-21T06:14:18.797Z | REQUEST  | POST | http://127.0.0.1:5000/api/dashboard/query
2026-02-21T06:14:18.797Z | REQUEST  | POST | http://127.0.0.1:5000/api/dashboard/query
2026-02-21T06:14:18.798Z | REQUEST  | POST | http://127.0.0.1:5000/api/dashboard/query
2026-02-21T06:14:18.798Z | REQUEST  | POST | http://127.0.0.1:5000/api/dashboard/query
2026-02-21T06:14:18.799Z | REQUEST  | POST | http://127.0.0.1:5000/api/dashboard/query
2026-02-21T06:14:18.799Z | REQUEST  | POST | http://127.0.0.1:5000/api/dashboard/query
2026-02-21T06:14:18.800Z | REQUEST  | POST | http://127.0.0.1:5000/api/dashboard/query
2026-02-21T06:14:19.201Z | RESPONSE | POST | http://127.0.0.1:5000/api/dashboard/query | 200 | ok=true | duration_ms=341 | {
  "data": [
    {
      "ca_jour": "14.00"
    }
  ],
  "name": "kpi_ca_jour",
  "success": true
}
2026-02-21T06:14:19.201Z | RESPONSE | POST | http://127.0.0.1:5000/api/dashboard/query | 200 | ok=true | duration_ms=341 | {
  "data": [
    {
      "nb_ventes_jour": 1
    }
  ],
  "name": "kpi_nb_ventes_jour",
  "success": true
}
2026-02-21T06:14:19.201Z | RESPONSE | POST | http://127.0.0.1:5000/api/dashboard/query | 200 | ok=true | duration_ms=341 | {
  "data": [
    {
      "nb_alertes_stock": 2
    }
  ],
  "name": "kpi_nb_alertes_stock",
  "success": true
}
2026-02-21T06:14:19.201Z | RESPONSE | POST | http://127.0.0.1:5000/api/dashboard/query | 200 | ok=true | duration_ms=341 | {
  "data": [
    {
      "nb_produits_actifs": 11
    }
  ],
  "name": "kpi_nb_produits_actifs",
  "success": true
}
2026-02-21T06:14:19.201Z | RESPONSE | POST | http://127.0.0.1:5000/api/dashboard/query | 200 | ok=true | duration_ms=341 | {
  "data": [
    {
      "valeur_stock": "9270.25"
    }
  ],
  "name": "kpi_valeur_stock",
  "success": true
}
2026-02-21T06:14:19.201Z | RESPONSE | POST | http://127.0.0.1:5000/api/dashboard/query | 200 | ok=true | duration_ms=341 | {
  "data": [
    {
      "ca_ytd": "650.25"
    }
  ],
  "name": "kpi_ca_ytd",
  "success": true
}
2026-02-21T06:14:19.202Z | RESPONSE | POST | http://127.0.0.1:5000/api/dashboard/query | 200 | ok=true | duration_ms=340 | {
  "data": [
    {
      "nb_produits_expires_en_stock": 8
    }
  ],
  "name": "kpi_nb_produits_expires_en_stock",
  "success": true
}
2026-02-21T06:14:19.202Z | RESPONSE | POST | http://127.0.0.1:5000/api/dashboard/query | 200 | ok=true | duration_ms=340 | {
  "data": [
    {
      "marge_brute_30j": "-765.00"
    }
  ],
  "name": "kpi_marge_brute_30j",
  "success": true
}
2026-02-21T06:14:19.202Z | RESPONSE | POST | http://127.0.0.1:5000/api/dashboard/query | 200 | ok=true | duration_ms=339 | {
  "data": [
    {
      "nb_fournisseurs_30j": 0
    }
  ],
  "name": "kpi_nb_fournisseurs_30j",
  "success": true
}
2026-02-21T06:14:19.202Z | RESPONSE | POST | http://127.0.0.1:5000/api/dashboard/query | 200 | ok=true | duration_ms=339 | {
  "data": [
    {
      "jour": "Fri, 30 Jan 2026 00:00:00 GMT",
      "total_vente": "111.00"
    },
    {
      "jour": "Tue, 17 Feb 2026 00:00:00 GMT",
      "total_vente": "15.00"
    },
    {
      "jour": "Wed, 18 Feb 2026 00:00:00 GMT",
      "total_vente": "10.00"
    },
    {
      "jour": "Sat, 21 Feb 2026 00:00:00 GMT",
      "total_vente": "14.00"
    }
  ],
  "name": "chart_ventes_30j",
  "success": true
}
2026-02-21T06:14:19.202Z | RESPONSE | POST | http://127.0.0.1:5000/api/dashboard/query | 200 | ok=true | duration_ms=338 | {
  "data": [
    {
      "ca_mois": "611.25",
      "mois": "2026-01"
    },
    {
      "ca_mois": "39.00",
      "mois": "2026-02"
    }
  ],
  "name": "chart_ca_mensuel_ytd",
  "success": true
}
2026-02-21T06:14:19.202Z | RESPONSE | POST | http://127.0.0.1:5000/api/dashboard/query | 200 | ok=true | duration_ms=339 | {
  "data": [
    {
      "an_semaine": 202601,
      "ca_semaine": "694.18",
      "debut_semaine": "Tue, 30 Dec 2025 00:00:00 GMT"
    },
    {
      "an_semaine": 202602,
      "ca_semaine": "76.50",
      "debut_semaine": "Tue, 06 Jan 2026 00:00:00 GMT"
    },
    {
      "an_semaine": 202603,
      "ca_semaine": "33.00",
      "debut_semaine": "Fri, 16 Jan 2026 00:00:00 GMT"
    },
    {
      "an_semaine": 202605,
      "ca_semaine": "111.00",
      "debut_semaine": "Fri, 30 Jan 2026 00:00:00 GMT"
    },
    {
      "an_semaine": 202608,
      "ca_semaine": "39.00",
      "debut_semaine": "Tue, 17 Feb 2026 00:00:00 GMT"
    }
  ],
  "name": "chart_ca_par_semaine_12",
  "success": true
}
2026-02-21T06:14:19.202Z | RESPONSE | POST | http://127.0.0.1:5000/api/dashboard/query | 200 | ok=true | duration_ms=338 | {
  "data": [
    {
      "ca": "121.00",
      "category": "Douleur"
    },
    {
      "ca": "120.00",
      "category": "Cortico"
    },
    {
      "ca": "20.00",
      "category": "Antidote"
    },
    {
      "ca": "15.00",
      "category": "Anti Inflamatoire"
    },
    {
      "ca": "10.00",
      "category": "Antibio"
    }
  ],
  "name": "repartition_categorie_30j",
  "success": true
}
2026-02-21T06:14:19.202Z | RESPONSE | POST | http://127.0.0.1:5000/api/dashboard/query | 200 | ok=true | duration_ms=338 | {
  "data": [],
  "name": "chart_top_fournisseurs_30j",
  "success": true
}
2026-02-21T06:14:19.225Z | RESPONSE | POST | http://127.0.0.1:5000/api/dashboard/query | 200 | ok=true | duration_ms=338 | {
  "data": [],
  "name": "alertes_expiration_30j",
  "success": true
}
2026-02-21T06:14:19.227Z | RESPONSE | POST | http://127.0.0.1:5000/api/dashboard/query | 200 | ok=true | duration_ms=344 | {
  "data": [
    {
      "produit": "Sirop Toux",
      "seuil": 700,
      "total_stock": "129"
    },
    {
      "produit": "Amoxicilline 500mg",
      "seuil": 700,
      "total_stock": "315"
    }
  ],
  "name": "stock_bas",
  "success": true
}
2026-02-21T06:14:19.228Z | RESPONSE | POST | http://127.0.0.1:5000/api/dashboard/query | 200 | ok=true | duration_ms=343 | {
  "data": [
    {
      "ca": "172.44",
      "jour": "Tue, 30 Dec 2025 00:00:00 GMT",
      "sma7": "172.440000"
    },
    {
      "ca": "130.99",
      "jour": "Wed, 31 Dec 2025 00:00:00 GMT",
      "sma7": "151.715000"
    },
    {
      "ca": "67.00",
      "jour": "Fri, 02 Jan 2026 00:00:00 GMT",
      "sma7": "123.476667"
    },
    {
      "ca": "323.75",
      "jour": "Sun, 04 Jan 2026 00:00:00 GMT",
      "sma7": "173.545000"
    },
    {
      "ca": "76.50",
      "jour": "Tue, 06 Jan 2026 00:00:00 GMT",
      "sma7": "154.136000"
    },
    {
      "ca": "33.00",
      "jour": "Fri, 16 Jan 2026 00:00:00 GMT",
      "sma7": "133.946667"
    },
    {
      "ca": "111.00",
      "jour": "Fri, 30 Jan 2026 00:00:00 GMT",
      "sma7": "130.668571"
    },
    {
      "ca": "15.00",
      "jour": "Tue, 17 Feb 2026 00:00:00 GMT",
      "sma7": "108.177143"
    },
    {
      "ca": "10.00",
      "jour": "Wed, 18 Feb 2026 00:00:00 GMT",
      "sma7": "90.892857"
    },
    {
      "ca": "14.00",
      "jour": "Sat, 21 Feb 2026 00:00:00 GMT",
      "sma7": "83.321429"
    }
  ],
  "name": "forecast_sma7",
  "success": true
}
2026-02-21T06:14:19.228Z | RESPONSE | POST | http://127.0.0.1:5000/api/dashboard/query | 200 | ok=true | duration_ms=344 | {
  "data": [
    {
      "produit": "Tramadol 50mg",
      "total_stock": "348"
    },
    {
      "produit": "Amoxicilline 500mg",
      "total_stock": "315"
    },
    {
      "produit": "Vitamine C 1000mg",
      "total_stock": "266"
    },
    {
      "produit": "Paracetamol 500mg",
      "total_stock": "195"
    },
    {
      "produit": "Sirop Toux",
      "total_stock": "129"
    },
    {
      "produit": "Bleu de m??thyl??ne 2%",
      "total_stock": "128"
    },
    {
      "produit": "Ibuprof??ne 400mg",
      "total_stock": "120"
    },
    {
      "produit": "Dolaren plus 250mg",
      "total_stock": "30"
    },
    {
      "produit": "Dexam??thasone 4ml/ml",
      "total_stock": "26"
    },
    {
      "produit": "Albendazole 400mg",
      "total_stock": "13"
    },
    {
      "produit": "IBUCAP FORTE",
      "total_stock": "8"
    }
  ],
  "name": "resume_stock",
  "success": true
}
2026-02-21T06:14:19.228Z | RESPONSE | POST | http://127.0.0.1:5000/api/dashboard/query | 200 | ok=true | duration_ms=347 | {
  "data": [
    {
      "produit": "Dexam??thasone 4ml/ml",
      "total_vendu": "8"
    },
    {
      "produit": "Dolaren plus 250mg",
      "total_vendu": "2"
    },
    {
      "produit": "Amoxicilline 500mg",
      "total_vendu": "2"
    },
    {
      "produit": "Bleu de m??thyl??ne 2%",
      "total_vendu": "2"
    },
    {
      "produit": "IBUCAP FORTE",
      "total_vendu": "2"
    }
  ],
  "name": "top5_produits_30j",
  "success": true
}
2026-02-21T06:14:48.795Z | REQUEST  | POST | http://127.0.0.1:5000/api/dashboard/query
2026-02-21T06:14:48.796Z | REQUEST  | POST | http://127.0.0.1:5000/api/dashboard/query
2026-02-21T06:14:48.796Z | REQUEST  | POST | http://127.0.0.1:5000/api/dashboard/query
2026-02-21T06:14:48.797Z | REQUEST  | POST | http://127.0.0.1:5000/api/dashboard/query
2026-02-21T06:14:48.797Z | REQUEST  | POST | http://127.0.0.1:5000/api/dashboard/query
2026-02-21T06:14:48.798Z | REQUEST  | POST | http://127.0.0.1:5000/api/dashboard/query
2026-02-21T06:14:48.798Z | REQUEST  | POST | http://127.0.0.1:5000/api/dashboard/query
2026-02-21T06:14:48.799Z | REQUEST  | POST | http://127.0.0.1:5000/api/dashboard/query
2026-02-21T06:14:48.799Z | REQUEST  | POST | http://127.0.0.1:5000/api/dashboard/query
2026-02-21T06:14:48.800Z | REQUEST  | POST | http://127.0.0.1:5000/api/dashboard/query
2026-02-21T06:14:48.800Z | REQUEST  | POST | http://127.0.0.1:5000/api/dashboard/query
2026-02-21T06:14:48.801Z | REQUEST  | POST | http://127.0.0.1:5000/api/dashboard/query
2026-02-21T06:14:48.801Z | REQUEST  | POST | http://127.0.0.1:5000/api/dashboard/query
2026-02-21T06:14:48.802Z | REQUEST  | POST | http://127.0.0.1:5000/api/dashboard/query
2026-02-21T06:14:48.802Z | REQUEST  | POST | http://127.0.0.1:5000/api/dashboard/query
2026-02-21T06:14:48.803Z | REQUEST  | POST | http://127.0.0.1:5000/api/dashboard/query
2026-02-21T06:14:48.803Z | REQUEST  | POST | http://127.0.0.1:5000/api/dashboard/query
2026-02-21T06:14:48.804Z | REQUEST  | POST | http://127.0.0.1:5000/api/dashboard/query
2026-02-21T06:14:48.804Z | REQUEST  | POST | http://127.0.0.1:5000/api/dashboard/query
2026-02-21T06:14:49.151Z | RESPONSE | POST | http://127.0.0.1:5000/api/dashboard/query | 200 | ok=true | duration_ms=309 | {
  "data": [
    {
      "ca_jour": "14.00"
    }
  ],
  "name": "kpi_ca_jour",
  "success": true
}
2026-02-21T06:14:49.151Z | RESPONSE | POST | http://127.0.0.1:5000/api/dashboard/query | 200 | ok=true | duration_ms=308 | {
  "data": [
    {
      "nb_ventes_jour": 1
    }
  ],
  "name": "kpi_nb_ventes_jour",
  "success": true
}
2026-02-21T06:14:49.151Z | RESPONSE | POST | http://127.0.0.1:5000/api/dashboard/query | 200 | ok=true | duration_ms=308 | {
  "data": [
    {
      "nb_alertes_stock": 2
    }
  ],
  "name": "kpi_nb_alertes_stock",
  "success": true
}
2026-02-21T06:14:49.151Z | RESPONSE | POST | http://127.0.0.1:5000/api/dashboard/query | 200 | ok=true | duration_ms=307 | {
  "data": [
    {
      "nb_produits_actifs": 11
    }
  ],
  "name": "kpi_nb_produits_actifs",
  "success": true
}
2026-02-21T06:14:49.151Z | RESPONSE | POST | http://127.0.0.1:5000/api/dashboard/query | 200 | ok=true | duration_ms=307 | {
  "data": [
    {
      "valeur_stock": "9270.25"
    }
  ],
  "name": "kpi_valeur_stock",
  "success": true
}
2026-02-21T06:14:49.151Z | RESPONSE | POST | http://127.0.0.1:5000/api/dashboard/query | 200 | ok=true | duration_ms=307 | {
  "data": [
    {
      "ca_ytd": "650.25"
    }
  ],
  "name": "kpi_ca_ytd",
  "success": true
}
2026-02-21T06:14:49.151Z | RESPONSE | POST | http://127.0.0.1:5000/api/dashboard/query | 200 | ok=true | duration_ms=307 | {
  "data": [
    {
      "nb_produits_expires_en_stock": 8
    }
  ],
  "name": "kpi_nb_produits_expires_en_stock",
  "success": true
}
2026-02-21T06:14:49.152Z | RESPONSE | POST | http://127.0.0.1:5000/api/dashboard/query | 200 | ok=true | duration_ms=307 | {
  "data": [
    {
      "marge_brute_30j": "-765.00"
    }
  ],
  "name": "kpi_marge_brute_30j",
  "success": true
}
2026-02-21T06:14:49.152Z | RESPONSE | POST | http://127.0.0.1:5000/api/dashboard/query | 200 | ok=true | duration_ms=306 | {
  "data": [
    {
      "nb_fournisseurs_30j": 0
    }
  ],
  "name": "kpi_nb_fournisseurs_30j",
  "success": true
}
2026-02-21T06:14:49.152Z | RESPONSE | POST | http://127.0.0.1:5000/api/dashboard/query | 200 | ok=true | duration_ms=306 | {
  "data": [
    {
      "jour": "Fri, 30 Jan 2026 00:00:00 GMT",
      "total_vente": "111.00"
    },
    {
      "jour": "Tue, 17 Feb 2026 00:00:00 GMT",
      "total_vente": "15.00"
    },
    {
      "jour": "Wed, 18 Feb 2026 00:00:00 GMT",
      "total_vente": "10.00"
    },
    {
      "jour": "Sat, 21 Feb 2026 00:00:00 GMT",
      "total_vente": "14.00"
    }
  ],
  "name": "chart_ventes_30j",
  "success": true
}
2026-02-21T06:14:49.152Z | RESPONSE | POST | http://127.0.0.1:5000/api/dashboard/query | 200 | ok=true | duration_ms=306 | {
  "data": [
    {
      "ca_mois": "611.25",
      "mois": "2026-01"
    },
    {
      "ca_mois": "39.00",
      "mois": "2026-02"
    }
  ],
  "name": "chart_ca_mensuel_ytd",
  "success": true
}
2026-02-21T06:14:49.152Z | RESPONSE | POST | http://127.0.0.1:5000/api/dashboard/query | 200 | ok=true | duration_ms=306 | {
  "data": [
    {
      "an_semaine": 202601,
      "ca_semaine": "694.18",
      "debut_semaine": "Tue, 30 Dec 2025 00:00:00 GMT"
    },
    {
      "an_semaine": 202602,
      "ca_semaine": "76.50",
      "debut_semaine": "Tue, 06 Jan 2026 00:00:00 GMT"
    },
    {
      "an_semaine": 202603,
      "ca_semaine": "33.00",
      "debut_semaine": "Fri, 16 Jan 2026 00:00:00 GMT"
    },
    {
      "an_semaine": 202605,
      "ca_semaine": "111.00",
      "debut_semaine": "Fri, 30 Jan 2026 00:00:00 GMT"
    },
    {
      "an_semaine": 202608,
      "ca_semaine": "39.00",
      "debut_semaine": "Tue, 17 Feb 2026 00:00:00 GMT"
    }
  ],
  "name": "chart_ca_par_semaine_12",
  "success": true
}
2026-02-21T06:14:49.153Z | RESPONSE | POST | http://127.0.0.1:5000/api/dashboard/query | 200 | ok=true | duration_ms=305 | {
  "data": [
    {
      "ca": "121.00",
      "category": "Douleur"
    },
    {
      "ca": "120.00",
      "category": "Cortico"
    },
    {
      "ca": "20.00",
      "category": "Antidote"
    },
    {
      "ca": "15.00",
      "category": "Anti Inflamatoire"
    },
    {
      "ca": "10.00",
      "category": "Antibio"
    }
  ],
  "name": "repartition_categorie_30j",
  "success": true
}
2026-02-21T06:14:49.153Z | RESPONSE | POST | http://127.0.0.1:5000/api/dashboard/query | 200 | ok=true | duration_ms=306 | {
  "data": [
    {
      "produit": "Dexam??thasone 4ml/ml",
      "total_vendu": "8"
    },
    {
      "produit": "Dolaren plus 250mg",
      "total_vendu": "2"
    },
    {
      "produit": "Amoxicilline 500mg",
      "total_vendu": "2"
    },
    {
      "produit": "Bleu de m??thyl??ne 2%",
      "total_vendu": "2"
    },
    {
      "produit": "IBUCAP FORTE",
      "total_vendu": "2"
    }
  ],
  "name": "top5_produits_30j",
  "success": true
}
2026-02-21T06:14:49.154Z | RESPONSE | POST | http://127.0.0.1:5000/api/dashboard/query | 200 | ok=true | duration_ms=305 | {
  "data": [],
  "name": "chart_top_fournisseurs_30j",
  "success": true
}
2026-02-21T06:14:49.154Z | RESPONSE | POST | http://127.0.0.1:5000/api/dashboard/query | 200 | ok=true | duration_ms=305 | {
  "data": [],
  "name": "alertes_expiration_30j",
  "success": true
}
2026-02-21T06:14:49.154Z | RESPONSE | POST | http://127.0.0.1:5000/api/dashboard/query | 200 | ok=true | duration_ms=304 | {
  "data": [
    {
      "produit": "Tramadol 50mg",
      "total_stock": "348"
    },
    {
      "produit": "Amoxicilline 500mg",
      "total_stock": "315"
    },
    {
      "produit": "Vitamine C 1000mg",
      "total_stock": "266"
    },
    {
      "produit": "Paracetamol 500mg",
      "total_stock": "195"
    },
    {
      "produit": "Sirop Toux",
      "total_stock": "129"
    },
    {
      "produit": "Bleu de m??thyl??ne 2%",
      "total_stock": "128"
    },
    {
      "produit": "Ibuprof??ne 400mg",
      "total_stock": "120"
    },
    {
      "produit": "Dolaren plus 250mg",
      "total_stock": "30"
    },
    {
      "produit": "Dexam??thasone 4ml/ml",
      "total_stock": "26"
    },
    {
      "produit": "Albendazole 400mg",
      "total_stock": "13"
    },
    {
      "produit": "IBUCAP FORTE",
      "total_stock": "8"
    }
  ],
  "name": "resume_stock",
  "success": true
}
2026-02-21T06:14:49.154Z | RESPONSE | POST | http://127.0.0.1:5000/api/dashboard/query | 200 | ok=true | duration_ms=305 | {
  "data": [
    {
      "produit": "Sirop Toux",
      "seuil": 700,
      "total_stock": "129"
    },
    {
      "produit": "Amoxicilline 500mg",
      "seuil": 700,
      "total_stock": "315"
    }
  ],
  "name": "stock_bas",
  "success": true
}
2026-02-21T06:14:49.154Z | RESPONSE | POST | http://127.0.0.1:5000/api/dashboard/query | 200 | ok=true | duration_ms=305 | {
  "data": [
    {
      "ca": "172.44",
      "jour": "Tue, 30 Dec 2025 00:00:00 GMT",
      "sma7": "172.440000"
    },
    {
      "ca": "130.99",
      "jour": "Wed, 31 Dec 2025 00:00:00 GMT",
      "sma7": "151.715000"
    },
    {
      "ca": "67.00",
      "jour": "Fri, 02 Jan 2026 00:00:00 GMT",
      "sma7": "123.476667"
    },
    {
      "ca": "323.75",
      "jour": "Sun, 04 Jan 2026 00:00:00 GMT",
      "sma7": "173.545000"
    },
    {
      "ca": "76.50",
      "jour": "Tue, 06 Jan 2026 00:00:00 GMT",
      "sma7": "154.136000"
    },
    {
      "ca": "33.00",
      "jour": "Fri, 16 Jan 2026 00:00:00 GMT",
      "sma7": "133.946667"
    },
    {
      "ca": "111.00",
      "jour": "Fri, 30 Jan 2026 00:00:00 GMT",
      "sma7": "130.668571"
    },
    {
      "ca": "15.00",
      "jour": "Tue, 17 Feb 2026 00:00:00 GMT",
      "sma7": "108.177143"
    },
    {
      "ca": "10.00",
      "jour": "Wed, 18 Feb 2026 00:00:00 GMT",
      "sma7": "90.892857"
    },
    {
      "ca": "14.00",
      "jour": "Sat, 21 Feb 2026 00:00:00 GMT",
      "sma7": "83.321429"
    }
  ],
  "name": "forecast_sma7",
  "success": true
}
